-0.9111859830814237,-0.6967439515523517,-0.252375391974597,0.9340396960719672,0.1298160938487558,0.8205804118140521,-0.21511217744076583,-0.7832012990688935,-0.3085957608557972,0.5275591206140209,-0.27171595468039467,0.8468295018696386,-0.9089972301053666,0.3734839612863605,0.9566492921298564,0.007854107713788805,0.7194364568882099,-0.5073603071685495,0.7751785278265606,-0.23103540190223426,-0.04710799989572223,0.6880563584527295,-0.9387800722927766,-0.3222857158503927,0.9468427286328547,-0.587521647889665,-0.26484698140584717,-0.33123504700856543,0.7812249769611455,-0.009840300246846123,0.21621878061709054,-0.2922746561132641,-0.720451439335652,0.552228702431333,0.6954022244584681,-0.4708629909819708,-0.8306321397001069,-0.8610529290542319,0.19730980013032484,0.49332714408934386,-0.45793761263130084,0.6435463090282703,-0.46568634559831157,0.3150229548504915,0.9363733092596414,-0.11159209429289074,0.4857060243306748,-0.48019085305686726,0.6304695538381575,-0.5099432334581722,0.6587288487492102,-0.4095152434221494,0.6322234263724149,0.11194716496620671,0.31488188553597607,0.29752746182109013,-0.32155925202070135,-0.36649463440523955,0.6151550975266127,-0.6277848892955553,-0.5311947003855775,0.8500594558381858,-0.17618416453718777,0.6253617828062179
0.29054718936286306,0.7040908027143069,0.693328010269967,-0.29659166879224963,0.08018397402735755,-0.5154167155590541,-0.63417789437055,-0.33420572123390824,0.4343490966392456,0.2694187547146707,-0.32822884913710015,-0.24523428213264364,0.10089841452633208,0.03430840833686388,-0.7929552849137875,-0.8795738561009507,-0.7457976247003042,0.4855575707541757,0.2888525475941306,-0.6110367474612297,-0.9243597275290278,0.2621654133273461,-0.6141805817068036,-0.6449884515696831,-0.47365934915708907,-0.08894780334460761,0.3393088171721226,-0.9957817437904479,0.5728762210978946,-0.1719404785821319,-0.06369643173868611,0.9150485087982572,-0.9530593395183014,-0.46854973794795707,-0.03767785256884304,0.16674519650527775,0.34989044409436754,-0.5992407265570292,0.9858554943984619,-0.1540347176422341,-0.4701853164101908,0.6094489502814364,0.9069617000234926,-0.3555389084149061,0.5705708338930358,0.33016569278075925,0.05487156170163621,-0.5486859303670204,0.639069696537985,0.897000428609513,0.956891242765822,0.6967894259042131,0.6164270651791133,0.5329745151030698,0.8794343892835006,0.9242294884289988,0.6872039719801337,0.04883687453006669,0.23885851183199924,-0.05945896093616976,0.9887650095942355,0.03572927537809578,-0.9086620612468312,-0.06609176883104562
0.15397875447299691,-0.23033407333607148,0.31638088420936605,0.5627112727004402,0.9296173911420189,-0.4559161551007931,-0.2867899275240213,0.92236929013751,0.7782428823829737,-0.2828460713277492,-0.25864062080013706,0.6309275712319762,-0.6644074252325345,0.4064272726134863,-0.15219189977949266,0.48724397187982715,0.7701433840154213,-0.5243491676515304,0.7120196909427596,-0.21673711446647292,-0.2774360350600755,0.5065057296988449,0.21371858163277913,-0.9487613316703183,0.8130551871006289,-0.699577545458699,0.18026147089467992,0.14255142355489347,0.5650073425347524,0.8868650527098381,-0.4286423973519584,0.6666697653488747,0.299643895040542,-0.8552890755590834,0.02043937623105818,-0.03157191912430779,-0.16927966781043158,0.37016414922843843,0.706903996683081,-0.8235352860687353,0.35464102997717695,-0.9904927061331608,-0.8319969339908213,0.29469350344517853,0.5684624934488418,-0.73682176980713,0.004857943702867518,-0.573115294603519,0.6230687337439724,0.7869151437563917,0.6373129044306634,-0.43624077947980244,0.12614277566815368,-0.5335683126440194,-0.029224284787357835,0.579192835831317,-0.6627179469096274,0.055985954120463255,0.8890950783926972,-0.8919602219067622,0.03007204083305326,0.5472181015389097,0.39479440694931967,-0.5057136040255508
0.28551702318512295,-0.9057381133342661,-0.08209442190182692,-0.5387902103681437,-0.1949620728485919,0.25613108018134034,0.6924799272117013,-0.5487357842610086,-0.6910065651693436,0.6627816308384888,-0.7185675897170749,-0.37299283132518,-0.8106482270929691,0.451694672063252,-0.37850112318286966,-0.8432649374784407,0.45063139413737185,0.3210453304591212,0.060358997651954294,0.09157237325264012,-0.5450397012712702,0.9536954564650806,0.8677262008816498,0.5060139375269941,-0.19045485082342295,0.14258611411217692,0.5909077168248427,0.4784648431389271,-0.6793835225128984,0.6715264373648306,0.5420550685533221,0.8522647107566654,0.5499798915075504,-0.25249054434226603,0.04178713340354401,0.8391247223001315,-0.13158031990328367,-0.9295558866945447,0.37879547289530136,0.8593576429262118,0.14312525354818129,-0.10298354937028131,-0.44381745390748173,-0.04142863867244406,0.6846105889415643,-0.31429168193156576,0.22546359677472894,0.2691921506074013,0.7940107988067899,-0.9135448608298609,-0.7718041593619456,-0.579762603442314,0.7030715698365313,0.49301725922498707,-0.3420972199246952,0.8619217216149981,-0.22087100119398606,-0.22479728157812096,-0.226760348467701,0.2215343778118013,-0.10853042312482031,0.9563705591121099,-0.44609079750388525,0.3599866652712831
-0.16482292425825884,-0.9021882680413305,0.21506108224694875,-0.04362379557279028,0.30896028133840736,-0.5331550832293372,0.1433184600398434,-0.7950386771175062,-0.34409408227450267,0.7832628964771606,-0.9796380907818167,0.9159760619457933,0.9781431109496095,0.6539642845850009,-0.5266114094547079,-0.8700432699399314,0.9590369634733975,-0.8349754954371926,0.511550264392244,-0.06643201044326785,0.6161434751775616,0.5065436686551195,-0.4730254761928099,-0.7195125176488535,0.49166952918234164,0.7042406582976266,-0.13907209129895515,-0.5223239155846007,0.5718045402206864,0.7631469721205917,-0.49224634600638995,0.07576989900024267,-0.02305249120880548,-0.438420972916048,-0.11551443409227624,-0.6373704053857723,0.7520706447756267,0.3166936304990413,0.17172502858261707,0.1561826057829805,0.5737724409447671,0.5346387175163441,0.2277118416303474,-0.3203578179867579,0.6437675886374472,-0.26837121928881147,0.2355644280705005,-0.4702630052758321,-0.7024173939795182,-0.015248599383293593,-0.7283935118227796,0.6887658744442131,0.9220654488513269,0.36237989252907177,0.34115095709413623,0.7125761880858577,-0.5054157248998494,-0.42003599800638036,0.8575782083100845,-0.06788862282389307,-0.7217844550905415,0.2697404061149071,0.24606686293996538,0.42902773015870266
-0.49103482477605986,-0.31687390546980176,0.5802586885072776,0.5925728875314547,-0.03141053151102402,0.9580301133559312,-0.5098078170964877,-0.7454493796170787,0.19612720798818306,0.9341066313854582,-0.10153003932856541,-0.7152433071984621,0.8810811608227256,0.2275372635283739,-0.5839883603289848,0.9994928870221615,0.7620292812612599,0.4181949667782585,-0.998619040182303,0.5666807433524186,0.31479719616380364,-0.23449329983828626,0.7709129837422304,0.04522838215184288,-0.1965814198900242,-0.925691092683788,-0.5515696278104996,-0.05517902624030557,-0.027521491819999078,-0.5786790519276153,-0.7298292917813174,0.46520647167478146,-0.010467691418280634,0.1272736864745152,-0.014016220202309082,-0.5376712874044027,-0.08484386556916768,0.6800401369335201,0.040932522493497325,-0.5205698690903928,0.9312435532284369,0.655923549450453,0.011426572885255615,-0.7273033949273331,-0.2091889618766225,0.8154629275377463,-0.7917193280311119,0.9460009184803229,-0.03524873348240454,-0.7336235084069254,-0.9580929128377611,-0.7614582339554055,0.3777667700981657,-0.05054042400462855,-0.701927961320957,-0.8820009016453851,-0.15428927892045952,0.31783161129246507,-0.02518421409988525,-0.91385502294253,-0.6526895644678081,0.17640012787556647,-0.2922193295947022,-0.7419647006509584
-0.790818075755372,0.8166033807668551,0.6768070794086238,-0.7185451579189868,0.7981424766020409,-0.9421238916646331,-0.5401153328868467,0.43867496214828505,-0.5198607429486082,0.737779590838533,-0.5189261648411065,-0.33104814671030125,0.46240212861248187,0.19139278174060337,-0.2158179160637601,0.9549544378516333,-0.8541805916664553,-0.9406785061064336,-0.7190131994522593,-0.05794385703601734,-0.13155588310047595,-0.885801992180091,0.8545557653137754,0.9298958573278742,0.3139151752946221,0.07984660780498465,-0.5565763585785806,0.82406319860743,0.27469101194438883,-0.5475133595709698,-0.5949801404699193,-0.3058403779333305,-0.19664625991548235,0.5397449813114574,0.623612770687247,0.10283357245690317,0.6239821435455886,0.6986492755329055,-0.5678333002372711,0.906948445617904,-0.11337974427172792,0.7009339892113353,-0.8061707910654814,-0.9173898142498293,0.7688921131614799,-0.42993281595459387,0.957820048011504,-0.6417324123490602,0.23816740518451907,-0.012978917577940008,0.4738804452825849,-0.6528667969074182,0.21667645396755209,0.9481526760085968,0.2228625489156597,-0.8436794703056163,-0.7694567044038454,-0.16140356395967115,-0.8524951834697903,-0.5756261084427159,0.754168130888514,-0.7794333510219145,-0.10794248785694793,-0.04411491351960262
0.9773902700072035,-0.16444019217414407,-0.9369091115989572,-0.7392984804646578,0.9722295849778904,0.8543873990098583,-0.5127418662161993,0.46080965193876655,-0.3543549253915408,-0.7885252170790289,-0.12252337393190182,0.4981688894036891,0.805451537381602,0.10850079226903397,-0.35714288239006553,0.9764982476821777,-0.4830473824592221,-0.838498608216792,-0.2780817171019734,0.10840568269976347,-0.8514307556556375,-0.24863757071523485,-0.6214730123096415,0.4848466636744482,-0.4471415629564619,0.5428257085154327,-0.127341842168748,0.03600773964766257,0.9590189082828018,-0.7425404067163084,-0.039222974931970356,0.6169596644793189,-0.7426225114919791,0.9911297812721893,-0.06544658878413645,-0.7111283189252591,0.4930614952307588,-0.4087518345153147,-0.9011608075181643,0.8879007960271053,-0.03215601633534093,-0.3893795410680245,0.6377967260396715,-0.7082584116772515,0.8425844099728526,-0.999497718681688,0.3661189374640428,0.5175219570435767,0.33137140864686687,0.21076296012345486,-0.2030780373473613,0.030202869119673403,-0.993953773025597,0.036922447685493465,-0.07522050853907647,-0.4224271936766366,-0.5736072134652461,-0.10324955320826379,-0.19064768124433118,-0.007037235482014514,-0.1784694330962291,0.7070606830057875,-0.31236466688340103,0.29703851331476705
-0.39381628960357573,0.47215725200705494,-0.4845460765027678,0.49020455044244793,0.40377205908300384,-0.8898079580964712,-0.7422495648432952,0.08596229984456083,0.3778602013643213,-0.2863328196435939,0.6473150094005489,-0.1346739209213279,0.9625456755147754,0.26764341478615994,0.18456760165423391,-0.7477699180603632,-0.14518007073535366,0.9434368940012787,0.24183016368728794,-0.35992037533651366,-0.8501489754777587,0.4695690114442217,-0.15250155505528173,-0.43628125803403983,-0.5295069237776484,-0.31634786285752403,0.6905009816544656,-0.04933378595719495,0.06431615226656917,0.608312079647378,0.6869156064060382,0.32242071691788965,-0.12421927219846562,-0.379330762135319,0.7034192285150911,-0.5366929406102794,-0.23615408022949747,0.982492899807853,-0.9540218661719313,0.11207026987624435,0.9824341858169217,-0.17006536469575462,-0.5477158394948058,0.13689827545111033,0.02666704723306923,-0.556265217916587,0.8816699249547932,-0.4949074309948589,0.34155818257074366,0.3347522581717133,-0.5081387866008209,-0.33683174212073697,0.2811325839619807,-0.361107176994266,-0.7375792395387959,0.8867414609748332,-0.7019965453515755,0.8892955719343039,-0.43193886411412774,0.9893007475294324,0.6419792792336272,0.6256791074247074,0.7413037657995774,-0.0770526516180714
-0.1505170045698605,-0.7465890829594113,0.5449706692435559,-0.791336533719418,-0.6403344370063981,-0.8848842272752411,-0.8993730246685672,-0.7212721559740696,-0.8170210889673568,0.6581849741117265,0.4766590173715859,0.17837274998984332,0.5134007931790818,0.9182266805718038,-0.47509352817311234,-0.7930146099508675,0.39256683078133325,-0.8622456701938912,0.2912558441255104,-0.98244462241035,-0.83770133797273,0.5743459336280816,-0.6149787819450602,0.9602685723890709,0.7396781520494953,-0.31097582053668127,-0.5415811391494834,0.8490825387236121,0.07395037409855587,-0.03456230048458675,0.7483232272597173,0.6644977372465983,-0.4908206653545357,-0.9510655157380965,0.5360195445289264,-0.10699720821003189,0.7214423703332362,0.897942679293622,0.6820746449619572,-0.4820148638567239,-0.6032388172295957,0.6290114459389899,-0.05810262468618932,-0.28607607368261956,0.9328860040256675,0.9986383720342342,0.7411063086460721,-0.7471250246150722,0.3308619823994807,-0.33429639906876996,-0.08261659822666645,0.854244152306193,-0.6249530403362444,-0.8354320971970401,0.6348806092613519,0.1431300221598666,0.6494808746526726,0.317878265215811,-0.47491008699575454,-0.4763848311160348,-0.851394350521202,-0.4175366089823953,-0.18353191894565857,0.2254350588965588
-0.4966920130010075,-0.7601300140339515,-0.4482688744176859,0.5063963917273673,-0.06843018200256834,0.12338149005712529,0.3511923946813835,0.41363010584666515,0.16364528851527949,-0.4963397529515312,0.3816704137762663,-0.8333041327453132,0.9448305532091905,0.3393977144336806,-0.9620146782602987,0.5515283178218875,0.387942363970013,0.5527645975081421,0.7572107586097174,0.05725160937788254,0.7917201253708777,-0.8124071657656531,-0.015159813733236494,0.9638306771190719,0.45463971043900675,-0.10850759113086839,0.10167272597161658,-0.7617236820721096,-0.8693724864704311,-0.9321626036599424,-0.06226703251842558,-0.8281756189834366,0.8003649656018728,-0.8577933490835723,-0.9524125807399646,0.8960422189795119,-0.616812371880882,-0.8654616365305012,0.6499694873872388,-0.7841961457847051,-0.21894613337386848,0.3442990663462786,-0.7235604835650753,-0.6954631230375743,-0.2384609652507741,-0.6086598603271904,0.30240620313800215,0.49506348007013967,-0.026101863059651675,0.8523047284308332,-0.6787733906661797,0.14871455052583893,0.8036854327938228,0.3914965464160165,-0.5186154626982222,0.09465057428659018,0.9328676002278318,-0.3503600219257925,0.8232416582642856,0.11089924877123347,0.9422111460032949,0.28209824791532423,0.34434405570466087,-0.5270352260942042
0.8945855556205464,0.7503858672927013,-0.28230810775839066,0.515077821389855,0.9693133155483737,-0.6811749811199534,-0.9128782631867203,0.49133510856156737,-0.007118530735613637,0.9057667077985134,-0.5040920869654244,-0.5665919149454388,-0.3503076409292396,0.9241996534681018,0.6085423624777477,-0.6883135083348089,0.4539759138266666,-0.35082921457931526,-0.2550355954023431,0.5518995404710407,0.13734372642023107,-0.1822526972820544,0.2509231078942631,0.819014674315941,-0.2047093981629733,0.7985430652281824,-0.400225425231715,-0.8466335292755276,0.17723824514418807,-0.8237598576686582,0.6266152789925266,0.4228117986715325,0.06096906435293792,0.3616423072846058,-0.4411444891904981,-0.8360670809276176,-0.004731052025557458,0.629751272043261,0.4947767561916263,-0.057366988847615596,0.7496923449598041,-0.8809665052156042,-0.5265137633756658,0.5249488581798532,0.7767728439882113,0.595441386125219,-0.8228913159095212,-0.716766565694797,0.4705018846721387,-0.5966937485322914,-0.9478773236923126,-0.15508448547686315,-0.5182877024439918,-0.8974599094313733,0.9765101949721411,-0.7326411830446959,-0.7479223627894007,0.10048462050746654,-0.5713575730801108,0.0934975300677583,-0.3582022016619757,0.23505042568047152,-0.2787479824169217,0.5614960028906457
0.0028184271405069516,-0.4436137345160236,-0.426573328754444,0.7562888309270357,0.35610064075803805,-0.12860293398763645,-0.0817372949609485,-0.9458357701332654,-0.3616302445058801,-0.002480434029922929,0.15897235827928724,-0.1066728352893469,0.2348859024557035,0.42605172847282513,-0.6608080614387257,0.12497775222405205,-0.5809081173873354,-0.2590943331480857,-0.5241772164844398,0.7825192276242199,-0.6822189120535069,0.0746040556825871,0.8431171148266388,0.8125955658099118,0.29710003054904055,-0.8361545525382212,0.25054985106005945,0.43861494432198134,0.7271226601688545,0.19483120130013276,-0.5728199307566533,0.313781850857221,0.2190493943456222,0.6638181632233671,0.14753461608213314,-0.5377103213835555,0.017814829494451345,0.8261049786391959,0.006446925524620228,-0.8900133893453424,0.4960052767170642,-0.1789132139719598,0.9139984246350374,1.0013925217024835,0.015917534281561396,-0.7211224453772762,0.11219577837788952,0.3760990178941377,-0.07687645331623072,-0.12004455745615505,0.9934630383735117,-0.07236575964347303,-0.9993236611018583,0.4194122299922869,-0.8378487165442969,-0.8509972616377115,0.9613549429912571,-0.22935221290457752,0.7761137590849152,-0.029908941209069617,-0.005460913658491329,0.2941890936415321,0.6930086642624729,0.9238350233387254
-0.5250936443004324,-0.10501129878416915,-0.6100643237548864,-0.04902872863524865,0.22200710609658425,-0.35827734723729177,0.22525782494271374,0.746698153871685,0.25444636856782377,-0.5594699975255337,-0.7251310742350696,0.29460687847341394,-0.9265290330645246,-0.6348757620645178,-0.5525259333139019,0.39297489996557067,-0.24099529438181744,0.8167487277642842,-0.13077890030221617,-0.7959655920548889,-0.5230674555921744,0.4854585597144052,0.12812114976011713,0.8499984632298994,-0.6852176982270024,-0.09362304403514354,0.7048999856802542,0.45864857877601195,0.055221217837762904,0.049415123523996574,-0.7026752769021831,-0.7141447014071713,-0.06393011161539208,-0.19476241243077919,0.0832386911357379,-0.2509175510634205,0.1892148618881384,-0.7876538155700734,0.6695974263191948,0.33261615987486204,0.5718697338369882,-0.8699563106393207,-0.9622723122141017,-0.6354256967477951,0.406086711794059,0.7556891137593635,-0.1362137121254361,-0.5162418926884211,0.3940409828795086,-0.6181645388216781,-0.16339252762673806,-0.9132544781501777,0.7421552957396862,0.751438265773545,0.9215199269229142,-0.5765879733750707,0.6173059758168666,-0.20035886537291492,-0.20293135621103842,0.0014379496488752253,0.29069628000780234,-0.4821040912161947,0.9208572424435602,-0.3687681900425981
0.42458843776798116,0.12420177309844083,0.6958308946235403,0.6699608947556004,-0.46984694695285856,0.04683349475657095,0.2747618319805887,-0.058275326447381426,-0.4187126844983762,-0.8067411849082753,-0.9171493650499511,0.06670042468450443,0.4184146727884772,0.2916112609585493,-0.26530294568811574,0.7501374907412235,0.7674227020196263,0.9257004380568918,0.6782240888166045,-0.02229790558969058,-0.839777106990883,0.46937900467293625,0.03855083588036945,0.6977969483519157,0.4101349372692842,0.7832324877653112,-0.8116495254683045,0.32305450284384696,-0.6860254673757842,-0.6024545167918816,-0.47920124848063006,0.40181563551822097,0.6416351377482443,0.8318757909866665,0.9382664648612336,-0.6070626996785682,-0.966025950476413,-0.5222445879174755,0.9987802726502735,-0.5277973704315531,-0.07774836847108157,-0.1363931476050464,0.5291467880266749,0.6086302799414125,-0.5556639832642485,0.9876856315319569,-0.17553683262119768,-0.3709431372158103,-0.30731119050049194,-0.10447001228586061,-0.48543905648062124,0.42404837499597714,-0.17786081828062072,0.23053699163340124,0.01557291371181635,0.4764966751009534,-0.7378295650469922,-0.5312819673377536,0.37682934500562504,-0.4722513453861117,0.4569306820170318,0.685082985774921,0.6127241093102347,-0.08536325473423245
-0.5664254308493826,0.9406021515875282,0.3007492316627902,-0.373370317457691,-0.2735950756846992,0.6655391343389343,0.16033223683980702,0.9959316306941599,0.656536497366015,-0.6583675185979305,0.28790284535528765,-0.4621227935742682,-0.027707010720538383,-0.6210326843677305,-0.725194917826607,0.38089932058501663,-0.692978440856828,0.6278792041369239,-0.7128322264965483,-0.8149590523088948,-0.6588910243226154,0.5801857082809081,0.22207030163609187,0.3620844744773166,-0.4861632099463742,-0.17696819159061405,-0.764504830862341,-0.8916869726858045,0.9428338384154249,0.5324500523156361,0.6214200425056888,-0.47922666032347716,-0.4624725364001723,0.017898446325212536,0.09827070677046357,0.00994375590807528,-0.7497981660869573,-0.6386175319272596,0.5190243699729833,-0.2116804271045396,-0.5136022130859652,-0.3918150971935843,0.0953273920089357,0.7091175840407082,0.5484444653025446,-0.12772566684989517,-0.8772927800393318,-0.36708508256413896,0.2528327749946997,-0.9318602519730348,-0.23842741753046348,-0.2897599256094068,0.438818004335088,0.7532961504394251,-0.6647234903186265,0.44191005879074785,0.22826293624899607,0.16056768982471126,-0.3925054262376313,0.4935413300990328,-0.8093303921797745,0.7087745899378297,0.5119686530357035,-0.55978305606397
0.7853879133546338,0.8463315030215344,0.778406274052059,0.6226965720842232,-0.5518429681429542,-0.39469881667414897,-0.5246625263721016,-0.6662803384837204,0.8866923854122399,-0.034582499461306426,0.40237338984178916,-0.7819789945749676,0.778741020272071,-0.2314536616558387,-0.08758473810721101,0.3987981704735728,0.26979504185618985,-0.21758342104814576,-0.022585469085245613,0.41318425009668713,-0.002724937285824236,0.04531581648874461,-0.28188150935584866,0.7113373961204104,-0.30666499077206155,-0.2321478163128956,0.5130779511603847,-0.4871927191219787,-0.30895985448067287,-0.37963085333621294,0.5364649308998206,0.8749767099130761,0.8777626913897627,0.9501996944938951,-0.20686363598903745,-0.4897374585488523,0.7080230994093322,-0.9241164568968028,-0.6846902995426105,0.8968594364439608,0.2472851827905218,-0.6477500902176305,-0.972235687091203,0.34154229073915876,0.7020915295199146,-0.2514548168211397,0.877609123169109,0.5476794256327178,-0.9288156348691787,0.560985796566337,0.33253456220079336,-0.7087394408108436,-0.21834738133042686,-0.4225640193624278,0.7588496419121307,0.5783067800039656,0.9192089841615965,0.9791773065456892,0.8675592357522981,0.6675205925931584,-0.9452151222109577,0.3383209920299515,0.657041909280673,0.7275596495104495
0.9016360775882319,0.7396390095585952,0.7342337561932026,0.006828650600670949,0.6036235906096263,-0.8095235850564608,0.2741764542354055,0.11363445315102894,-0.9814625098328198,0.5862405445220868,-0.6660402411536857,-0.8278067843443337,0.16016534123663884,-0.8573915781715193,-0.2114094679869687,0.6317584948084285,-0.7389939138797295,-0.30357162968795404,0.9532140364406763,-0.1368324729193784,-0.16875274356349435,-0.6065457715509268,-0.16910827166787312,0.298993750099638,0.2740851008727463,-0.8429513307721277,0.9923224642629063,-0.23600185244273497,0.7244937847408173,-0.5662773052057244,-0.8876723588751361,0.9786925116235798,-0.3685811628602875,0.7882570030928053,-0.36099234752458864,-0.9293966848307265,0.036156296426141044,-0.6981341530494634,0.712292383665188,-0.04306856039847062,-0.6944038279946079,-0.7770022950099016,-0.18211011383043219,0.7279332314810838,0.003551835022543637,-0.4530544764847193,0.798384758074276,0.07233427659682623,-0.9948274549412224,-0.7198769256156787,-0.42172116876709387,0.6912508052233453,-0.7735658492677657,-0.6457886865197711,-0.7581473549581157,-0.3880369021455963,-0.8101423032673054,-0.5907882322553344,0.935210900319684,-0.8735904749607852,0.8802749156303149,0.34536163395116426,-0.3278823974698859,-0.9526423774362927
-0.9182944638774769,-0.5547633693920526,-0.2589905791879872,-0.2937654374635945,-0.8954784707863208,0.8961205600143984,0.40617083789898567,0.0402862062577376,0.4328527527308623,-0.03167936185800202,-0.8527118766765194,0.4093328019046709,-0.5270858430772523,0.7681152573122356,0.24495047900556255,0.6385445898468818,0.5794424239440834,0.6853334330848293,-0.6793544328303205,-0.2549008443800964,0.2576599972045792,0.39770294499022674,-0.8912156971354845,0.6368469376934567,0.6162344431426399,0.19470726027692953,0.3985618214705189,-0.8155383344080331,0.5510811056721774,-0.3773110982689116,-0.094729431431815,0.7662011879300394,0.363178391152843,0.9569227892445873,0.37325729944373776,0.6686207711595047,0.6220637581360824,0.7607803332895333,-0.409123359029854,-0.9519103629372909,-0.6203908810132579,0.5679122619008676,0.24428714262670836,-0.8533902974981469,0.3143868800116594,0.23704983679161162,-0.0030351493130285068,-0.6744247016083798,-0.390859278274039,-0.7736975156024124,0.05979403081624968,-0.2568626380131098,-0.6286542502782504,-0.38323324929663927,0.33604111962648986,-0.7143659239305349,-0.7811100238972373,0.16223419519082838,-0.6466349319034781,-0.659258822575395,-0.679521630238122,-0.6984931293417422,0.4212033851458834,0.5823386345401913
0.4353804843087328,0.9577392719626139,-0.1121247968794361,-0.25141157161318173,-0.3741151051742915,0.05951602286150548,0.5032775845791302,0.22271453140617337,0.2867534333968893,-0.9618220743957864,-0.35434498816731663,0.11486318156021325,-0.8279353381050911,0.4197267427760025,-0.8871632500122555,0.8066246523502019,-0.0009450392690015796,0.6914383325872542,-0.7602208778290593,0.7022004423048203,-0.197514624239441,0.8197749634242151,0.4554316154085065,-0.5709753621052107,0.8534942815964353,0.35035429209625946,0.4725954868824187,-0.5661751054866841,-0.5274535236590212,0.8158298909672506,-0.5134866836703866,0.40179260942313944,-0.5449314834039043,0.03650781850903795,0.18442873240551183,0.6256791677685838,0.23352843524056666,-0.5613975745443567,-0.671511762616706,0.3292525159470929,-0.8346256607913476,-0.030022923881263264,0.0703880028860342,0.5898043428444644,-0.21271875753094127,-0.7145024614684241,-0.9162081014486367,-0.936778869738478,-0.855908082591087,0.7671701081705067,0.587307619624877,-0.5445305231890429,-0.5703355742075513,-0.012162956045738138,0.06331375503862491,-0.6047287502269956,-0.40943775364896995,0.1510488167996762,-0.13325602681340665,0.7297799788680712,0.945538513612205,0.4826363995207994,-0.8766508094340097,0.8969740209008152
-0.9318113357293811,-0.11627976082340008,0.5909227822516248,-0.8664056560447244,0.9382805709692972,0.7256740940689494,-0.5222810552267763,-0.9671552230614897,0.44120685473617294,-0.489456630378176,-0.14759522515364076,-0.650655262742019,0.9993919268707938,0.5428895314099198,-0.6533334012134564,-0.3698984568738075,-0.7351409164121772,-0.15426672681942377,0.2226151823203566,-0.11000374915939948,-0.4198584718412177,-0.5840940666633911,0.9628330441188988,0.2249144235363778,-0.45500678283939466,0.5293600203932469,-0.7013310493210885,0.9269908060459493,-0.8294295846381206,0.357466494753498,-0.4355291712341245,-0.6418742998732703,-0.8999714645195596,0.42784917858220006,-0.45135290588111676,0.5596086688888138,-0.2052076044635136,0.8629706575797635,-0.7773899424164663,-0.26994614983207144,0.3022177016252192,-0.19994148460820416,-0.3484477921724871,-0.4649822970221338,0.9104580887139133,0.9903671647811412,-0.7943555282211872,-0.12567918632181607,-0.11220030664545289,0.605089308064475,0.3360290823554066,-0.09847451166970567,-0.03948408407545334,-0.37454544932572786,0.030654275409253806,0.975773512229607,-0.0798792511455757,0.3093165038686674,-0.6751357127241773,0.8582870353814631,-0.41199186227546747,-0.36171926036105995,-0.38372334003900366,-0.0909907376522201
-0.47931289212943007,-0.20406160507503412,-0.6033092439367347,0.17154180637166294,0.06970954360177872,0.7781233866239619,-0.24115669108999227,0.252418099190878,0.5336957905517619,0.03994822396323805,-0.3380342766668405,0.18702738923479267,-0.5814853276263252,-0.34005708228387244,-0.3598830115791145,-0.8353487981504315,0.9296870622096842,0.10677022557679505,-0.1017682668506783,-0.38288702123283347,-0.047598273599808394,-0.06425656889827369,0.0591872825724693,0.5297897945830221,-0.9907845462832696,-0.25550659433766465,-0.9802703575154552,-0.9105308704243422,0.15196599492309137,-0.9631522732668809,-0.833844413058392,0.3929217328393353,-0.557317244292012,0.07273481848762064,-0.48982854055154923,-0.5916535793393529,-0.03670143936772052,0.17392466007829666,-0.8587250260817509,0.888911964550656,0.7568972887241874,-0.14730176619372193,0.07425351251835388,-0.09522003543978186,0.1492324175578501,0.42175492941160586,-0.2116904470999672,0.013238562007092725,-0.17708955628092649,0.9930748176936499,0.22111988723773335,-0.07643895561318614,0.343413651819356,0.7117100101274163,0.1029937297891732,-0.9922301435497283,-0.21544524402938392,0.33424670600017947,0.8707453564218635,-0.6696575381646632,0.03865552064033961,0.16853667580678144,0.769256164738467,0.04106711682561648
0.1487282648683399,-0.760007555407767,-0.7018506284708217,0.7372450217491675,0.22739403718401285,-0.9963303395390053,-0.09242392505409214,-0.1541309277490741,0.559710301899377,0.35753092240043793,0.4476845215643013,0.0613872486332796,0.4140794589271841,-0.9293814937288531,0.8162951600911557,0.13244827837743234,-0.5531775955491758,0.9370424857437873,0.6969202553993883,-0.19304261396431066,-0.19631313848571263,0.9004779898571904,-0.7412643526699563,-0.7972141752047923,0.09381531384243025,-0.27294782907460413,-0.6039407311252747,-0.5808135767098639,-0.223829709632678,-0.20221798428628102,-0.41080813853322873,-0.4456172521268573,-0.9825288289468068,0.24811554312428363,-0.9666752532657819,-0.1395937818196631,0.1858871790331158,-0.56504216993149,-0.888811193951013,-0.5421529907074347,0.20303907839225288,-0.6160453277676428,0.7718349698007105,0.039638918176868154,0.7932805151391518,0.980234996090324,-0.30723954165644485,0.6135626264134493,0.22275874513405958,-0.07505603668380356,0.8346872731129888,-0.7909844970659536,0.4268533265123471,-0.35007538206895616,-0.6052082520157855,0.18718024614698958,-0.42136919044231314,0.47089125570247514,-0.6940546149576174,-0.7571879034394104,0.9496664466034157,-0.2646697932276567,0.378946354480169,-0.46516770879708846
0.21079387595290933,-0.16682770340963504,-0.5245905115380223,0.007011201234066622,-0.006660811384507692,0.41400037015287783,0.6360571878029742,-0.7405230903094286,0.309806850552825,-0.9662743380302883,-0.4739843813901461,-0.964051967482648,-0.6598850573008928,-0.7537791736849109,0.31795844626001823,-0.18476940544932785,0.045607680734196965,-0.7516652442723148,-0.5537872278142884,0.7886889839787996,0.575490100273061,-0.3232264418171362,0.8112775563410481,0.9923109919487971,0.0203675464345896,0.34141220846797204,0.5602738827382847,-0.7141342261140016,-0.48053625109908804,-0.27238887488713015,-0.2678478842651606,0.4503100830459892,0.7565912028615442,0.4113692691034887,-0.5085777968365379,0.7259731739419666,0.2544052135679036,0.16977153030952707,0.9972642461084569,-0.2525039635847268,-0.29201258956111076,0.47011392688860454,0.8012789733448944,-0.5403989604663886,0.3954372123030263,-0.2532386805102753,-0.6206889748400428,-0.036118764256675595,-0.06008822946728376,0.7959831794971552,0.17548858417925972,-0.20434704795175795,0.48411728479509564,0.4148063017127568,-0.994545549469992,-0.6445273056508296,0.6231623065059155,0.6296565689129665,-0.06172703661106027,0.6939051743730029,0.35768280294455157,0.5895777036909495,-0.14734202953112896,0.7735662234751792
-0.8383025553408299,-0.7638283215140471,0.7202473105807012,0.35690603407953736,0.6040810248246555,-0.7042387954735494,-0.12902366299399182,0.9678406807203193,-0.8823635411649344,0.4178752299624118,-0.3062018195816205,-0.7238110371512307,-0.9363351317078827,-0.17862152895438888,-0.680461096083874,0.3155668646484202,0.7741514785656181,0.7370916756934691,0.4050486357314975,0.7755342389498898,-0.7523357990191093,-0.46801127024292133,0.36471834985250706,-0.7749113156602978,-0.8926019659236817,-0.05175503631580969,0.7377233712703921,-0.6111273740427201,0.7288421508381064,-0.8792190678618346,0.698856045522275,-0.11746651264715813,-0.8414135628613659,-0.44497787771281105,0.3329264354689079,-0.9001738685414031,0.8962243815486093,0.8877050559893953,-0.9207381491373037,0.5978073280506866,-0.8115627083923733,-0.48935079039700047,0.7698639183183957,0.973601789499192,-0.8745694378422035,0.9040271143047502,0.7758483320417842,0.7818334703394447,0.7060718945380773,-0.16437725332600195,-0.8131320753558253,-0.6432402291069861,-0.8505683260875694,-0.1799165521303543,-0.1888752604046524,-0.058516571112056104,0.43739696654607196,-0.4702057493052838,-0.9820821781167468,0.3735505895320137,-0.8191589003591959,-0.37386866849001654,0.01338154961722382,-0.2194916658866477
-0.491348049086328,-0.8571303845755336,0.6411247057155258,0.34167800394785464,-0.601598174290122,-0.4229582115085091,-0.6281552541953184,0.14698292913253708,0.5680039982343594,-0.6601644336487626,0.1697647594359879,0.34675011037668013,0.9910021821410249,0.23740998708179317,-0.061901158759837926,0.9908493418962927,0.868011468402162,-0.27607974981123573,0.4502233634480801,0.0570817737259659,0.402256028135346,0.2975213291363401,0.4157672334029212,-0.8037257849349628,0.7959846824000798,-0.03438519905327775,0.058521364595010006,-0.23782551310628364,-0.9952020857933077,-0.043249186089350244,-0.1271768253598482,-0.3067113867265481,0.35598090278875527,0.8233099636794101,0.5199322875200194,-0.49182942325856827,-0.7326703343772649,-0.8527621690155958,0.44566338399429317,-0.2589576159868767,-0.2810680000518573,0.8215077781813129,-0.15120511251154922,0.035888753573870336,0.22679958906238773,-0.3001366820323199,0.9068191412295947,0.49117500482859855,0.9867628652139417,0.08161920859332539,0.19141579383129548,0.18801781326102374,-0.43675395728522703,0.837581888947375,0.8931532390121908,0.22136400336663864,0.4112903657870488,0.40275662930464873,-0.134091577202043,-0.6575116672782495,-0.48563113042751405,0.6885241528694743,-0.5401042602124038,-0.5994480802879127
-0.04941611524973366,0.062265352251929196,-0.9248959060269264,0.6394341268532819,0.5296261364076607,-0.49600995038748086,0.6861382906111397,-0.38540519368161363,0.31116678779003326,0.2745169604777753,-0.9417312172248429,0.11663807642518509,-0.7201715808178355,0.47570652168189675,0.555521874748752,-0.8349162364074929,-0.019971756873592206,0.3262396573826911,-0.8939476592975399,-0.7642822579893425,0.4459734156633588,0.6923815335366745,-0.24675815921472033,-0.3323710867132317,-0.15121434552455337,0.44033473872391116,0.703497532236238,-0.7412659095070131,0.17645904530386325,0.2561611582772647,-0.6172788834389749,0.692302825580333,0.5546407412300347,-0.9691061789362363,-0.6924889755463277,0.2723994817199942,0.019984488041814075,0.07751398857001246,-0.15985880964256483,-0.7212522926268539,-0.3201284757926759,-0.18326496898084454,-0.8036207597738316,-0.8435925189407929,-0.8462085220412918,-0.9113216472730068,-0.028777190745921777,-0.028617122242629023,0.7135129549215808,-0.3698287880411979,-0.5909766188995427,0.2681877325999893,-0.004125201617534602,-0.19523491092086975,-0.02680743296893562,0.5547957909012391,-0.6841275535698355,0.20067390550933428,-0.7225158432803351,0.8868483370215681,0.8704958823548528,-0.048485086150278134,0.5397330907910236,0.6475973433685107
-0.1894964510822259,-0.9936820308686236,-0.5668831930618432,-0.4974516244694054,-0.4851243425152989,-0.3255785566630809,0.5231802733509783,-0.995827109558419,-0.4641153741286057,-0.5143778657685234,-0.3008972943225199,-0.5699555278489505,0.9563288865333925,0.3076018116203978,-0.31005967327352124,-0.901641228929229,-0.5393742175198986,-0.22243096589957578,-0.20535593270425245,0.6174643168974836,-0.3422490311773727,0.7893901249409263,0.080229332824445,-0.4004752690379836,-0.31553375441120046,0.39422884737432495,-0.9898502272561032,-0.9380862279945739,-0.42553215788994825,0.9967372219658415,0.4496399938808817,-0.5066666114862199,0.8406770960531684,0.13335991687168036,-0.4713754234539551,-0.7758179327317676,-0.2005457986037038,0.5890421293449446,-0.20871917049507882,0.7455621143712567,-0.8069699876518321,-0.9117222355782943,0.948779893781899,-0.44916890912717156,-0.10712054211346222,0.06094857297809031,0.4522008586591846,0.5770085668866916,0.6772496413542639,-0.3076525022236418,0.689452077543403,-0.9500981433782238,0.45073263809537667,0.5038741183988806,-0.6820339593283793,0.7497293376725371,-0.1786732145710639,-0.21906126300305329,-0.9901781670666205,-0.8310307238337882,-0.9356329043654883,0.435777228290966,-0.0073926656988607675,0.6711306931618584
0.4065264473857162,-0.5899331021655083,0.1841578520534719,-0.6736192737179914,-0.08159506846391196,0.0033985134847469567,-0.8822323826913383,0.46014759808759953,-0.7934410945509813,0.1585743246032323,-0.3944762635518284,-0.4091610005123143,-0.32283384074234633,0.00479718755912617,0.3605041840314862,-0.6401330916327685,-0.019194325349410235,0.28198633903881287,0.8696115850083115,-0.12412134735645686,-0.6022876077117973,0.9108497765840555,-0.31627862702738985,0.9962084994472069,0.06286448485305374,-0.9491373705324968,0.762143774564854,-0.6935721958036287,-0.6778172012780672,0.050499457528366376,-0.576233068196154,0.4347086219706,0.24438750853985836,0.21259266934140353,-0.09551023722396867,0.7868737419187726,0.2595164424192258,0.3110166525743354,0.31356520023945356,-0.5234174965762415,0.6582916906419429,-0.8387985570602012,0.24014460655095826,-0.13828253162411852,0.15947792840878106,-0.1882639207966892,-0.0126729581762548,0.5442072763600654,-0.28501109098373956,-0.3284964991016728,0.8513091415065794,-0.8836758821543889,-0.5877465385267295,0.8802721117662351,-0.3162950762760228,-0.7374389530435403,-0.874876598349162,-0.07781935391194872,0.20827666794210375,-0.932107756539829,0.6522414645821579,-0.4039790065323863,0.10485243519462917,0.25058511758429525
-0.7492206399055057,0.3042375014331975,0.8749604673620506,0.7871218654207204,0.2431471679944328,-0.39877483493956545,-0.4494687809528415,0.6263867467113988,0.867921604412291,0.28382362675681727,-0.27823107274374426,0.9463593390680096,-0.14717658829913227,-0.672940276114868,-0.3610453009825634,-0.8641485347647426,0.5482135083276922,0.1326897131255036,-0.4436388667519131,-0.3343379705717413,0.2794627593649188,-0.04826889873982454,-0.38556938746557456,0.7744633196852886,0.2553281894639938,-0.9078166036769455,0.8861396447267738,-0.5088304014646929,-0.2811488016896502,-0.023403329887708768,0.3206333224496005,-0.9638069259851143,-0.030180967872948994,0.13777808854272222,-0.735693961876315,0.2644129499120398,0.4149454569038533,0.6959099597745224,-0.2140709156849423,-0.9001753011082485,0.8367485433534447,0.22365274078407116,-0.8007387014522536,-0.4651468350091792,0.45652455728709307,0.7178712338745448,0.21230612468986476,0.6538455468878093,0.45421928437957004,0.6618998823383504,-0.9380374238151064,-0.8103983760058477,0.7673609477719674,0.06262088697392998,0.3941372898153581,0.7262299667774241,0.45721026003735776,0.6886168385533324,-0.21423369939312442,-0.2075385439500872,-0.5356012601870099,0.3300607354204188,-0.22624569513757575,-0.7998705474995307
0.7973960224351202,-0.1721492766528494,-0.21632763851242354,0.3214959535106041,0.6478855064122004,-0.7608357602362259,0.5627713114633026,0.0014881917684372858,0.17454941577366134,0.8807254938303966,0.942545725245646,-0.2276743137656927,-0.7574804238021435,-0.8820076122498446,0.40700433539262404,-0.7496010583285804,-0.4379581735222269,-0.19201357079794268,0.8693337570470546,-0.6321856858186288,0.2150487065127875,0.24929829542194626,0.8519099296495694,-0.3147406929665155,0.389291669462309,-0.32734641204488213,0.8629154253869753,-0.9477022024616737,-0.8059375463409881,0.836019589481338,0.10622045540267444,-0.1628329266837909,-0.4613720689799432,-0.901717248571817,-0.7913049968512165,-0.9372423813566011,0.35230298772686,0.41124564169056677,-0.13082347424881413,-0.5238399775715219,-0.5913759548081394,0.6860355956214488,0.45574773629670484,-0.2596054549416935,0.025976085495277523,0.7459497211174082,0.3327028797535847,0.32925441276069867,-0.7563842177478892,0.25128034442205727,0.8707098654314605,0.3847926732588367,0.01017134149613974,0.6594374553616338,-0.704162148047949,0.4492820502899859,0.8089255702658205,0.5608673317882795,0.4389788212579433,0.1752725789621552,-0.8666758581839991,-0.4937498442348247,0.4876721107775728,0.5567283289904215
-0.473978216441858,-0.6667092579993572,0.0570943811603386,0.4382702146099615,0.4174124410683988,0.3095419814880471,0.6230936651816268,-0.47958276428770397,-0.4043338754775534,-0.10209992619645081,0.5464308110761582,0.7138693686759383,-0.6570992436854977,-0.13915163439294642,0.48873379195630173,0.7367776533895816,0.24228895732584532,-0.33333956613017346,0.38681095638426033,-0.3573844753209161,-0.4247437487549841,-0.7529108423660107,0.8880057330685647,0.7025296866144473,0.7096993615757274,0.42090936749900454,-0.7195487444237991,-0.9690913358180904,-0.05046391094470537,0.9305127187214699,0.40492394987395186,-0.18105944981377475,-0.8436232909103532,0.8003932061122376,0.6978984414528262,0.07481143235375742,0.12022278799108044,-0.2947330044379426,-0.6929297729800579,-0.18386264445816902,0.19337938389720977,0.5762797879105432,0.7201219404779509,-0.3906727295037933,-0.05850421881834833,-0.9860851231496799,0.7234507051571433,0.007823719922222416,-0.37275939628181676,-0.6631141321121576,-0.05298048603057626,-0.001897786970793458,0.8499870701732737,0.15705943876775064,0.8578387510101833,-0.680166266942698,0.661908828239453,0.034220637262389,-0.5394922322507032,0.16244033184832407,0.5674582706889895,-0.22389503112143894,-0.3470024814289514,-0.08977784073911543
-0.9149436703800189,-0.625754590158951,-0.6838661558173438,-0.7803715364025654,-0.9085344128427058,-0.41503986915194324,0.9421232035558709,-0.40309944424142463,-0.8075708672565005,-0.12206985058907427,0.30397022950655983,-0.4031702866188236,0.3421627040980335,0.2488105934641176,-0.2679903169856206,-0.8081596679170477,-0.3401024203497307,-0.09297181766908502,-0.6489142406385977,-0.4423577668326675,-0.4523536601443814,-0.5864173970166819,-0.011685373351578265,0.989314622338378,-0.3768220978804966,0.8999491536874422,0.7493284725312301,-0.4632079724343745,0.2817667311506453,0.25946541617669716,0.21047613952314315,0.7702687615412411,-0.03974301583997697,0.6266007475798683,0.9873249492448826,-0.011053704060973946,-0.4901742810535321,-0.5205168497831072,-0.35592382725438454,0.9935164608976248,0.07411392840967657,-0.1477217541361402,-0.8053890661424972,0.38378073097213306,-0.1688017434879383,0.6213451276932576,0.7223696998761566,-0.7126972418789739,-0.14183345967381644,-0.3710606929590141,-0.02736577817005026,-0.6759408876401254,-0.9174846592468795,0.030376022634928113,-0.32012299874289374,0.5119957860718125,-0.7463740803563785,-0.6444613831634705,-0.10141560939597638,0.6238572581953352,-0.9284992599199569,0.7889620008501872,-0.13856685538101154,0.6990748119570114
0.2127947866351818,0.611473969117799,-0.3812196873094815,-0.8639192089712142,0.45561419587816543,0.007574772692223286,0.6124970639090641,-0.8536085322563274,-0.791935950155312,0.9122144888582628,-0.14702356150334572,0.5014473550399832,-0.35974284471060214,0.5706911444995066,-0.9486137006059019,-0.7337259975138066,-0.45854094600414763,-0.9255856288090636,-0.6684772655870495,-0.2219438114783978,0.0672732920575907,0.010326930774272158,-0.8335797384731782,-0.17760868464437118,0.7907108950001143,-0.0036460940976945633,0.5183849049706852,0.29278033479782106,0.6991945463559477,-0.5499958668169782,0.8550493306591964,0.6501816428476046,0.551884026437452,-0.3853292349660091,0.9644502019032577,0.19660109095503508,0.40209727382389904,0.7068393991250226,0.2036530762342399,-0.013977042369266668,-0.15484306467433884,0.7367146739798514,0.06262744865178838,-0.3488979581335385,-0.6031499614567286,0.24232902138170864,0.23679595685000465,-0.8078784819554556,0.9475416078055507,-0.8661023441709503,0.7058612520640526,0.7470993644880382,-0.7214749514186509,0.18196921499973384,0.7835495706584339,-0.5918296511946239,0.7090197543804062,0.20657016640131465,-0.11135811692413844,0.3255034990506256,-0.06903371971929806,0.9546261145006945,0.5740409753477078,-0.3253121541570374
0.6805140385616659,0.5643313750005967,0.26888208741529773,0.6833048604339058,0.3878274915559343,-0.18240592531944455,0.25020261394146837,0.013296584116622379,-0.8285971561358378,-0.12714026850938764,0.977082981055762,-0.759064148859533,-0.5627833648139853,0.8414433373830796,0.259612447643057,0.47705986964876046,0.19527275355299678,0.4944643588741666,-0.6109480853292395,-0.05776562871448032,0.8723900464938692,0.05040074557203211,-0.35270492308801815,0.1817803120856425,-0.7577735065230546,-0.21275129321734054,-0.476323357429302,0.8297249653826158,0.5298424938138795,0.25295396960587335,0.27333843793215684,-0.17971213582420198,0.9529412338713861,0.8951804477496721,-0.38979667871670887,0.8036601801471497,-0.24819536542221954,-0.6537581244973272,-0.697211457433204,0.6737514162375333,0.4809861340654378,-0.4195555912950124,0.5347183585737509,-0.24807214959004642,0.17312084007386286,0.8174815258292385,0.16462653727775933,-0.19591110013742763,-0.1939407486109177,0.10726136340437353,-0.7570531009323813,-0.7196166410338247,0.3135378450894657,0.7672188028931912,0.9639771378957751,0.14889113510711516,0.6093701853569418,0.8804589285627558,0.9190108474032328,0.11171254704433853,0.7895870171434749,-0.37802177100610845,0.040750368035391116,-0.5402838590506964
0.35819108558246815,-0.4190705213091648,-0.9952772631520803,-0.314130080190137,0.06478817884937627,-0.40951121426951986,-0.4547083039925848,0.4134559854677493,-0.718021493597675,-0.13866507067838985,-0.7142925551105033,0.2903157199285875,-0.4911137524124687,-0.15863563860124907,0.6267858133951711,-0.20408948835328755,0.9213107174259443,-0.7917999588134879,0.778028812089268,-0.6592523361650509,0.6680639853776489,0.19801046131680833,-0.37220794606617846,0.8021208205275165,-0.40976127690526765,-0.4785094022912275,-0.35850845844420265,0.4695691892953142,0.4432954580113806,0.7336179912861851,-0.6562326346179832,0.8648269247600968,0.7288545314151089,-0.39211789411052833,-0.41553638658612724,-0.2313130690555627,-0.26099766016169457,-0.6094235429059642,0.4468754680966802,-0.20766927878727315,0.7383845697613332,-0.10013620715151617,-0.5000137539243779,-0.5477618925722236,-0.33818383132603524,-0.18387712230140063,-0.083787834498537,-0.4745488215355027,0.6271905933523174,0.10333790246531782,0.415063765478185,0.06103834198556202,0.5417510768294997,-0.7988886280453145,0.2908790401123349,-0.8256669639819936,0.7796407192084829,0.09594580630215455,0.5770740556729632,0.6521451780786698,0.09323318866987651,-0.10296050985989225,0.28710432555863363,0.22444759281013815
0.13980932938383983,-0.9942583944616119,-0.539435964177609,0.8346480626914514,-0.7074782471740932,0.9170845586854226,0.6680872619115164,0.37067956915275513,0.8915874766065646,0.9694382509274997,-0.16035495322320426,0.49738543506822763,0.21104583791535125,0.5541346804710492,-0.6406306301035256,-0.9461929991880444,0.22667371676085035,-0.23055032621952143,-0.6116208019791662,-0.255973710178349,0.5099430545354395,0.010437779828767813,0.07049446387947111,0.34111228068112887,0.3395022788621562,0.9724489412370276,0.15843589328440078,0.17491301142012294,0.41899876595651064,-0.5551880026301219,0.2768686296095655,0.665241885429035,-0.1279397240907847,0.3085129510827551,-0.881488062630831,-0.2752758639813946,-0.5136319521188264,0.21495962698291793,0.5376157532777948,0.6554726633936141,0.06334672831639221,-0.1474969649556277,-0.047161959226617034,-0.6993579224539663,0.6035330898199376,-0.20957740681605497,-0.13985889857682898,0.03725685145643043,0.06690427411243438,-0.7344159105790802,-0.45838825171333797,0.8800332354524116,0.509823587319711,-0.759809833161083,-0.11630818651073094,0.7100442016111841,-0.7239060120531928,-0.3610472343981923,0.7333506859389376,-0.19412055479042656,0.5064443875667999,-0.10143173721928678,0.18435880421866258,0.3114459743624982
0.7825418700764022,0.06086351154703773,-0.740283955212202,-0.5747136747190154,0.4889283804342097,-0.30404621902979234,0.06811840813138903,-0.6379671087396601,-0.7617133523600679,0.8908710297661449,-0.9671647434083142,0.08219684249517978,0.8240394398029183,0.5965494712782806,0.9895336781904978,-0.9736174308236916,0.3480606216773059,0.5220634278831837,-0.980320096842936,0.7108531743907569,0.8791383946413271,-0.059303544458887636,0.42641690757306727,-0.5027801711968671,0.0011257214734745613,0.0011450833122026438,-0.17643458405510204,0.937296770602029,0.4578555170650094,0.5669999535507051,-0.10333842477415467,-0.5145357500750611,0.22428819381120135,0.4431394423107522,-0.12381431190298886,0.1794371866627138,-0.41268479123232593,0.047331417788881947,0.20140513619748202,-0.8106088568706191,0.5400934677399987,-0.9792897074936853,0.3593744116428321,0.9004497338210582,-0.31859243830757955,0.7822385678191077,0.919854312502971,-0.7559327515241605,-0.8924854348995177,0.33182831208950403,0.7801365539006508,0.2185941581616575,0.8872609542959857,-0.5388691918087904,-0.20990423126452074,-0.722004784138707,0.4698686052339094,0.6982281373531467,0.8059262389131636,-0.6482719680225575,0.6227864194541195,0.45671995399434073,-0.37748685975592533,-0.9121233349088285
0.2717433496699162,0.09800557632247875,-0.1868863027660943,-0.5040797898169267,0.11350402493789225,0.3778433702324,0.9197104864280181,0.39733161151009044,0.3624554043459849,-0.06143179459931103,-0.2574438215716941,0.4353888717446077,-0.6926382595037881,-0.04388444221735632,-0.5760058091324929,0.881182816681036,-0.3213473422968931,-0.40328569704086537,-0.06286783911209626,-0.2834101987792519,0.7125397575000465,0.803949516224717,-0.6074880075470921,0.9106155056504881,0.20277661419193205,-0.889944330862988,-0.6255940543380376,-0.9288069770560252,-0.08910268765975426,-0.8336097620957028,-0.6499856352989928,0.21677327082288933,-0.836225382270416,-0.9128260695563395,0.611984195877388,-0.31387846645318596,0.03386588495304865,0.12130077747100709,0.9438750233403956,0.9771927480725227,-0.4410581199893997,-0.10167207013986213,0.27110249595770175,-0.17879226735314302,-0.9479986128490248,0.920111725437742,0.21883620424851835,-0.8039216306209236,0.6008975008879396,0.8368684568990079,0.9216959802764424,0.4003804542728897,-0.6191904043225416,-0.3899249903246744,-0.6368123533344288,-0.6503452054103638,0.6292455629284621,0.5988233097837767,-0.07970599064882333,-0.9139373564442113,0.4469838399948274,0.7649221813190537,-0.06343326404515781,0.8480863879257154
0.8310481423138576,0.8176766256795951,-0.6451010030167144,0.9332436683777772,-0.2928916980856775,0.2577144637404345,-0.0031771954571127026,0.034260180884051916,0.19776487153777,-0.6720589513641331,0.33484360504491906,0.9257975193214227,0.5032364241994303,0.9853687713457122,-0.6319071547778752,0.9240009048041005,-0.7411353132270759,0.3608842305226798,-0.17934911870623038,0.18137886905135892,-0.9960892059939361,-0.9748572353281546,0.7720031911971292,-0.580985863099365,-0.9887004641247465,-0.9724707642659638,-0.10050470283975121,0.5764650987409445,0.36044337397826953,0.12860490336923136,0.18442565167680702,0.13732434888160006,0.6007855474853383,0.03587352019433965,-0.5896886409611379,0.041182486905943394,0.861986019115702,-0.8941891511141664,-0.557607153426183,0.28003588671184465,0.15239402014340464,-0.8760524263685225,0.8638577846725208,-0.5614389761223437,0.9464230196265222,0.9449087982003543,0.6655168266330436,-0.3346211219429369,-0.5343465792777855,0.8869844514786576,0.6983840180647138,0.17798477526534673,0.5434595512309452,0.7090239099391151,0.3382162990370752,-0.9458787449478612,-0.8923884738312593,0.8408074810972304,-0.28530529262495197,0.23373869433761318,-0.621066176467588,-0.30856206692910493,0.7065494657526334,-0.1291128336644698
0.8534155844509832,-0.47005896322449847,-0.386430595966595,-0.06056005874651027,-0.6791067436979095,-0.4962154423707916,0.48893300520106475,-0.21236002143955757,0.691271768093783,0.08328156782575014,0.5485338298158393,-0.46869502412358854,-0.055783538329288174,-0.14536488432956607,-0.17070293725260766,-0.04968637770860318,0.36010692684480317,0.5719235355938832,0.4288200546616512,-0.15300878997931555,0.6761581245203039,0.7088046604601717,-0.2629860281253642,-0.45941358519783937,0.8234497182870268,0.8280364995007283,-0.13846710110245342,0.48242526829337384,0.058200079108934766,-0.6516598236158764,0.5474338411773174,0.08412709913054739,0.21270872646739125,0.11896634582909438,-0.5323098300223799,0.6475839611815277,-0.8700944284952874,0.22537588910804307,0.03512153777702132,0.31826572060042535,-0.9574479546480679,-0.4868432939365803,0.5531028016397856,0.04328200228922374,0.33930110714890294,-0.778301183389271,0.8687321193542543,0.26335369096095174,-0.29691324695714094,0.08924819558229746,0.7453907929695303,0.2838541051906962,0.009023120157378717,-0.4283931610967817,0.1698182163733124,0.3401979864152389,0.549599143628734,-0.8933635709421925,0.20667771626619125,0.22325447521581787,0.47978753777846617,0.8577201432750725,-0.48495736809065026,0.673933972916666
-0.9289613592084442,-0.7766606776678171,0.9592094066677621,0.15798890190134585,-0.9268485440228635,-0.7589767625508999,-0.22189702816277945,0.9060911411323602,-0.5331790339686271,0.6105186951514843,0.45302888008308484,-0.9348963973973836,0.8722471196117416,0.7822104801393235,-0.22702804617928418,-0.9342882224061806,-0.1991437627368875,-0.1635235848119958,-0.7059006197173054,-0.6456529596808558,0.8652921779306642,0.8925121027794738,-0.7400683167223063,0.5658462627052954,0.5066542116979869,0.09398834390068145,-0.4646650866490354,0.9744781073804103,0.7700626122512915,0.35322427843645965,0.739211899780762,-0.11339338058384851,-0.8398116177977712,-0.586671024813479,0.4949377652454334,0.8387242965382566,-0.5995564364431862,-0.5431171288085224,-0.30499964511914235,0.1540946614255645,0.8321111481760544,-0.20295501381568504,-0.32790762244394256,0.12976851318257498,-0.5164811260626674,0.9629951466630233,0.7904454015549287,0.33721642317408596,0.38492379270624877,-0.3698340029380669,0.6497876006652747,-0.574855535072232,0.19306556375756734,0.2528998091046988,0.4937381708631732,-0.5928071248822135,-0.6578995571901505,0.43749051853153076,0.30107674724059263,-0.43059845699225985,-0.8307090860678701,-0.5910343381539769,-0.15384323326135552,-0.1324173574787122
-0.015913273093092428,-0.5135895664227441,-0.9055834793939872,-0.28858323941548414,-0.9496944379492156,0.2513633094477423,-0.9268972249034686,-0.589911797705859,0.6194406142443278,0.18476890935609736,0.12215607178866295,-0.1316631238459205,-0.15313324151882357,-0.41483284791719544,0.05985446320695487,0.7636316802229675,-0.1303853527740324,0.6683584651405343,0.5732832208670762,-0.5738461155264174,-0.8038690712186392,0.8729480068290287,-0.4310477348127406,0.0674801480878986,0.7106187301840843,0.15471517389520284,-0.6723087534146184,-0.22021359989136813,-0.1469375641973485,-0.8861031978129557,0.559310001280831,0.42666499340908715,0.01754374815315063,0.06980691285410118,0.012101098347823802,0.7025054575602556,0.676652709952309,-0.39177285277561924,0.6788458954847916,0.578353827843086,-0.7809223830851495,-0.9038043580247981,0.9564135312253219,0.8328456414153498,0.7129624561433492,-0.8145696312873971,0.9542656772990197,-0.6851228940375922,0.887895938244422,0.4324492751778408,0.027339637005571182,-0.2719017267543089,0.6151531060468929,0.8344900404731943,0.9423632759660505,-0.02143631951526137,-0.5689303740985425,-0.12887357689740586,-0.7936728523530581,0.7382212831702042,0.3515902988079953,-0.3073805953010291,0.09685001987053865,0.986658884440021
0.2608395036487472,0.7480830717905336,0.2605954773833654,-0.5554557761539247,-0.5951598382176952,0.6812643630036903,0.9962557109209726,-0.5468895045142568,0.07290362264463068,0.5927487892653458,-0.12329939472457152,0.7762442644589782,-0.09265185532795056,0.7952504229293051,0.7176707112244172,-0.12397209553667654,-0.025018371141523943,0.4830756035567454,0.3744855634949418,0.36775643045744877,-0.14960773031175,-0.5989968729608632,-0.32351256312376897,-0.6628872364866443,-0.05854060534002459,-0.8342307303577114,-0.7741860234557254,-0.5144210731939103,0.36796675784852306,-0.00015862621834217272,0.47532719059651085,0.0951598445923012,0.3921283958792763,0.3374109541312935,0.6408391709193131,0.9829412816722607,0.33563025452278983,0.20847683675959905,0.5302756610351598,-0.02471230795541257,0.7779585424148798,-0.48867048240789845,-0.17170582047599914,0.08505795895471868,0.04465236610084844,0.7743789426223564,-0.6269115070347402,0.154679487931618,0.5213750076006003,0.8110986713607895,0.5605187318184646,0.9506503780441531,-0.13357496045855366,-0.9130225478138974,0.006825649618501073,0.06802738066644998,-0.3794302087596384,-0.25561442622552777,0.5768808315318998,-0.1773245362667395,-0.8067255933919644,0.4207926267359987,0.3545662636578586,0.5301058484920214
0.7585699829913743,0.8569731869028994,0.5094661951330541,-0.4757552004029384,-0.3231578277552423,-0.3071494851899337,0.38081602292534233,-0.44472025868839116,0.41070582924649535,0.9627485910137883,0.9443589781597377,0.2137497425616155,-0.8097376010537283,-0.0722583112832964,0.3017866919653003,-0.44515089736477287,-0.9724201285771292,-0.6998160764841832,0.12871784468132685,0.31467386942806774,-0.5032939566719246,-0.41322870108994403,0.4343365128777281,0.294682318587177,-0.875088742225439,-0.08781334616259251,0.17961660823665593,0.11921298127830093,-0.2976497149917545,-0.9859203826189766,-0.2546265560669063,0.9542270023578707,-0.8841863555459439,0.40942171503592717,-0.3151460786313771,-0.04249279805279893,0.5354484073450745,0.3839248311765422,0.5954697856478726,-0.533866274616553,0.7144546000704395,-0.6875725354661144,0.8701054229975169,-0.42514888850767196,0.9123659076404802,-0.6315825404292041,-0.17609166631144846,-0.39121000853596466,-0.49699921505828426,-0.9155519540133812,-0.8759585296673438,0.27527558688766973,0.5499282859783381,0.2287355102367652,0.2176085767259779,-0.6301915155037601,-0.10879773656044511,0.06393200214215633,0.8483084950034308,0.8640505830484542,0.860399417708148,0.48372541629129384,-0.23286778493566884,-0.4460689370860149
0.11940361281901635,0.11674448937144333,0.9211999370539248,-0.9126018424926641,0.027968326275539246,-0.08584086283998693,0.3484564051694887,-0.3680763795763058,0.21019957749515505,-0.6827673724091528,0.6826396335796092,-0.7885173987939098,-0.420056738154603,-0.9006544412269086,0.2558510559672884,0.8531471036176068,-0.23279949853467907,0.9538082050335606,-0.6168392277243673,0.6134489557094585,-0.7734319875256421,0.10575164326999298,-0.2937546763918415,-0.06765373983050971,-0.7393032227562131,-0.9609910410457456,0.9252484503077445,-0.3842767029024772,0.4266093745774511,0.21989462983125563,-0.20259141248730095,-0.031796620667845055,0.05816734892685216,0.49212884687944314,-0.47361648211779195,-0.13550478598392823,0.0643919116380609,-0.410967633946665,-0.1548537571368862,-0.614812067946797,0.28627761632315507,0.9723036294278766,-0.47260011228258625,-0.9895524416109973,-0.3358458643008344,0.09567201983959062,-0.2862804390725213,0.9820485418150031,0.44552520121254635,0.8454109862972121,0.6375334080271624,-0.7782248018582185,0.801915816306543,0.6160762547542964,0.5522928688114621,0.8259282235656795,0.20044061299648663,-0.25583261679199043,0.4557165021501066,-0.5373682509933448,-0.25408043614289455,0.43763564752773587,0.11090613661007565,0.20367938203707947
0.8310791556027166,0.6604493535583542,-0.04228252932665599,0.06533100717653362,0.3097482146227857,0.8479857002681557,0.22730694538223228,-0.44441397036819175,-0.9610995588270208,-0.09947399835095094,0.16242264293809172,-0.2746036646723464,-0.8982146801555948,-0.677517656482957,-0.9097932015640768,-0.17316885668196025,0.8964017326650455,0.4866782611330718,-0.6826173394193313,0.5293292940089647,0.09995307902467476,0.6874607180205183,0.656349217883841,0.07647001228742756,-0.8678173986665632,-0.5555609420947503,0.6608001577247455,-0.013005084809223355,0.4560547480747248,0.4146537429836341,-0.08012721614085017,-0.941252409659433,-0.21113496061316028,-0.08552900538003594,0.5660623912423062,0.4820154381389976,-0.542654361336693,-0.11005629581397414,-0.9949764479880239,0.6687223645298968,0.8378109547758699,0.8910298181946983,-0.6159132895750825,0.16631681655756836,-0.6059991544656897,0.7244282429390259,-0.3117022471552824,0.7509588694782483,-0.3539839707710659,0.16579272160753034,0.9556747729599324,0.9897489548074332,0.22570649531361964,0.7899018998454246,0.7712000948649504,0.7596809945778584,-0.08871093965534138,-0.5482852348602634,-0.55908685623755,0.6652650988166118,-0.13358717645553964,0.7173006206754666,-0.1447563635575002,-0.345033502542371
0.877054427046609,-0.7544996392409484,0.7226585491957893,-0.22754897228809035,0.6795640957041966,0.22071879715334597,0.3123528953511219,0.8710855096158661,-0.749280983835469,0.4759970013614916,0.40192786417714466,-0.07683194040591412,0.1222714718279363,0.1467660983315464,0.44746039360764933,-0.6236032145123078,0.28745979067300587,0.8428500556599261,-0.41120482073573283,0.0944218812361508,-0.6702124916916987,-0.5367712474508648,0.11613079537275461,0.07679821394199982,0.011374329824904272,-0.8781640317015693,-0.3191751043884994,-0.3330187466161594,-0.5435085817330776,-0.14979631999729515,0.6241986979824747,0.6904774102474867,0.5987727919266712,-0.5875530846071879,-0.14192445152567124,0.033417516106679424,0.5931176942285918,0.41047311600158976,-0.5400765702340171,-0.08678034404022283,0.3734807283381716,0.6240322863030683,-0.37862829967499545,0.5269594120083541,0.11291718159707576,-0.04922006038268445,-0.23273325939896905,-0.8171669451470849,-0.3548522226549622,0.21483641206006365,0.8571646800372428,-0.41058569819532575,-0.2844870207917465,-0.05507014433481516,0.05766978280901491,-0.2728755446974789,-0.5406654974677327,-0.8689178072312123,-0.7634947341310387,-0.348792277113704,0.08835389603726851,0.4365651114156377,-0.4744928268459023,-0.3151962888044937
0.3521990865934992,0.03308483511171412,-0.021247823000338784,-0.14865851285338372,-0.3738791734221385,-0.9535021430425474,-0.1479686063192338,0.4828500467192385,0.12111946602507939,-0.3620268353338094,0.274289413605151,0.7479140091955547,0.9983805379038977,0.6180120946269574,-0.20292826001981346,-0.9916659038925548,0.9059421048378169,-0.21992973927613857,-0.5408348773657115,0.004810454044336554,0.16934042686014128,0.24193304110697955,0.630414493619996,0.9452984254808792,-0.6669435390096057,0.35812458848518514,0.3927756269340561,0.06860619199616513,0.15296526452483228,0.7423266510476549,0.712154196473495,0.21434816496443743,0.9512495352269252,0.17997761569839388,0.3699097829698208,-0.5071563578050635,0.6660347751844882,0.3385799453401306,0.48596045551027345,-0.2841382214878956,-0.4900100521774535,-0.8887661427815334,0.3753812419694955,0.9571576753183173,0.9514775386892309,0.12080059322613357,0.3230175893891509,-0.015841983066861243,-0.5996118525614884,-0.1940226395996465,0.27857854120719483,-0.7268301218879785,0.3706997923804065,-0.8077353508239367,-0.15191285006565347,0.6172131601314272,-0.7455084388495443,0.7930421270485513,0.9358523220878225,0.570175109760992,-0.5854995267202592,0.026517947716356627,0.25292817912881094,-0.08144394106858655
-0.9799264153408989,0.4201922556979629,-0.22202184053677487,0.6697520371703016,-0.24378488485971705,-0.7081160056117528,0.20098188459739452,-0.4047907299846445,0.5595258083968604,0.9095841659501225,-0.3487941300215258,-0.594425383792053,-0.11689022652985037,0.6491922366139853,0.6172190334084922,-0.5094341052981894,-0.45731254473724126,0.407698041952832,0.23823251419516822,-0.6178948283014556,-0.7738202810587014,0.21303453490380608,-0.6820431784180339,0.931953298808736,0.29978562483693505,0.8598651112662812,0.9339847108518697,-0.18644856513022923,-0.5238095135104113,0.119619454884905,-0.8001598633970195,0.7535431877333565,-0.2800843061916001,0.28961428509046416,0.597846793528005,0.16651210470591327,0.2580204794034706,-0.4376481638103249,-0.9676367950309019,0.5566255925271435,-0.563536765232185,0.49970795387622213,-0.5773222500945518,0.7378015305564005,0.5206188957252653,-0.7538018746172166,-0.1962808134897549,-0.7193380679110064,-0.761296672233033,0.9110524280296914,0.12564012764785226,0.12155071582979016,0.2857104109684585,-0.7956795053678309,-0.8574191363333661,0.5577756892599479,-0.46770250646487743,0.6854188425452141,0.9797480330373498,0.36314524711782314,0.015373935039098674,0.2345563566172968,0.18328057231774864,-0.1512867883263873
0.2837102316843567,0.41009643716053823,-0.8771357803898119,0.6096626672503829,0.5813626620540442,-0.9510430088718504,-0.8672048667212788,0.8452331364685965,-0.05491614798227662,0.607041497630826,-0.2782462890520814,0.31217484213386637,0.6120243202847921,-0.31739432128965794,-0.6306004562123724,0.9007628837135935,-0.8219620995084196,0.08178527307115702,-0.8734558965183086,0.28843547920563717,-0.3853594377861913,-0.8737090931841853,-0.9242439525899693,-0.3610256570400219,0.9982746941883789,0.5954766431302649,0.16186082802024426,0.1768734833211303,0.7416141705278125,0.3247413401030965,0.33766038657824193,-0.5191519563347147,-0.21801201858774855,0.5796187223493277,-0.009422374754094465,-0.12915898948229132,0.932257491164693,-0.7491847267296268,0.41851228257030426,-0.5205214887036844,0.6163113811746603,0.0524165114287356,0.1742797098839295,-0.10021858801784722,-0.7150428318240476,-0.5148199904448651,-0.32471708612841277,-0.17106222401256516,-0.7312750284581593,0.00128378258277273,0.5599596569865244,-0.46739129578020533,-0.35691682364203636,-0.034616706412583076,0.634864876312671,0.45819371917661167,-0.014586723623271736,0.9762371037170523,-0.9847647120675094,0.5246746200537307,0.028359971844031273,-0.41155901152716723,0.011525541583900623,0.10532657648926724
0.22476008499598343,-0.3429240392318056,0.6255194768576244,0.14336538404834642,0.09896749092028578,-0.6421797111398344,-0.03676138420564379,-0.5186485067135231,-0.7762777011483775,-0.8511012255783963,0.8852450519751793,-0.05083233884238436,0.5509990421357942,0.6158501849562046,-0.9563640459868734,-0.8397926559126778,0.44991214298987114,0.5340683467787721,-0.4866327676289013,0.7598365997394236,0.7200860762625061,-0.9832763237458129,-0.04543501379315584,0.6084159434895993,0.06961178957759295,-0.9354596282262326,-0.614225892778596,-0.6064529642813259,0.09051915370909236,0.3695409569006116,-0.09981469245070729,-0.5003478290340471,0.24339397015222008,0.5031550787293337,0.9406250384745318,0.308872344341641,-0.046849677603274076,-0.8931347188040197,-0.6149278611469406,-0.31493318300655804,0.9488976902218824,0.9572938656194028,-0.9532931722326874,0.1700017548161068,0.6577203543724148,-0.4841972443974423,-0.7119235794152237,-0.9054754168216756,-0.17528228452028238,-0.14754254193471783,-0.48693745531861166,-0.4736939912430753,0.8108847931854521,-0.07397917277345023,0.33735089073656077,-0.04577986717877658,0.3071634969978425,0.5909420214368108,-0.6825744112968843,-0.2486535683633091,-0.434891193794962,-0.9685088404172275,0.5106019686575307,0.49819490956948087
0.02893790045851885,-0.3216271198394962,-0.09167803157793575,-0.43111233999693677,0.062068896851170896,0.44447119304855387,0.6424128000708751,-0.1644062236627275,-0.5497169574805814,0.6648202762857345,-0.8836373400095756,-0.7823326968181505,-0.25838190030946495,-0.43141450143735827,0.19864140345807257,0.3978489324393688,0.5502516564584388,-0.20831951160256068,0.22556606826546433,-0.21146740019419963,0.09032533503206075,-0.4337157721816791,-0.6640853151555872,-0.6551744937230486,-0.5295112316741897,0.8753881856832324,-0.28429114733860916,0.1967472041995182,0.29763670466073755,-0.10781687887729863,-0.09450388114132413,-0.5944081060247586,-0.9879858160525037,-0.003710974853223581,-0.3117230680018188,0.37993653222084434,0.1352655853249547,-0.1149946159422508,-0.8746274947119625,-0.20397058595095952,-0.7067665695751413,0.3868492271177755,-0.39696857146442466,-0.05724263592567258,-0.978749458808752,-0.6716243382398019,0.6690536810633199,0.20003329159428984,0.013551218504502138,-0.25173300981118696,-0.15658101459158935,0.5953030086169058,0.4675541625240729,0.399970126743902,0.7494064568663164,-0.7999234551683794,0.15890658533509283,0.9307194247557715,-0.11701935415053555,0.4559699555872443,0.6201328957226857,0.16020483109059191,0.011531120076100798,-0.8611426950136873
0.6823055598647132,0.6425296383757504,-0.6985656628005517,-0.21836472248441963,0.9239645463814108,-0.21208718893020073,-0.5277814513040529,0.10376579438286071,0.9336898548538783,-0.7218078876451215,-0.9693173857758042,-0.824925425624708,0.06404503166325437,0.692536416389977,-0.2747059988772407,0.4805909243589337,-0.502421882105476,0.31899070659789786,-0.950557013184008,0.542384732609662,-0.08416980778104688,-0.021994447506542558,-0.764813739968115,0.11035151481996319,0.08081438624396431,0.06196131150964135,-0.1960703976008058,0.844468169091313,0.4318164172248271,-0.1255094421639933,0.940165160649657,-0.6487310609774668,-0.06434788920156187,-0.9618132317111123,-0.08730728074412997,-0.5703271376671155,0.9752109476031448,-0.5313049171094315,0.78913983743695,-0.17372400048844394,-0.05912405743204263,0.5442394208842929,-0.7468643621285387,0.47655950740783903,0.1765394733493657,-0.9644223017031082,-0.5930293752101656,0.37814514691131196,0.14673957342325283,0.7117235474354167,0.7232623888001211,0.6883349235068299,-0.22302350489924683,-0.969209129605318,0.14747366361813552,0.8373341181889782,0.361582637776485,0.1976363617615957,-0.9046651859077706,-0.3070176854104769,-0.5441274849203754,0.4557072822512158,-0.6838627907344117,-0.8613110019311729
-0.6618474848469711,0.6049545219906849,0.6113442407759029,0.8805529748499707,0.30671960443086665,0.33922846096740167,-0.16189394150306446,0.561793349201734,0.4860342408515226,-0.5814358947181033,-0.01790804298591664,-0.995641292762895,-0.6174099821916348,-0.11005197799792588,-0.22914698101878028,-0.9793658984864149,0.4914754542696622,-0.7520543942546418,0.09207151695287141,0.6178369493310463,-0.25639640602692015,0.5836032527134354,0.30068002144394246,-0.8871857303189361,-0.8354826307727306,-0.8333216472463112,-0.6595923418754477,-0.2060500996322563,0.3890069706356394,0.879553768429117,0.6927193175636206,0.21234228814474165,-0.3501550233526072,0.2553479561556762,-0.20871931253421905,-0.9351039208548524,-0.5561901728958005,0.07478985850070785,0.5038473980798639,0.27822558201011494,0.1348778786375735,0.3806011311840294,-0.4571080950935975,0.9753773634558243,0.2653839362299,-0.026424352698726894,-0.17963131181559344,0.3854510636935644,-0.8794113459906887,0.43846462857219803,-0.960337357158739,-0.8162325313610885,0.7315175637582412,0.5830228879863151,0.8908034083860097,0.7595669546812485,-0.16027483117557173,-0.3692350768344439,-0.9624576455843312,-0.3706745842412491,0.012455756012534236,-0.9577851261524684,0.5994921799175408,0.880599309263165
0.9699122117514332,-0.3371591291907958,0.8936266470286287,-0.9164509475523079,-0.8341784565978843,-0.8222347869319102,0.4806269885263772,-0.8079315363158701,0.35753448517717823,0.17322940733542608,-0.8459483781624171,-0.481788368415929,0.49431562836670395,0.0775828397123437,-0.07966212550936791,-0.22020360716130605,0.06460190417497214,0.3275508493240171,0.2947370385504715,0.13905444990016047,0.9704026488972659,0.8545229501488758,-0.2068389185578623,-0.6843453133963087,0.7141982020998567,0.8102503458356318,0.5040735873316229,-0.10379840996751555,-0.6779230606605682,0.29954045166411647,0.9302935980727052,-0.8478067182740188,-0.2817576823531449,0.18433774840229278,0.5459523469770835,-0.3986138943704476,-0.10546515833565762,-0.16736309344034606,0.9708273493971595,-0.9137224487776556,0.860648545684809,0.3361401930982275,0.22133986037381037,0.19606377172186007,-0.5956749784878446,-0.09043597419113025,0.6899929791331763,0.5648188191586261,0.42845541158423206,-0.646952113939949,-0.47798723298977386,-0.012066445346748944,0.8015412104850097,-0.7328150649840166,0.720745874153323,0.35782262970117573,0.9370172601520428,0.2723390919021127,0.9784968368259035,-0.7795862497695671,0.6465923278571923,0.3357970711009328,-0.8529688756834415,0.8666753543056205
-0.3239599026991593,-0.2492972938871587,-0.7256787955434669,0.42615810878650073,0.9904781328814578,-0.05372012156335315,0.3341859814727015,-0.07720771446887809,0.10146595405611225,-0.2848003351383388,0.19278101685173343,-0.9710572341795596,-0.7740775469549976,0.3010063545574564,0.3705589112953773,0.2949345383962392,0.13479088100305803,0.9860280949735736,0.7730283319668323,-0.43903514655178766,-0.19009237718280203,-0.45291799318143755,0.32512839910907565,0.05605456862113023,0.2950185995449104,0.33392418157261505,0.21070112302639088,-0.5512273282978994,0.5223878940196942,-0.3406468038411916,-0.12870133458125266,-0.2705002608782987,0.18190972578284237,-0.5972106229743521,0.6548840667277358,0.7928207523277249,0.7618116165005926,0.9634705319110011,-0.2437801800000048,-0.9018400823037371,0.5118450549429368,-0.6762436087029648,-0.7670847188107013,-0.5003179862428109,0.7160891071877626,-0.7774968394008921,-0.2106862677204726,0.45188529734279315,-0.2242773265310627,0.02320033492999629,0.3293589656487954,0.4756802443557757,0.5651726329505038,0.5363313287455505,0.6188900280268503,-0.13133085147445467,-0.9412256487886974,-0.9734150227750631,0.829659540837201,-0.41308900233956636,-0.9839765422941897,0.6098405803151041,0.8064414837378278,-0.008548039314371314
0.27996183558105425,-0.3943334512453114,-0.7716901174416126,0.6052195851952982,0.2951933829048745,-0.9336793394242184,0.44817483669776936,-0.9757795122259572,-0.0101664254070426,-0.6334325249053074,0.04218675032529906,0.9676102306939418,-0.11879721850654423,0.5774690537495495,0.16141828432540573,-0.3196987936927842,0.37051123970476785,-0.6573768127389374,0.6544135695882045,-0.8484354582605422,0.6559842552696165,0.5055753799212703,0.41095033124107005,-0.7644013866392485,0.5540222663479786,-0.3214656144437684,0.5653961226679594,-0.41668605969663575,0.8418926553899819,-0.8412730222965135,0.9205314370456514,-0.30706218458674184,-0.549660806813081,0.6883285269452715,0.7673922029820839,-0.5709811753780059,-0.32600323671698406,0.08446237263839063,0.4512654656962274,-0.6771670538622947,-0.43487821270903826,-0.3617519116735126,-0.8450343239398415,0.5555395066881514,0.139156276636335,-0.08153603993478797,0.7091379529760216,0.11235192612723366,0.12415386094598224,-0.3246516790127367,0.5899252563236594,-0.30580849666352616,-0.1324086114138665,-0.7128644722746738,-0.8693161231708728,-0.9930697628364311,0.08085009899074769,-0.1538418937071082,0.7869703799808407,0.490904571672343,0.4908525512220685,0.19999224248265013,-0.2199531414609981,-0.29476617751845047
-0.6380464110388657,-0.71817106331449,-0.912279280614525,0.6564664121122248,0.5171567851723329,-0.860076549410105,-0.46717337089053057,0.8089265195436182,-0.968012067910033,0.14839718244676625,0.16168851383595606,-0.052906386978488706,0.22661443309393103,-0.9340889121664346,0.5002883831399159,-0.8674951340187727,-0.3551315694694044,0.3377588501320563,-0.08381223095692358,0.7344784524633372,0.2122405342017475,-0.972531880362441,0.7502522593854013,0.11752384468491539,-0.5539355003788733,-0.7237089706624573,0.9963858457342938,-0.7211148464076524,0.49664860913936026,-0.3252032536616085,0.7454173308420213,-0.12423405566114187,-0.09599256255650901,-0.8717621877199213,0.2010128999016394,0.8208217026065778,0.8533122333620196,0.7587716305992147,0.5401179748907916,-0.8099875517606712,0.6511567939420759,0.7974837406753663,-0.4322489001789529,0.35354500971169833,-0.2792913665432133,0.5723989349739023,0.0686976773422261,-0.8649126864694658,0.47672744170305914,0.6433294879150193,-0.7778523085913269,0.5523647287570934,-0.24288096501233247,-0.5517053021689389,-0.5202891256128894,0.10339384941797514,-0.6805764039177999,-0.08551861828859386,-0.12914028673689626,0.7774615492461812,-0.1363081534590571,-0.9915750409223414,0.26898277402562587,-0.923398535063388
0.059807613141978244,-0.5015131990947055,0.2155370509036394,-0.5540645130581789,-0.04271265631376875,0.30170294046976265,-0.7951543411933442,0.013188481577362188,-0.2629225755400071,0.1178440825017879,-0.8343775827214648,0.9893127152998138,0.016741387059967305,-0.7743719128260789,0.7936041737268842,0.945888047707959,0.4691528336777786,0.8773555400026274,-0.4582046266965718,-0.6881902467231396,-0.3631913916842675,0.401983731802547,-0.808831690714523,-0.5895054402767004,0.08149521063871301,-0.5830291845700806,0.3947612123319941,-0.5289516165686869,0.37600911538600923,0.15487635346035922,-0.9968865212249116,-0.6656115990664253,0.3666845089448927,-0.09579071546320517,-0.9713679650858156,-0.04935340893276052,-0.06748957920212018,-0.6589630504844022,0.4670069584562677,-0.97462115587413,0.056594250553485104,-0.07354060203078983,0.5187084945706173,0.7229496356816534,-0.5027513226747877,-0.38095192061009286,-0.12342161464473578,-0.01752030980063246,0.10458231212055957,-0.1829842092046292,0.6686712534365336,0.2675572020077155,0.14504317382608822,-0.721884698356577,-0.4683252604642203,0.5178150503758214,0.20527438991498914,0.6129601735828447,0.9339469812973091,-0.41717467082253457,0.4415400993749028,-0.6112887335759285,0.16718180981359,-0.27458805585568813
0.8827586709511959,-0.23220485000603452,-0.9399896234841396,-0.011342459653142845,-0.07478210959557874,0.4559328560116067,-0.8235389833013871,-0.6500269896219797,-0.07945635309373444,0.6632982732698536,-0.8410934973191331,-0.45270600399266026,-0.342340165943253,0.44203604019171694,-0.7927515350241006,-0.041153353340931176,-0.1269910963243015,0.6357127493725487,0.695344026280466,0.4650910017978158,-0.3279355642000683,0.5043897255768008,-0.8918271123276078,0.33760097085214125,-0.8882515788492815,-0.7295578842578445,0.22457856022320866,-0.08708081565939163,0.5008251064264164,0.8353739768018162,-0.0635254341018543,-0.4291703007414083,-0.2969480927950261,0.7968133209433068,-0.6679278113506748,-0.2945368499605936,0.32278496083607955,0.8200107987915788,0.013754060468111895,0.1771671667937471,-0.6467955708460664,0.08664029093318226,-0.7233982844286502,0.9865902971927971,-0.6299736776476985,-0.25133913825276166,0.1517968520035844,0.744665557980156,0.06139516282512747,-0.5673179906423365,-0.3432056688621581,0.8724577967014444,-0.7871445622667841,-0.17863245707994313,0.893722846211014,-0.3353295924618731,0.18883304485658625,-0.9094498912532616,-0.38397044220262266,0.09898983714484322,-0.22485595339096687,-0.36933023118134445,0.33053177615014184,0.419314791072547
0.19035749962943105,0.8292186017715695,-0.5825448553034234,-0.07308104453536735,0.18261644086903517,0.9671033646788993,-0.34874834048896197,0.6563286366929064,-0.5069181763168988,-0.6719140965854976,-0.3618191491952749,-0.5519264737058664,-0.3393912761664257,0.651225303189145,0.9661886373337292,0.7319284690282244,-0.9572539923162136,0.7501394728869384,0.7118382318050032,-0.18585784756568557,-0.5706798208559123,0.24676973475641173,0.8717189969675319,0.7579509006115195,-0.27036422470842414,-0.4020396423228241,0.40100593230776416,-0.37912679701254715,0.23584065290487133,0.929744627430318,-0.4557515986472531,0.9638582941593068,-0.21833431774071,-0.6737974523046837,-0.13084901563421347,-0.5248438546474465,0.9760385937181832,0.12958298782447253,0.23755476399640685,0.6732742838506656,-0.8031386949926169,-0.7148708763575085,-0.34857654005363536,-0.8740160484026116,-0.8388791844177137,0.42904660892545343,-0.8192752551833635,0.5582356943987066,0.9372510749313405,0.43414984371589194,-0.6803568662826704,-0.4381085680632506,0.013086109094927245,-0.15621185198063525,0.22433622948709142,-0.15814516347069207,0.2596896263737076,0.25737784473051817,0.48586749546512586,-0.6021076607758618,-0.9656569193671354,-0.4003282141558764,-0.6042503589675035,-0.5574309901334136
-0.48992796302662933,-0.3649559872314505,-0.11855673260198896,-0.01759896189375265,0.592792918116279,-0.020289584737667843,0.4235057114606666,-0.2560899895108215,-0.743738295164049,-0.8420319357885542,-0.3504083084456422,0.39780807333963986,0.6065789972670876,0.8252447579736422,-0.637890935937004,0.6215832628108131,0.755204184630726,0.155991128716499,-0.17041391609252154,-0.8344334925171535,0.6913337837842191,-0.6257474114322743,-0.2510747498257382,0.6949354966937362,-0.777589674577448,0.5300438003869588,0.9218055066088353,-0.22955872101307429,-0.917354740897564,0.5858567283275817,0.9808007562152754,-0.8516774122127628,0.005600354043183042,0.9436033172491511,-0.45464740840951445,0.05887809852801995,0.05513220205759084,-0.9323584662585318,-0.02775365164459087,-0.9509383162487157,-0.8217278889037523,-0.2888652909693774,0.1461170226142714,0.11512577402541391,-0.49555292028440734,0.20871222832419112,-0.2206484646618223,-0.8219080137447343,0.7143621100967763,-0.9328626440936061,-0.47722797744344936,-0.9466267502271535,-0.7876421443425261,-0.6765544045861116,0.9179193442253899,-0.7972884994743534,0.740302868782313,-0.4330261214621616,0.5139110843776795,-0.4489506209794094,0.46661581921762596,-0.3863571374076451,0.28685589335204376,0.854093226283267
0.3529682952050974,-0.28653102312391887,-0.6783149231852794,-0.6645352871956118,0.8943572279918326,-0.43848199336164106,-0.7425673809665727,-0.6039626101157849,0.44087666864003094,-0.49719557323019714,0.5089694880041227,-0.7170047343497987,0.8852027083577518,-0.8515376209249841,0.036154685482369775,0.036036606676416394,0.26275733457848927,-0.18106258891433402,-0.9250854606035943,-0.3551343827618776,-0.9903803068618877,-0.7949733867303115,0.1624756051803231,0.15210765583773278,0.5962383544811445,-0.6938217924466048,-0.2710473117490868,-0.857126922645107,-0.20256496635075139,-0.24318219443130307,0.3622731004653579,-0.8720330204148699,0.08667544064496635,0.38329925057186576,-0.03175132008437487,-0.5543257740194503,0.3818738597519944,0.44594034126501114,-0.24001545806306068,0.1806197806550569,0.6561465446164658,0.9932450327093398,-0.9107214641423282,0.8298256166900639,-0.38094674659047545,0.8280523498655057,-0.8635172597166703,-0.3491965269149335,-0.11881225402290085,-0.14017847715407306,-0.9186666324038333,-0.6738512955256617,0.8246227675156073,0.36331519288832337,0.8213743839561272,0.03533724964769691,-0.948327854176386,-0.6794650001024833,0.1313216967832982,-0.5228923945663055,0.4943990916497707,0.5864068745670934,-0.780125916357731,-0.7543869177568185
