0.6181913115393507,0.7379860578062698,-0.3286212178968344,0.3930480679620849,-0.6092133626547569,0.07883267604581157,0.5782209629924602,-0.4653502625695778,-0.32338973306702257,0.7771158797277271,0.7770563849343914,0.5582497040432017,-0.47746411826339363,0.5667224864273439,-0.43231970135780284,0.7936882976247714,-0.5181001180657383,0.08393870530024095,0.4788909337059528,0.06627734839609745,0.7236286304053552,-0.05179269015352528,-0.4623409719626952,0.24975397736375426,-0.42782821677631033,-0.4463353185473198,0.5760471672089391,0.1647995880227613,-0.9793440854503466,-0.6972273199518946,-0.30513117215524366,-0.09273414468961305,-0.6500631430144855,0.5251538488781973,0.17066960902944373,0.8927057555607136,-0.048540993333799465,0.4036784015295174,-0.43710325821995033,0.9391626104334743,0.8585153150995797,-0.9246347411319638,0.4454968392127845,-0.017657472995884937,0.23932864241721719,0.6245153290647445,-0.37683495773016973,0.9681108716440538,-0.7618088446057218,-0.7566731222952365,-0.9807521530472303,0.4385881281414845,0.5614102286658238,-0.8357672790363211,-0.42323677562833284,0.11381372536383672,0.6182090399358202,-0.13449597454046947,0.9815120653139622,0.7562842696134668,-0.9726190000978194,-0.528868177040448,-0.9742838799715559,0.8137792940429363
-0.6993880894024656,0.769906665278147,-0.22328340356914111,-0.2803679453306229,-0.49583872916434024,0.7747895882290134,0.2393997208640617,0.6524493736490495,0.8020821253141306,0.9270684157523101,-0.4584927842238524,-0.662559075880613,-0.42504940885792086,0.6489423679105286,-0.5235227538527556,0.42838138659123337,0.11338533345726054,0.6422137754789925,-0.24999237848650213,0.8297377271221491,0.9225529079575638,0.03648627107104563,0.11067421261810773,-0.13761659018462313,-0.08341241696349444,0.9764583605332213,-0.08625501281660153,-0.19271638188201035,-0.19734691175239427,0.5208157553400528,-1.1008154117062048,0.7568803466027154,0.5438608343059201,0.7926371099445488,-0.9553766436493729,-0.4368940607655811,0.2951908866295314,0.698497190715033,-0.24994139818306893,0.5449317821632866,0.25630314870319615,0.49524770560717846,0.18354109980614042,0.17198903724485892,0.32120812457940384,-0.6496089338061803,-0.8202760053755949,-0.7119680878694807,-0.9492723318755019,-0.34550346857579584,-0.9870498267610228,0.9864001389752903,0.19721272776098697,-0.697215236412998,-0.39914793398203585,-0.33889585065593986,0.8297069285941896,-0.8264823130794525,0.2595861050024926,0.9147148366588171,-0.63594756705765,0.3384831727722557,0.6022668854828876,-0.3940627278274984
0.31920860651412264,0.9708434435207514,-0.5207962681461424,0.7489833323149,0.6572274166990237,-0.1162876585047461,0.5096178480177493,-0.7128353805524805,0.12020085810390913,-0.7966663956101192,-0.4120449243477482,-0.7814400034126672,-0.8403012611866452,-0.4371604966053748,0.14107111749953916,-0.3147907571702955,-0.6211664725790274,0.7222203728369465,-0.5626937004491759,-0.23413630931756924,-0.4148457310119309,-0.1326163281266235,0.5020553054199137,0.3159301891237718,-0.07292102366986875,-0.5632169410953876,0.37799142472703284,0.4439611826451899,0.8003564256530573,0.8457111614698531,0.7899690808791366,0.9393405532125769,0.11383527141547956,-0.12472178561838443,0.7588871093069292,-0.683415653758588,0.015840617077816033,-0.0008356051764188965,-0.9556704296418943,-0.31570200460757136,0.048333018971055575,0.6366592135719527,-0.005744248136753782,0.8749810426372089,0.3409812789510356,0.4534859079976652,0.16931748576358485,0.21942010877804807,0.1731569470804848,0.6603012848043512,0.0011231515290621719,-0.2033443306166065,0.0860917285998124,0.6109501323703785,-0.5310221373147652,-0.8153094631082707,0.5486785501155462,0.7751380707734166,0.4389135056614957,-0.852832817980139,0.7751547829760896,-0.4115452957152004,-0.07350041228948623,-0.31504245295473776
0.18527369441001595,-0.2274553282552012,-0.7779364516168588,0.9724899031229803,-0.2948031787413281,-0.9637258483269451,-0.8373045606753418,-0.1826056999181367,0.6696453793853776,0.0873980232470839,0.7120012931292388,0.3108895067658666,-0.7367523556304121,-0.8633589661484675,0.7142418319261408,-0.7895253370956203,-0.55485055927183,0.48029038227429477,-0.35431839764259254,0.8309759676843904,0.23614247534688815,-0.28914503551130677,0.12847821157676753,0.7617811836740165,0.7566974220740905,-0.014209892226244358,-0.946906118236408,0.4649958343149143,-0.10757034196301563,0.5477623102310079,-0.2557586849879028,0.9966160235475061,-0.41818185510343864,0.7800719293570499,0.8039093447115768,-0.9834798566075134,0.9491430500181801,0.797419507440295,-0.4193938126603123,-0.7116104525702938,0.11638157349039346,0.3927612141717596,-0.7767478088535427,-0.5257885086158234,0.6472463652841101,-0.9931162069389663,0.3885930144996701,0.4878274787072856,0.9631455916698279,0.7754839778004801,0.6924222468671422,-0.6019844684384519,0.36702463692245146,0.4340762208683111,-0.8902877470875179,0.46580749902444096,0.08652985717650163,0.41759601261498797,0.05025760679751845,-0.34362569087859507,0.2029712805215167,-0.3802189494663182,-0.42651054890645557,0.3016081147976746
0.3186950676846725,-0.8307600979683598,0.48494547270236255,0.6418497933033565,0.7679097695284423,0.8326239947514571,0.0647526812804533,-0.23314530129969313,-0.766615316098674,0.3459662671973034,-0.8753839350453052,0.7780528232140296,0.42868125102569765,-0.12219655568877608,0.49180620437158473,-0.41779566978115446,-0.820224560783744,0.6953101292083812,-0.4471851818692073,0.6273674611235116,-0.5492010782268695,-0.9730981846794906,-0.021491367980687848,0.1382293322000634,-0.2047752249024819,-0.9805376228312537,0.9986911424800609,-0.07331796396113255,0.5633881361412536,0.48195765770239185,-0.14743174332871023,0.932996056694043,0.7173173253590364,0.4383250362450115,-0.5220935855693738,0.9113181474632179,-0.289717645927392,-0.8289864194178302,0.20456349850366706,0.7742961774954087,-0.415272996560065,-0.5976228832913879,-0.5294984727701317,-0.32926078231649436,0.3529787762127641,-0.5828132054954074,-0.9627846908298903,0.8065973102391837,-0.037340109523548826,0.49127501084025815,-0.24037132870062017,0.49482436971826904,-0.46922419019397354,0.5151155308294098,0.5177109540217686,-0.8263550076135089,0.02956484413760463,0.5365974066636923,0.6470516446614094,0.27440730630883836,-0.9765139828820262,-0.6515192071322322,-0.2436354589396743,-0.8711782237282202
-0.6351526571567641,0.5610363544434571,0.5452932974950431,0.4754663840233897,-0.6233691663077987,-0.5336664131068172,0.5356211259728201,-0.11719598811949727,-0.5778813706013446,-0.6132856845273948,-0.8219040591659841,-0.541718379603674,-0.7486251681715737,0.7901093224918792,0.4452448025042677,0.13113031525335672,-0.6543308755378525,0.13309348155109357,-0.47831663446447736,0.27225212599443727,-0.7873084034134665,-0.8624808696218584,-0.9288146781747617,-0.8044647550604664,-0.4240679297947241,-0.19211563056018388,0.8039705280479079,0.29907253081984964,-0.5408423237151758,0.42660311478279067,0.5546668248350042,-0.7540901732272125,-0.26582578191402395,-0.6116603142907233,-0.24363046733437055,-0.6808443382253686,0.2876867000976626,-0.826889678148117,-0.773778295092376,0.3738324847145751,0.9027925147490399,0.8490524171929583,-0.45711586426541073,0.8863889955976085,0.34400589282402194,-0.19119946515113817,0.7197196677816835,-0.7494829192134331,0.29237678936880873,-0.6280213965681096,0.5366817363651932,0.9833330542387932,-0.42884767899737075,-0.2023004009775673,0.31728542445768615,0.946214073118627,-0.7117918384053117,-0.8584685797269138,-0.46017288909321863,-0.010136400329297413,-0.1524703433858503,0.8248982686002029,-0.27417612415243475,-0.2268021070128039
-0.8642671278732597,0.6015923913848005,0.7936304989378651,0.4964666347761988,-0.16827778032404006,-0.37571632743755057,0.8905606689205516,0.5067272353915244,-0.42712628242191775,-0.2990655800032951,0.3434725199879358,0.11598851953313183,-0.9284765874502081,-0.8980591493863785,0.5169690846936195,-0.21688305005814335,-0.791530647654725,0.4843087443101419,0.2500864843460897,-0.5040516345580026,-0.7235823642322026,0.3604338036971724,0.8459850987015072,-0.3634125193029367,-0.9977983946949582,-0.8829720810347252,-0.49950200545935575,0.9218021887841217,-0.5705553855097467,0.043681797837670455,0.18206913952116976,-0.3556219928630526,0.09863669654187324,0.5291600751900158,0.03802205863541408,-0.596646748976243,-0.8942304852690981,0.3924618454554587,-0.6957917859365046,-0.9066895882491337,-0.1881977709219287,0.843710001240906,0.8566484248186998,-0.05569456747787771,-0.7502075803273855,-0.06618887702123777,-0.9290571509490086,0.5136398080621634,0.3364760754015572,0.7432855431148986,0.11894244333291804,0.9574482224338614,0.0899106534185643,0.5620438551983775,0.48746045445465236,0.31936907427409555,0.4693807618244885,0.01684343826664292,0.09513280076378439,-0.9967261292290093,-0.8585429876102779,-0.8584068520211765,-0.08140127518526885,0.95741729368736
-0.21357083445450975,-0.7516572792855079,-0.7360033511818103,-0.9130990556979304,-0.03940326675698724,-0.06034574490401079,-0.9695912398803537,-0.22333897581824136,-0.22401807593361212,-0.8486779505262545,0.06066133700723664,-0.3455025592121399,-0.8418144986290022,0.07080217580219994,0.5070736493386452,-0.8840775154559839,-0.007992796454037165,-0.8547639673084884,0.6746103115499744,-0.38844317474986534,-0.17003249254801944,0.06549274653886283,0.403634320397974,-0.043199746922344406,0.652456664309395,-0.3150405622614527,0.6646314273262022,-0.040744671039895985,-0.3267970153499524,-0.7973796755759102,0.3605354965634604,-0.19348371603489034,-0.45077648990224906,-0.17357658453495328,-0.19396869726717836,0.42185310005569754,-0.09014020902306186,-0.9494372141349965,-0.00915185123976947,0.5851305035344447,-0.44949340872363175,0.21348332630717293,-0.6897277044163974,-0.6583717329790952,0.31138501290908605,-0.6612785280784208,-0.9395927245505102,0.6589535288995458,-0.36906845125445087,-0.5157994242471444,-0.8981716414817422,0.2552426961412666,0.33913252411111094,-0.6169295078378665,-0.7402971575207262,-0.24272984969969724,-0.3392666860801994,0.3183986544272015,-0.3540637678234788,-0.24179823799596578,-0.2613414153539315,-0.056472899280568756,0.7910366005490888,0.14031832997261895
-0.12594943967692318,-0.26457650202541316,-0.9071534756499393,0.009612689743636826,0.719305317047777,-0.697356455939284,-0.634579841412336,-0.18276321741751955,-0.4127783437590613,-0.5855663349781903,0.15870089605103765,-0.6655248600159789,0.30563213046323057,-0.45451320673704276,0.9704090439167194,-0.4855259485674277,-0.18409535600340887,-0.32156988781528373,-0.19671699821842936,0.4530961645704934,-0.8857106135313833,0.5433048229814581,-0.14143506825621266,0.4951252309302363,-0.22846267479137117,-0.9378103831029296,-0.4569103740767142,0.6194177627203252,-0.4058591936233191,-0.7227674202084005,0.27209343403520214,0.49890873999932595,0.8254825748389545,-0.6970608736304602,-0.20290558258607105,-0.17239650619067293,-0.33943666512448734,0.6293067212329908,-0.2346586158627073,0.39936118263998277,-0.43519513833363144,0.2255597465757584,-0.004250948570214463,-0.6108877745029961,-0.43992899874517266,-0.7551163396549223,0.41774816467035913,-0.9815255349811685,-0.24921905949068957,0.17307194317479824,0.8063297206511928,0.06601632403599389,0.20353707319011027,-0.415656312777555,-0.1834233717143916,0.9404305338691001,0.17488883321739435,-0.38588131890041755,-0.04206464179151115,0.7256923277361539,0.8299283243551865,-0.24357127307732984,0.3583461302625499,0.631528016801127
-0.8235377985582293,-0.07247500694482856,0.041042963688344924,-0.3842652531012467,-0.05324953539496424,0.011587227687049673,-0.6951964619075595,0.9261089517075072,-0.21426611810509777,-0.942720887201898,0.9933864538608461,0.819262966382317,-0.8351620217892586,0.45758990716367,-0.10509575941417526,-0.9394032534705588,0.8468154234903422,0.2965569945440716,-0.33122144320640223,-0.4209333877724122,0.9055513791729308,0.9889803994146036,0.6803641625758234,-0.04928170913099095,-0.610592987207635,0.721492351645989,-0.5537219990469979,0.895352522306494,0.22021657500926595,0.9965654110023425,0.36712388020720277,-0.827297333181368,0.95746999145386,-0.6043250811303282,0.44999592312135483,-0.8226892069953999,0.7248743562984845,0.4984671251035111,-0.5179500547635218,-0.8720596211996621,0.035078769009803557,0.026847677946942206,-0.343054419195707,0.5737720209645223,-0.22634990957823398,-0.6392416038491464,0.8153061818933416,0.4339264128747744,-0.19319721021823422,0.9687701311521246,-0.6601399897800411,-0.35081375994452135,0.035826919230011134,-0.6124599263296124,0.6799925145460526,0.47402843554662244,0.029853560434547566,-0.6944995494550485,-0.6173542186361991,0.053872664142136095,0.16494810057276732,0.35114569047770816,-0.6161892236742808,-0.08130074961173439
-0.5484761095354995,0.8771279302583481,0.442269030393563,-0.4079217797234478,0.21080526998116889,-0.243945691706565,0.14902135794483584,-0.11243988149389028,-0.9065600376871812,0.4688558041616211,-0.6418286216673859,-0.04494397186001242,0.12479105552738434,0.656114915808413,0.9422711676469611,0.4462598624069294,0.5626349876555115,-0.9468596422547988,0.32659088523503277,0.606653651434129,0.3037061041373781,0.5010244818417429,-0.9478552684533905,0.16882476380457456,0.8671888004912189,-0.6080724839082285,-0.8103559136341685,-0.10426346765774608,0.6075759792228936,0.8820647676903279,0.07449660367600397,0.07735074939208486,-0.5802273947234697,0.02114633672382915,0.06623027192032427,0.822336102297174,-0.18677083892913537,0.4815552421274776,0.2272825432028207,0.2714837076047829,0.11755878408473483,0.06254942101207317,-0.5692658170818903,-0.09000585899867697,-0.6312006412119644,0.6309799059427623,0.5218520467684,-0.7452114437118604,0.7167001980134138,-0.4472928584860838,-0.32061655845441317,0.9422270574208607,-0.03284096328958319,0.575631800168426,0.8663132029747498,0.8599096244384212,-0.5412936392786873,-0.46647004236245326,-0.2801604052933415,0.39250325592967794,0.9682991823497531,-0.3864183126923595,0.33361794779675447,0.04669877005827838
0.8113385115437912,0.6630323959230371,-0.11850803026268197,0.013113954958792418,-0.8967940840478634,-0.19356946487435822,-0.9708036455234219,-0.9876083503352802,0.5081803691213018,-0.12717626429388407,0.713228572360479,-0.10805358004553112,0.13665493854018274,0.5572457164881515,0.22358952357650774,0.9223349809838022,0.3732663000425174,0.2618946332723613,-0.7610490597489878,-0.950555172510043,-0.4243930580868527,0.4056034557107213,0.593849106154781,-0.8902687001695107,0.1513774173185074,-0.43553297331035634,-0.3765504866885334,-0.5524365747895619,0.32923255094729176,0.803021297556568,0.637283912916254,0.5218660998974334,-0.007548685117007237,-0.3597527880067055,0.9897340124443355,0.6191999229700447,-0.7042165545723409,-0.12874173135694433,0.10485039175150579,0.2596279278739786,-0.02456812163832156,-0.41001960054017905,-0.515910045741413,-0.1343423258215104,0.04700781255733033,-0.11883358128360588,-0.5209069566596083,0.00646485755744286,-0.00464136222391387,-0.43010118001996833,-0.5475762835153801,-0.008948051494435338,-0.16878758053067466,-0.974470307390336,0.330790366875918,0.5348727145977079,0.6820886193421074,-0.666392913855373,-0.49711242226683683,0.6863211300367362,0.2882758089391444,0.43769875508404765,0.5761852488630568,-0.12766338841652583
0.624360439616473,-0.3516016735325509,-0.31140617415450533,-0.6150070824801241,0.7867658291295585,-0.7073622766506527,0.5167332645915208,-0.6300757720527594,-0.23008541444068542,-0.6602610900731438,-0.015932880267150784,0.797643432721757,-0.7461299580806819,0.963702153946141,-0.7162411424265527,0.46208416283257026,0.28957827584358453,-0.9063362447442407,-0.9168478441601868,-0.9279850387935653,-0.13170177630661772,0.32958522212608177,-0.9459419513570886,0.44781857970585137,-0.514852280319338,0.20316822529313416,-0.007234023668349021,0.8658551330138853,0.07557891823455432,0.7861230078518278,-0.772002034340274,-0.12947930775283334,-0.7090370563464308,0.033975708741970756,-0.4252602319172927,0.2295874302754486,-0.30154235780240257,-0.2689848055680586,-0.6943655064565868,0.2793319100977978,0.9201604421715821,0.25660502655063944,-0.39225462989557847,-0.7661082182675403,0.23034352711624506,-0.8316901934220169,0.6164397465236255,0.623719045695339,0.4288408153427743,0.21422686932786839,-0.16305942436642362,-0.6244184142487952,-0.8029345295748453,-0.3901706890559018,-0.44851924477371874,-0.14520095443507386,-0.6336762954803654,0.38038675255517185,0.6808126641776795,0.3223769720792746,-0.4341604610767067,0.6797392925521346,0.4403562485658934,0.27739289848474424
-0.900428375767566,-0.9796254332906664,-0.3375766866277574,0.6650231301873606,0.26569665117853747,-0.30062052575684417,-0.619704635640091,0.11825160001856472,-0.6383842388595086,0.145954007223966,0.6990021081859674,-0.7736611174741688,0.432539410406799,0.8386066019607552,-0.7645329766787288,0.5828248186426972,0.7806475086764058,0.19156187461481555,-0.27411401621800113,-0.9095845721066258,0.5634276859971161,-0.04117742997084872,-0.6043056286102289,0.3194287438741603,0.9886529441189922,0.6642926297914993,0.341744793312708,0.4885785692539577,-0.32871772214837836,0.3136185975455543,-0.8956593427012307,0.004518090708675038,0.571302955186211,-0.8731476325396343,-0.5019247801803512,-0.5343736362566076,0.5389076832368096,-0.8886359271923792,-0.6289795985415945,-0.8759954987043523,-0.43021397247073323,-0.03183830419604994,0.919985397046742,0.7615333371647524,-0.8350254330750677,0.2572790529606941,0.5020310616343884,0.43646703333173864,-0.2205912100059506,0.5880160644935155,-0.977406046868911,0.8339652681509617,-0.5882600413079166,0.33061935359519556,0.5206172754250487,-0.03456748653775166,-0.5179800027954777,0.1613253126957368,-0.673263718540057,0.7376150851947696,0.8512739796173168,0.052513462482559836,-0.5560153793202234,0.18948936671971572
0.19677660980977718,0.507498550366172,-0.9409838302488551,-0.9408043315792995,-0.18831946267311417,0.8316346371243917,0.3751286420020925,0.8978665661333101,0.07177397700098287,0.6439877866563875,0.9850664436253052,0.0779220090809365,-0.7172145387928848,0.6142295601625689,0.8703804890264284,0.6351451524759919,-0.4001943112166406,-0.6194542121135211,-0.2874125764118556,0.40890244922944996,0.17780163489723466,-0.714897017524424,-0.7081767690006977,-0.4534500726341726,0.7922815372713348,-0.3576533739864567,0.3101101640749446,-0.4677167408835694,0.33500098651551125,0.10228993142309606,0.07367181678443324,-0.9121601641466759,-0.3816318869521813,0.4680014590817816,-0.7146709350040568,-0.3303854712473029,-0.23102136063558043,-0.4311421915823226,0.3998689579328294,0.958024027006902,-0.8492985813793805,0.9605577089851993,-0.054662151586367,-0.955677843800687,4.741195959123701e-05,-0.34827734378106046,-0.050705353249022256,-0.053225008859492995,0.4657304391495367,0.719080539748632,0.0030090391705823727,0.8488619544278533,-0.8115963587194155,0.3197517728839019,0.15343692847974966,-0.07803714031025799,0.43050600612738266,0.7450652939878359,0.09113224708663936,-0.6796691132526531,0.7150576576143011,-0.5673363480850813,0.1604773053600057,-0.9240202973342035
-0.02535989010927886,-0.7532114879172447,-0.6393833133193052,-0.8019531345582038,0.09966344260660098,-0.22683224207853403,-0.03888784315035099,-0.9284696625378657,-0.055215273919471564,-0.4903423570170591,0.5610251030816069,0.7619162041316638,0.974207213113397,0.5496115584209307,0.220948140159835,0.47274254535563953,-0.9419894506737432,0.7690454625929428,0.05796735495093186,0.4070691866242464,-0.25802190948801385,0.7191302563326747,-0.5125556513069638,0.5855594349126343,0.026054662123951244,-0.879888394642458,-0.6433331622614906,0.5287339264094744,0.4433979185865995,-0.2688527074936229,0.79669231832007,0.18937127222198757,0.7759892140982529,0.7722308341696045,0.8226799508292919,0.3799645334296484,-0.534556444362076,0.7350664638786766,-0.723323549280243,0.6973191665009837,0.624699836971109,0.9620399973025584,0.02697783336772752,-0.9837498440775816,0.48978025506780254,-0.43078301172152256,0.6375388735910408,0.12140171178367964,0.7726273055904989,0.08170779261531114,0.41881755457020753,0.5721159240663871,0.475573358955486,0.28522039282062295,-0.2691970701812998,-0.5684681220902457,-0.45662806959291347,0.10020872692047966,0.4406117287346958,0.8197409763103818,0.7883331239737246,0.43989425523831316,0.6421639717001002,0.5638153466044753
0.24056501380124368,-0.04260554105717196,-0.030774275801969786,0.594103804076872,-0.5370143083397065,-0.03612381184866509,0.9313921886390786,-0.6685174213566709,-0.5820257745013617,0.010594326002929977,0.0054949211855510605,0.77692022527561,-0.9958155502809236,0.8550270303033858,0.6405389594091251,-0.588957033819673,-0.71419961018539,-0.23282492696669155,-0.7830396523473739,0.5048134552149981,-0.8313280003826669,-0.29818294309038507,-0.5188613126365813,-0.8978226082512506,-0.4393783012549979,-0.629416021604071,0.10652076921702425,-0.6264694614053181,0.8856335875707815,-0.8657881970740056,-0.2745291851672296,0.02292848413447257,-0.0696379039381938,0.950003367913228,0.12679017846774254,0.5948935511911766,-0.9686736634457416,0.05241375202579124,0.6693083803953039,0.06035746849194523,-0.2613452512712522,-0.19261928035268294,-0.6064292638121138,-0.6649782920408067,-0.3699082287128985,0.7345311136990726,-0.4622807307649843,-0.596893029338555,-0.9936847361489736,-0.34243519703937575,0.6068950498679746,0.02511676808204477,0.9562633740479292,0.05643231400354498,0.8851777960124947,0.2607705444303998,0.20269486973718776,0.9499809393262397,-0.7563236992411992,-0.2475917881393377,0.931406639195437,0.8657111058375706,0.3342822485999899,0.43241141232191227
-0.6275552808212455,-0.4110788294776251,-0.35635620831353165,0.1345596691955835,0.713891141711732,-0.4815284693966668,-0.35006226944189045,0.8586562012456875,0.837548865895269,0.9900453214583016,0.3089152937340316,-0.16524117798669313,-0.4467106126911593,-0.11155800937587323,-0.9587091875318261,0.6478972426185048,-0.13981882957123504,0.8292465570543113,0.19800250826904287,-0.4005343442667251,-0.10521248753596724,-0.3431446229021582,0.22645403653140628,0.8305465185370549,0.728126499657852,0.5954910713364832,-0.04238719602747554,0.2268301137264801,0.882291145603942,-0.7438374075585572,0.8022922242708903,-0.8259009984306847,0.0631179032955469,0.8691388860525611,0.20967319542166085,0.8866212478290023,-0.616575329257377,-0.013437044521644514,-0.9387206791218856,0.9641251694871766,0.6239320283945944,0.5480143320240807,0.1725883835271338,0.37603082863223203,0.33718219934427807,-0.36236676182951677,0.26234683263440695,-0.8275600993729679,-0.15073391351150134,-0.22362152161744975,0.8929890748648324,0.8830196396768555,0.8316732304663015,-0.5883138445138685,-0.9161102251734508,0.8775637114789678,-0.7184852271964552,0.9960243212102788,-0.603063860619865,0.5010981366239633,0.30454283492510403,-0.003287410451797479,0.9245591447361552,0.7513849792538823
-0.07589417130072129,-0.4815626310466099,-0.38285733561545143,-0.9599249546689288,-0.5142835645554937,0.6176432262033884,-0.189212486560544,-0.8832058861908694,0.017310796427318698,0.26633813569130704,0.2824593120362051,0.5010624102771148,-0.7067710231592668,0.2619901141556187,-0.02473934686754542,0.9666055103479563,-0.8325307512228626,-0.6389885508599251,0.68884879034442,-0.41605846649169087,-0.39673221750959353,-0.9184558379164669,-0.7292241603293685,0.052041033569032,-0.05840368892209069,-0.6666445815718702,-0.9043922505691127,0.7193035527813241,-0.9410815437941327,-0.25908054212479903,0.9583193046312928,0.6106703188553269,-0.15740817145184627,0.22489501080038,0.7692362199576213,-0.6139554949127424,-0.25884351039393794,0.5693777890274159,0.40395330864781664,-0.9823181409561961,0.25292556605605165,0.057278458444542046,0.24678381683803163,-0.7989755603833444,-0.7685736367906801,0.854810303816101,-0.4609418462632624,-0.4649844255156299,0.7228967686131371,0.9984878318138053,-0.3244872221652375,0.4530605160856642,-0.3971346465233683,0.7304719669235642,0.3434590093228249,0.3014758885463509,0.023266868735365875,-0.6889018466933088,-0.4848546817883246,0.9573785458940458,0.47475733092290695,-0.01654187494239734,-0.6554425817749763,-0.7874102541048504
0.14813232196573467,-0.23437910814737073,-0.46511812155329735,0.313646682813175,-0.9028496069085197,-0.9440148851989205,0.47126629802338793,0.16664726141000452,0.9916605896107056,0.28579342891758674,0.7414800103522508,0.7556362341037715,-0.9723121777054995,-0.49060705060351695,0.4734376786358334,-0.16080463392283528,-0.40415920943154204,-0.17563833074469626,-0.5121677705144476,0.052031839587470596,0.7342304309194392,0.5607978979805373,0.1098624051759245,-0.11977375534505219,-0.8313367655562497,-0.4487594680219771,0.44544047393665687,0.2968990380329355,0.19163830260044445,0.775740657360007,0.4880692650182963,-0.6559805335744748,0.7810011468068669,-0.08254706361895559,-0.16240817655906015,0.3306776033807963,-0.7556388597709942,0.44588649797520086,-0.016400684376821406,0.13308962307822791,-0.5226720912968965,0.8764342153132831,-0.0823944988094647,0.8745971481362635,-0.7365371723984706,0.19030407991448217,-0.14226535104264526,-0.13412991581710432,0.035809423139531504,0.10246227784062478,-0.2505247218846045,-0.47358814201258426,0.08393089641400664,-0.74551453942502,0.06066635107686125,0.191402857037974,-0.4910682511742368,-0.0713451582818625,0.06704136688330853,-0.17671565575844417,-0.24383314384383858,-0.8512580742858635,-0.6517279127173055,0.8856017323354728
0.8338304718564593,0.824444440604843,0.9829896514349796,0.12892826092112797,-0.26326444572070784,-0.9589219114818432,0.2589529313003711,0.36485425013954864,-0.12240899125404447,0.7771368318831786,0.5385599596763206,-0.3737037805199619,-0.4767061049826985,-0.17435291869379066,-0.3784034408042085,-0.30529672060130575,-0.5236133750687106,0.16750743125578849,-0.49409298875274454,-0.13560180172419023,-0.12155848130364277,0.4357289549471113,-0.5270686537232212,-0.26723763813215395,-0.7104013405749492,-0.8793551079832709,0.5804451871119782,-0.23954343594695837,0.8576154611709419,-0.4593919565533937,-0.4728985228755911,-0.993731331854578,-0.5049453639288475,-0.35217231849629416,0.9761650231676127,0.25446942170893916,0.6950843628749548,0.14348685635447356,-0.7737459109985336,-0.9407126875427096,-0.6256718721369576,-0.9935774857213817,0.8656870221245552,0.9469021206594295,0.548161396702237,-0.07572829216353583,-0.70247289208766,-0.6472614797887808,-0.24054439697982044,-0.7418927878169754,0.4956193182528428,0.014250639752506622,0.6836333354059039,-0.28893016649842207,-0.15887252795454532,0.4783517550166887,-0.004157318469173887,-0.84985491570323,-0.08306187721376146,0.09893635688252256,0.23058680447863522,-0.7608971638945781,-0.9630596895498293,-0.87837656755657
0.9140708292908468,0.5521663889022308,0.3315428865926988,-0.28137985251539965,-0.7672547849705291,-0.8181660049069994,0.7476916834196223,0.09279138918080165,-0.030533558510149383,0.4496823216012993,0.14812335934971688,0.004711148825740974,0.6517632227162728,0.962384253513304,0.4280341624038,0.8034576541649816,0.24226141129080525,-0.18767815177977032,0.6033642303353879,0.7013262073386377,0.9315635471405459,0.2884905888752898,0.718811375278678,-0.9261453499786005,0.34139350813817537,-0.7006715077905585,-0.42846803589292026,-0.4630751196038878,0.5127972294540992,0.24071930224043103,-0.9117889455055093,0.4744762484475269,-0.5189986791065253,0.05390201715895748,0.39340595244628074,0.3397852200505831,-0.2675521113762831,-0.015513044083204308,-0.8291775660360918,-0.9192843606700438,-0.024602952122781296,-0.9434238890813498,-0.013988174394758524,-0.03213273676532946,-0.32628132053533965,-0.12145174065452125,0.8369348993992265,0.9380240663929009,0.5093417364098953,0.11254373089488356,0.24140084262500294,0.3115542014484951,-0.6463322788346895,-0.22201259912659466,-0.450926906124675,0.4478365720934474,0.5696211958024786,0.4960356384157716,0.9475032140622419,-0.8684584306793306,-0.6939329474006226,-0.4243494733602875,0.5655581320249892,-0.19533196572320555
-0.42597214597781385,0.6309227424023798,0.3836135516177295,0.518247946804377,0.8272629713295607,-0.9741813434351376,-0.10431105290201415,0.34293909740747264,-0.4221141240608006,-0.457687551389488,-0.9852699755792624,-0.08397447880550479,0.9654205144287624,-0.6648895279065485,-0.7576429709729153,0.5127243191051976,-0.3762240765904561,-0.49156985101343875,-0.8433217755530455,-0.8426211646422952,0.9612369173625128,-0.4695523503495249,0.5756740883916691,-0.8728743075114218,-0.7587254478321728,0.23254794504013043,0.48820800917150564,-0.7563491885885596,-0.557767626075153,-0.9116921065514529,0.1567568607171861,0.4145074835741427,-0.4220708475960038,0.26445894629512323,-0.8859623405465633,0.43246097190192034,-0.10488017216818335,0.03653204316000891,-0.21450636184068395,-0.4269579331087192,-0.24966844590706141,0.751719848226418,-0.25323812933067646,0.5232874861238586,-0.31759861779856235,-0.6019456642241618,-0.7322867690868808,0.6657585238267913,-0.06734913220171057,0.22913962136661836,-0.14387800484867963,0.37882199717379883,-0.17076048910846042,-0.7415906803243508,0.6108595161253045,-0.626496067543906,0.1354274772958588,-0.1633587346221279,0.036022301784696564,0.11601964711693702,0.2513769220272579,0.5748199468282584,-0.7518745585560442,0.9819437675092348
0.6078018345423304,0.5801683536749802,-0.4345443492857086,0.25238750986587477,0.25029702380858043,-0.6715361073821078,-0.918924944658148,0.7628456512303801,-0.08544250922217711,0.9400763966055139,-0.27349770791209105,0.5872073622032514,-0.07813185410657142,0.7044219287576254,-0.3276436244856924,0.8816463117927718,-0.5110284869524679,-0.10972650935762274,-0.7226458608595654,-0.229534088786024,0.3414572092837074,-0.7077696566888472,0.9013572255168301,0.48809624672790264,-0.6852499281454043,0.5694215554488229,-0.7939234908245996,-0.8644482257776747,-0.6339382441945818,-0.9936536129271007,-0.6665169214380924,-0.946661828662648,0.3520188775946813,0.07917164036381519,-0.13038233849957304,0.18683600790720484,-0.412969877569886,-0.7434016396730869,-0.31712416056531856,-0.8254929259005925,-0.4849503090817089,-0.3232178533506731,-0.5381904343219481,-0.7338119577490678,0.08979669965195947,0.44642078230626225,0.9959823385617332,-0.2375370419126961,-0.4289606953787519,-0.10322783171852179,-0.6366653377322207,0.2729293736425671,0.17261659422446685,0.854256798898509,-0.245276281044698,-0.7002062055452867,-0.8692828165236439,0.8647312375895362,0.6835909271097906,0.9044655120518992,-0.1901098714514724,0.39878815756953734,-0.977672779286046,-0.9355522210758802
-0.35439444447414226,-0.15107821273928201,0.8715595129709677,0.8297670897578713,0.7195576274712756,-0.16254643359728416,0.6306201375470581,0.20725086587175223,0.2273839555000292,-0.7299462379430792,-0.4078023561054962,-0.44158172663895856,0.4709441913337977,-0.17843024583431477,0.6635468727119602,-0.0352361542034314,-0.033364219253118055,-0.9926723316173045,0.656171269442184,0.6791399988337044,-0.3936164083895377,-0.9924837268289599,-0.5337195101830934,-0.5105078774517962,-0.5691862811277135,-0.17706584203658138,-0.6721384571439972,-0.7402675998985937,0.9352788568670161,0.4457720368855187,-0.5638140936124005,-0.8388872381244583,0.9986846012776269,-0.9485306177566477,-0.11869886889413772,0.8876059119704975,-0.6655240747576985,-0.5642111740892248,-0.21679875479092936,-0.0006678374205280058,-0.41625440429585425,-0.5154651162153725,-0.6047195830880554,-0.17736542437612335,-0.3103297983957354,0.35143865901402904,-0.5475135170370735,0.2814507031685327,0.5455458840256096,-0.09919783971926366,0.9922842953277853,0.18582791911424912,0.794690346903143,0.09772756031137853,-0.16961942565207844,0.847291581679442,0.5169190690141736,0.5195197610284843,0.5378178052055704,-0.9459457726851341,-0.46887227786965147,-0.009856066079139136,0.36387789243529833,-0.5846762714104063
-0.8792283559559448,-0.9182884558500133,0.1166019324767198,-0.770612511422847,-0.2644372489842939,-0.2680869625258633,-0.13570322479558294,-0.6248337206069472,0.415333452538293,-0.9256728767158964,-0.26692907501789387,0.5782354483885166,-0.1197439020939346,0.6569590274277768,0.7904965951601157,0.2614800216002957,0.14877828446785157,-0.42854273526581443,-0.8098861509195059,0.7544808817493129,-0.22601140120065422,0.1246500575567615,-0.7930366320094735,0.9371325389796268,-0.7532139386907226,0.27844258646207054,0.4665558359777229,0.5194356414877632,-0.44486805527705786,0.9236068113403233,0.9800302612908873,0.49434024369994156,0.1699607919108903,0.7692869098901591,-0.2816489255767045,0.2062591026223446,-0.4083062905275425,0.8107763732429873,-0.347598636860718,-0.5391084980294234,-0.8000723729304104,0.07635254292757354,-0.18761911028675682,0.13673055944408863,0.7048963979456773,-0.958738886194501,-0.34424130146236087,0.5079632917435091,0.2669354297896509,0.3146280190816799,0.7367212252395541,-0.6280992918554287,0.6011122289588591,0.39888070535906284,0.20977273540094554,-0.8168637602064461,0.43686977504285407,-0.2043307279107509,0.6390395571124778,0.6112045999695794,-0.6500956739798458,-0.32393477184176933,0.7743039529378459,-0.3071270612324093
-0.33908894263959943,0.5434867891033874,-0.17768248742416626,0.34397834667051597,-0.6826135520093353,0.2968907938820071,0.6606891815376357,-0.18289038614738584,-0.6588089124400427,-0.22547105867917216,0.9227377372142145,0.9025279547412177,-0.46464920706667234,0.015652596221640946,0.21055669956106993,0.003909426775448921,0.7200998604419624,-0.5495352122846631,-0.6215654453067632,0.6451205243732263,-0.7229246489363534,0.15502113204463397,-0.7940014270190685,-0.7946209917311122,0.4003736125611943,0.46667668266966955,0.8688414121436112,0.5469387937142653,0.6120481128203281,-0.4216927756926787,-0.7590164108860227,0.34405277254647015,0.6085675627268108,0.7860967082502432,-0.23940132130597735,-0.4415582697328442,-0.1188893235473496,0.40646860645417404,-0.9126092473993019,-0.8993746055556862,-0.8418185743653557,0.6543931856340723,-0.8891163966358302,0.9743091732614906,-0.3450505687391896,0.8624632455836023,-0.48213307096188673,-0.24786778803740783,-0.19313687883914388,0.9419090300903954,-0.028113109097657185,0.38179584105040054,0.3728367330828659,0.5756651418014005,-0.05091072021535381,0.5219915502958425,0.7360653577348442,0.37665147207076743,-0.056875321950026425,0.4007373525629718,0.6554461114251602,-0.46717337049824814,-0.3575283038292971,-0.7351880018536534
0.3929445482080687,-0.4737407063774999,0.8126151298458109,-0.3119159531117568,-0.39133869916422603,0.06810417029188898,0.7721387077684563,-0.6447043538810742,0.754609859133053,0.7414795276059156,0.8609890537217344,-0.34044495511511674,0.12445034967092083,0.6590952613206063,0.4467232751588144,-0.6666155429516671,0.060177954223676666,0.007033741893954115,0.8085553624726318,-0.8310232980934376,0.004319447157851819,0.6545531694516071,-0.14713219701874403,-0.5898563171164755,-0.6980892736999169,-0.9846553863071634,0.8353970187265933,0.6840320793836812,0.9440060032681834,-0.7840469399271328,-0.996573412215753,-0.66425020178812,-0.24988857402420406,0.5808418805132232,0.1973300788709038,-0.48305519213981296,-0.4733031042972131,0.779612567844904,0.6592095592395761,0.44795955691055633,-0.20577872703489808,-0.1335124207425309,-0.60908732639477,0.6599971224208414,-0.2926008503974835,0.42972310699081007,0.3718894629694254,0.4349351485855726,-0.8041174179215063,0.10847760167137599,0.44037717060788806,-0.062145437002777415,-0.7258620467733741,0.3983877217314573,0.842464875638496,0.8711282828427336,0.5451853425715893,-0.8367921661732711,0.08274919016193993,-0.9805739075868292,0.8388808612734722,-0.2629060520264275,-0.22353201772282172,-0.7905934304222488
0.7996163974599044,0.898947090976834,0.5221054190190135,-0.5603370743011569,0.21756564640964315,-0.19692858575303518,0.2051161756969606,-0.3998929592825995,0.48302609262511154,-0.08203054944086263,0.364866403649023,-0.05099098176767969,-0.24833738025718444,0.8586096089232382,-0.8974734604748826,-0.9221383418477693,0.508673593637754,0.12949649349978998,-0.09803125706560101,-0.7191251908661105,-0.258632304513718,0.7637245883286825,0.6554653064958833,-0.4422169419691997,-0.5203792730692167,-0.8620170031303445,0.5918926826100308,0.2141631714403749,-0.2760016757393329,-0.4788394214534877,-0.02709913131683811,-0.43137084652064095,-0.7519013782839057,0.2326795221551874,0.1726099029483017,0.5447997846314416,-0.4028648782007318,-0.7903373932405978,0.6332922511290111,0.3879976390596591,0.5693777983685342,0.9206577199468919,0.16538521881467494,-0.944113319821474,-0.6460520775177365,0.8283623724632923,-0.12975230263570192,-0.09429106619321437,0.2779279982150191,-0.6759397293962275,-0.24248059264852584,-0.7455739154021706,-0.9295479604507118,-0.08778247758161273,-0.9478023635575956,0.6612912196090206,0.8278490056420074,-0.2965276467088436,0.4122566486965913,-0.09114094195092659,-0.522916735512057,0.561845626588177,0.7502054185015083,0.10856584740497
-0.7337884773945715,-0.9410154454323838,0.96514174197827,0.5468583331381986,-0.7613485039058367,0.9627862319921425,-0.48927188260277865,0.16308219990419337,0.5055044189566484,-0.4549359598108036,-0.010322977349781937,-0.31672601874847994,0.033320956499822696,0.004088999250316139,-0.21294414816293683,-0.5835081134159499,-0.17095191994167758,-0.006803990785627656,-0.5693885847357509,0.9988434450135697,-0.4343301348567101,0.3506085828274732,-0.6577075370196142,0.6481967476435484,0.8533435798447262,0.9029408335370239,-0.9651596309796615,-0.9388424360941272,-0.39174735180110765,0.056759454398696896,-0.32617825828516644,0.6105543173086474,0.9596256337159315,-0.9332828879397577,-0.9386537098284515,-0.4171636591865133,-0.6604152041339779,0.8608691190193596,0.27413034510772505,-0.20833184922493242,-0.746472820281971,-0.7210379351913558,0.47769513202866487,0.7006777778464903,0.714040853385161,0.12158200333743663,0.9150137897418782,-0.7799137594582584,0.2944535087017657,0.9708765791120701,-0.461098041777229,0.5061076273128404,-0.7054541830212149,-0.32217683336514225,-0.6399812893650274,0.12921802689399176,0.6369596416436514,0.8770098102218657,0.9342743426523965,-0.46973659856307437,0.04384148302908386,-0.6089730753844564,0.029398783156629138,-0.22214348921137628
-0.2634778231457582,-0.591040723104858,-0.07243258881376868,0.6874258684966958,0.08982131280143757,-0.8668997618820509,0.3933813829119024,-0.26262758432168454,0.9012937450418748,0.4447722887972616,-0.7787136004177626,-0.5525152289456619,-0.22374675619178563,0.8971637845227907,-0.4789580486686724,-0.9370890125622902,0.43355575147978787,-0.5497881626815566,-0.7045726379489567,-0.8382133074994635,-0.5965121280989796,-0.6152192013731514,-0.9461237491239265,0.3702028622015452,0.0791604306216136,0.5036424672719879,-0.8502258009757462,0.2877394090413825,0.04060681145403855,0.02833958083159449,0.2543139356120865,-0.6306537895702484,-0.6632626712248428,0.910879912849524,-0.7282841468874615,0.5884309155403249,0.03706379517747371,0.6457429115316347,0.009004164660512126,0.7172921255112523,0.6999998199732267,0.3802029206904096,0.9292775493647427,0.7375125040852517,0.6070647571317458,0.2454250064176735,0.858411357251134,-0.6544134932650087,0.8077429964797211,0.2789483195944098,-0.8739743436649694,-0.8518793466748402,0.019543310042722473,0.024895372693781503,-0.2820649040908847,-0.13034372511470482,-0.6481584482850795,-0.20839796927968357,0.8682775495786326,0.9837576761121682,0.9075382582813232,0.8736582514408786,-0.9373767898342362,0.3228844274730829
-0.9693083822411339,-0.6691000533233444,-0.2731004915886961,-0.14892894920277278,-0.7921521159672069,0.17917417546645487,-0.3442561808483533,-0.5761519503347183,0.39720770130009386,0.3018574857593872,0.10825303464940417,-0.06017193161802892,0.12242786411193363,0.30700313610950647,-0.4955728321362074,0.3745494519370365,0.08550767314047536,-0.837446656708825,0.9459670512688156,-0.4762020775176037,0.4136196558240923,0.5227040243734453,0.8468683216170139,0.4833439783286906,0.7227233497235945,-0.18830838378389236,0.38328494573466765,0.9785185216711796,0.9212221137992638,-0.6817850258847846,-0.30839241221952784,-0.016342062896826937,-0.3611546404404937,0.6478899249397434,-0.49643438162745257,0.6092913806563007,0.910102543463474,0.19162290570819795,-0.5917192662248449,-0.1378702756613044,-0.2764668171025173,-0.5161094405780411,-0.7727144022342503,-0.20825780914858028,0.47796997926301255,0.3297495913610551,0.10827999031890823,-0.20296533527208171,-0.11718168151349806,0.4850853200923406,-0.9965017249407169,0.5758952547681526,0.3513992715847227,0.9591044540268088,0.42670816487629915,0.6089720961490761,0.13645025995331284,0.7126603293288316,-0.9505453982305232,-0.9312635674289416,0.3707191057567909,0.8112976985016414,0.7091150976269787,0.7649838327885148
-0.23248606075643918,-0.28287214312537023,-0.41017028339128037,0.4461597681181668,-0.3860399806099799,0.12491013094268477,0.918437708290158,-0.16275576352000964,0.01721387241092809,0.8386149305217345,-0.3691131718841749,-0.4209042982691973,-0.2603155478227219,0.730378299856417,0.9072432232682095,-0.2976376020957936,-0.2477665003285474,0.7708439537394156,0.9553662714547244,0.6827022307489239,-0.48856733793770957,0.5814238980181783,0.21155563861815718,-0.3739156539557098,-0.7526046455807722,-0.013760857540744853,0.29052890561124545,0.8814442331233656,-0.8141522502443339,-0.4374675595478419,-0.14396792846520134,0.2279095235228208,-0.7638436524787915,0.39365670053825896,0.36274462523370893,-0.24383978382031435,0.12085562378511105,0.5551504332499884,0.3115140337794182,0.01450451096269223,-0.16710150918561806,0.70414739047434,0.2098429819899954,0.6712070084603188,-0.35614952489596896,-0.4352056701338476,0.601296972996958,-0.3183846344442913,-0.9075204962081189,0.6434462663536422,-0.9522921458631017,0.8331650608968699,0.00995200737272639,-0.6428249161241208,-0.09069703889403069,-0.8563139650880021,0.6844753885349368,0.17265845996498785,0.14605895472256614,-0.16397787845852219,-0.7428475148624725,0.18126523563421126,0.7391975452158335,-0.08270323267977875
0.3074800381500007,-0.9015954862623783,-0.7014182911784765,0.18572450920100314,-0.5499120470611207,0.14182678045114772,0.8386250359942244,-0.8837205595256024,0.4417973403045923,-0.4081800249873482,0.12833256165737894,0.9597411193167558,0.8044852824791204,-0.7600427220267092,0.8152089948758667,0.16655116349594912,0.6234192547936936,-0.8118042070861311,0.46116043616427116,-0.888119497530468,0.793334388899551,-0.4599032945768764,-0.3881816853085569,0.5332900231744822,-0.8274185892952504,-0.550974258322152,-0.9019091872013407,0.47034682526396043,-0.35537809355626804,0.1278355854880786,-0.656148293046984,0.6738782230673579,0.24708426983123877,-0.6438307531507139,0.4084360394545383,-0.7191229309775558,-0.2711876176474679,0.8911730214399776,-0.8979408160548368,0.549923880288653,0.44409994771482486,-0.8960293676049789,0.14152027966500835,0.012409268052981925,-0.3010301622959439,0.20306789516823542,-0.11289585776498523,0.2515561451444839,0.5897770588678439,0.1558497552407705,-0.510794287601017,-0.3431056306817519,0.7773580202875054,-0.9177314533513152,-0.5711273914173343,-0.13383380949296586,-0.46054515667498586,0.3333085513182614,0.18119400731183077,0.3729416556858774,-0.36036347055250273,0.2948780950925991,-0.7143674080782856,-0.7718263105142047
-0.6045655849483822,-0.1304304436618422,-0.4379429989370165,-0.617061480214093,-0.0165124659720588,-0.4183002686609698,0.40607493722872934,-0.7504386314923637,0.5642830906361325,0.7498597705918988,0.8355948067344756,-0.6768629805520232,-0.37335419864405406,0.5162680908567401,-0.41161488199612317,0.25047863894925815,-0.11101066253684255,-0.1923986565863096,0.6765612735854496,0.5933263574225445,0.785534171819307,0.4271907419751366,0.3755748771474372,0.6466676331451242,-0.8020360233116917,0.5571750055067506,0.14427195273437254,0.06634276311324716,-0.23485934017998722,-0.6097633675094598,-0.49070396592327326,-0.7183768258091197,-0.16653625433967512,-0.37580636817697566,-0.6472444480985744,-0.7541451581984944,-0.11111990155285323,-0.42423967684283137,0.4716782854500241,0.027594496010705738,0.28796184130898617,-0.014015705417336655,-0.21776403353295581,-0.4431964631687537,0.601800058602576,0.5699517350505474,-0.8064207149002602,-0.7015739042651081,0.017479725226198894,0.620876640008903,0.97071825150762,-0.22281493949501296,-0.6461712051762152,-0.5865021495442113,0.79217520474355,-0.18454759973597645,0.7615372324163148,-0.965245513812981,-0.7637825217582568,-0.7795563596561566,0.2724992458935618,-0.7530009301701739,0.3634769605093491,0.5745593352946259
0.23828786253610068,0.9976555520854415,-0.6473318700092576,-0.9575612535495883,-0.894487567804269,-0.6651083968862019,-0.27541708598708015,0.5290854222301216,-0.7899336561708745,-0.8788980519890144,-0.28835818760193677,-0.9265867052107335,-0.6973899676653303,-0.0918746759905189,-0.8897923077191259,0.8393098262167333,0.48769294585870915,-0.4516664667469108,0.27074424112490947,-0.7484723499405725,-0.284917398162466,0.7218143546455207,-0.605222989549181,0.7509960758757375,0.8571899421962521,-0.07186042179559271,-0.3302505958397688,0.11105174063322099,0.5520345921803087,-0.42909461527950543,-0.7586604716542833,0.22378904211410866,0.5940213965419132,-0.5872691124816583,-0.41149291682033096,0.46453218160800547,0.6741926347960945,0.09211972408662161,0.5442507986042553,0.7796019636316511,-0.8899478316901825,-0.4208718446749513,-0.17738751936555386,-0.5100630770051517,0.25157858089880647,0.5668742066967121,0.0374662827423311,0.5091552201315737,0.37685190185389117,0.7306465421696122,-0.5376960036218796,-0.7049973312142905,0.7781440438332445,-0.726730259386728,0.13446708387908268,0.5220479736090258,-0.9699158825491057,0.29253433367456627,-0.3845932381635122,0.08791222291908696,0.20614397910372362,-0.4136541258451052,-0.1954531769754051,-0.3857360954070641
0.36238281675314044,-0.6276976110502792,-0.9939498317980646,-0.6618602634907691,0.7572943212738128,0.029337781208605307,0.10367839727382133,0.8673355557135733,-0.0072408698210977285,-0.4449874369892597,-0.6489442297504577,0.982998131222143,0.06217257555360978,-0.5273268706550691,-0.12374383435882463,-0.08467364210137318,0.943573115593318,0.21287682878453085,0.4582422912201094,-0.31171947628677765,0.37215788691650586,0.16343409342618553,0.34626381751187885,0.9336288741515952,-0.42398073333668074,0.8694308666826005,0.32514099236380933,0.37988347218587926,0.3577858952713784,-0.1920219092009312,0.018673618676794845,0.1240188914376843,0.34190963684898823,0.9623414082166566,0.5093081335425276,0.6476749073148056,-0.5817584560535978,0.5251889457668033,0.88305315030515,0.9153827961637571,-0.9154274957557342,-0.005155364617131397,0.8649423245449606,-0.2718490950608552,0.44737911444620004,1.051358739128662,-0.7922198554948112,0.24470857839030624,-0.48242922400770216,0.7523723562313758,-0.756539409322351,-0.7079847916097903,-0.6365245542914191,-0.6785872552757879,0.3963075082309375,-0.4828499376427049,-0.6685207270168052,0.46319617095720633,0.01965315314396307,-0.9955060095184494,0.18973124754342097,-0.20702941223137605,0.9756302647057942,0.6618439924205792
0.7327547389434308,-0.14927853007042713,-0.474504462057487,0.2510008611555017,-0.7963442932943223,-0.6523853306977059,0.9069414349697495,0.6405066202286447,0.3823446544965792,-0.1682500588510134,0.7457383352391445,0.9994256398392833,-0.5188931620727428,0.20581744352954368,-0.3006685790176933,0.9864486074153944,-0.5626604953910574,0.5768281677496052,0.07711125490357595,-0.9204749603792377,0.8656086794246163,-0.89310662843922,0.3317169361037662,-0.7317494694881976,-0.9251246168690794,0.9151532196586509,-0.8598295356252079,0.7021358496564116,-0.2513451244214513,0.8472674733662295,0.5428768758074034,-0.9366639604594156,0.2864163572377716,0.3963461468614311,-0.34578009925671105,-0.23951885809295437,-0.005306641515136157,0.7069515435040057,-0.05653041443198359,0.7707800823230302,-0.841987041222735,-0.6482535727522285,-0.7444706484493206,-0.74481103993988,-0.9884936463402489,-0.5891958837732276,-0.33481605859881514,-0.805654731738652,-0.015198508719627801,-0.07773660264478388,0.5748922474615372,0.17682102002596478,-0.015238747936170194,0.5033647641794217,0.3588170382742779,-0.10183843509778234,-0.8527297249795551,-0.2744558280382552,-0.7242868531041387,0.01339062109646294,0.10265329203525608,0.03141568225043323,0.3334994606227679,0.5423824653968674
-0.4415647561814193,0.7670753141129043,0.272436579641852,-0.9738504215657517,-0.8873531461637343,0.1644832251807291,0.44478799969913374,0.7827472259942754,0.595826223407036,0.4209553744139589,0.25029487997519295,-0.19481256070023067,-0.48914844325884244,-0.5661404108854209,-0.5289862271984209,0.35202150708379376,0.060818683665985196,0.8324175342620317,-0.6127584024543056,-0.09311668603025014,0.13754542476687526,0.317849695486371,0.929001353949791,-0.5938388922199016,-0.2678319516589631,0.6164110498086468,0.07554650457042089,0.7101011674584796,0.9950922464602263,0.6748323523513502,-0.8864294028288684,-0.15242816999943076,0.11897451746817239,-0.33630322634467547,-0.4777295247387494,-0.5643624955207667,-0.8012978989142383,0.6908595221879836,0.6676473406851393,-0.6381974053914707,-0.325122718067667,-0.23019251991251988,0.14019392129973007,-0.8596506902805723,0.24971163168147736,-0.7439133018713566,0.37208198293913175,0.8111492117869192,0.22832852177480922,-0.6872807358393904,-0.7317421073109871,0.8909450045650122,0.22290276889076033,-0.7574551204256261,-0.47605517901533356,0.7382259091698526,-0.013405910131485177,-0.6290213087944825,-0.3465869751216948,-0.25857439579108643,-0.8539177697711633,-0.293341256616358,-0.429817790674514,-0.967344820527384
-0.5283386100450229,-0.43512379004335777,-0.752394827906248,0.13698394320714335,-0.9193286984032571,-0.8642461792433869,0.4374910637025353,0.6297571650586569,-0.6039863529589515,-0.6998453183102682,0.7154975267069394,-0.8135937921251788,-0.5581156523858004,-0.5280754689839018,-0.37725699263993784,-0.39008201583366975,0.0336987282560508,-0.3144475509122171,-0.08890790172987062,0.023911810795889332,0.26825818077120234,-0.7489775153746385,-0.4139654526462242,-0.16358733204816733,-0.14092623261072545,0.045758245227533356,-0.18035587441397682,-0.014504422171952136,0.22263118018438455,-0.541816880917984,0.41760271649686054,0.5931240007125069,-0.32558283557893963,0.8789206996803003,-0.517358428450369,-0.9921449509984535,0.44349920391593267,0.2567194039694818,0.44545306533313656,-0.8690369839349286,0.894682074989751,0.495049394910529,0.04732918488046289,-0.61444717100467,0.8896476635909707,-0.8376907691325741,0.2766069796345465,0.8881469974576333,-0.0007717349648861394,0.22080912022898636,0.5203873990927554,0.9013958730145053,0.5110501975733373,0.48531603719002026,-0.2969403237339694,0.6601461405152176,0.6749528703302654,0.47784013829869987,-0.7145903164862677,-0.9026732462173668,-0.045603077624333244,-0.6522328411887317,0.5719647149066236,0.012332461660459315
0.30021011562982447,0.8347341295165234,0.2803100200715256,0.9384857278440077,-0.8439778182190008,0.8839931429171299,-0.3115679338209216,-0.16834708172822244,-0.5121705006491499,0.6063950186408515,-0.7724668353650344,0.8187724301700998,0.4286994813440219,-0.4070028990530854,-0.12280156553358679,0.6715430596687704,0.6190831616984867,0.7761049585237105,0.15133997561493207,0.2964232459770064,0.19319921280292496,0.7743092702525234,-0.7804136346615138,0.9646340628290833,-0.0313309069683938,0.3475568027670288,0.02191954844949362,0.5127831375601368,-0.6127382536240553,-0.226368811909067,0.922896332771965,0.8271963103680773,-0.2812527954100259,-0.1315947712849368,0.23433935655168647,-0.0033592780630649077,0.4602934679638082,0.10374700848506646,-0.23705463920493863,0.3706936893141175,0.8597688302319422,-0.1395872267374334,-0.5271359554944424,-0.9093209044706005,-0.9605206220325351,-0.499800895423798,0.15455560885733166,-0.2608626618198757,-0.7779726081504301,-0.5720999442022867,-0.3154287911118978,-0.23389463715871583,-0.759473253340351,-0.7179923085116946,-0.4057445070096988,-0.6451582776459062,-0.1405799046778855,0.38845724800798065,-0.07372754245168589,0.8056609708919444,0.6863812133052287,0.5537325574698955,0.6618710732702457,-0.3563713165101672
-0.4143763310892971,0.6464894916570247,0.9623135259977873,-0.3235742851401622,-0.24856891296833394,0.5405125213707354,-0.8097907084009128,0.049477850893768105,-0.6395082605446591,0.46773834302378225,-0.6605389938827033,-0.3895020692098925,-0.6599394719509821,0.14464545911469995,-0.9006089721714459,-0.25055296457345144,-0.05296126586430061,0.6952320663907714,-0.11719473380429513,-0.25729333304628255,-0.5920947263975143,-0.04155073576431678,0.9778960169779651,-0.5372815391486516,0.006341393082949454,0.1882420649685812,-0.1914933398460159,-0.30766002105495116,-0.984117613690572,-0.9294344322110555,0.12993553806949198,0.9922419840357009,-0.04445260270203111,0.9398984498155176,-0.23928555118076789,0.6839761910975544,0.523412139939077,0.793219659092077,-0.7994103562012818,-0.2204310579315547,0.7520488552512643,0.04958483382018675,-0.7384690225311847,0.06858348328886676,0.6214563481715554,-0.9422587277233787,0.3582383627604335,0.5121875446661572,0.3221964675224984,0.20276780204841738,-0.08370814812515892,-0.7206368673348127,-0.30831783322206197,0.13390936536493858,-0.4642579398706035,-0.5987726043544039,0.09743899252857013,-0.7620057000801204,0.24923048944587567,-0.2490284808476746,-0.8320370011606719,-0.03176408028590161,0.17708459112450448,-0.8859022716453757
0.025914073650100233,0.31104635433856487,-0.629285816764273,0.10386171002982003,0.9783244262047772,-0.9599883601076074,0.7024098411431481,-0.44853141021340615,0.802365087413361,-0.5819702946301353,-0.3841806085636894,0.5070112758174008,-0.06895790947757208,-0.336536141543323,0.21923545994617877,0.2140875670145026,-0.3967561123612755,-0.9076709883080929,-0.2738639370255076,-0.3275214661495236,0.9086316572358246,0.4102877362385928,0.6351609859837952,0.8122015989061953,-0.49982836378837603,0.48156408464160827,0.9302904460714334,0.42811733537275054,-0.4725324655472347,0.35652333077547893,-0.4969569730493306,-0.7281112313568858,0.7079552616158815,-0.04347507884729751,0.1651058134670329,-0.8839417917945569,-0.6767284912487899,-0.3632999984552616,0.009959917094252813,-0.26111869656610787,-0.3837336794578814,-0.5575507133886579,0.6288551286924384,0.8887320201041378,-0.24315995942354962,0.3482030899887987,-0.00010912943398921904,0.7909484104110012,0.9321055876413487,0.14184099865663136,0.9547776008665327,-0.5071178144693702,0.5287400170635301,0.7436689369615901,-0.03337002698313252,-0.7905441152691373,0.9068375059893563,-0.8046284521552438,0.17178181858927988,0.7348906164116098,-0.3255164331209264,0.37178070160547394,-0.5496422380846411,-0.7809942832875552
0.25491946554382405,-0.3673132096051761,0.8665008243714809,-0.15792779575829852,-0.06811974290995537,-0.1936515042799487,-0.6990738759237067,0.7628272638498697,-0.7681587611093188,0.5403139289855812,-0.8039955540254744,-0.5901765962234367,-0.3300454061666225,-0.37437464868973214,-0.01618925983584618,0.7880180949406304,-0.587906569936131,-0.9615723120253281,0.3707215052134376,-0.9572663841968041,0.381794088230311,0.363051624666465,0.8531512014378708,-0.4348296631933508,0.9884521915939031,-0.5558599431185891,0.5370366088544056,0.9981731719668765,0.4300121275019393,0.22517388826469498,0.31385910608119916,0.5785384832371592,-0.2753752269913756,0.33783474595777285,-0.890525411691768,-0.6001784962103784,-0.12648982041799495,-0.14790104413044158,0.09332032952919755,0.5189956335115624,-0.7367531815065012,0.2786776571193137,0.2894280690720308,0.26254034213304234,-0.6280068973597897,0.509407573550267,-0.7974329156084679,0.5819813223684869,-0.08128057225286356,0.7299779950105707,0.997122555234488,0.6533279918486747,-0.729160268546875,-0.7190893144257102,-0.3706880232916159,-0.35697629481574955,-0.1077958281390412,-0.8181935619119824,0.38456380058173867,0.9803216938732826,0.49104805941243046,-0.6896197745389916,-0.49981937502059925,-0.5390637169510459
0.4516961993138606,0.5006331995718853,-0.2564141051192985,-0.7757269983613448,-0.7473935994732732,-0.5945850544447431,-0.6835466688813341,0.8874148292719157,-0.7252775439143495,0.7831976599626804,-0.7358093381240658,0.6189001025358614,0.629017082301643,-0.6177535161704721,-0.3252173123069948,0.802569590036633,-0.30666846122747016,0.981567554585415,-0.08867532652285792,-0.5029212852549125,-0.25799303809660734,-0.6258630398045582,0.016652551199818788,0.11925861523946013,-0.3475921848619896,-0.3014408314783623,-0.030658691807180283,0.8678537290437343,-0.49764151026649306,0.4891112118886076,-0.9534250899491206,0.5153051757295266,-0.09863089540363212,-0.22938429222845014,0.3534085175543389,-0.16549328866666513,0.712884420153368,-0.27914060615600467,0.8778653001047914,0.719535884060682,0.20946283745961325,-0.2692936284081029,1.013769342610963,-0.40702763035483125,0.4207018422748354,-0.30867088902029893,0.21601340720357287,-0.32674127560911703,0.7250430234177345,0.20810768103698418,0.7175379497273198,0.9524083883109622,0.46289883672336263,0.7370948303301414,0.8745426583728408,-0.7176878163552154,0.9461233278310142,-0.5500241916934892,-0.1681802416520941,-0.8994106066919632,0.5674582487742379,0.5186985859139748,0.8904290795596237,0.22194463301870915
-0.8101562461789074,-0.5787325184278962,-0.9559577966834254,0.27134875492384913,0.13730405273811574,0.40339686687113896,-0.11057282131546775,-0.6283805927462314,-0.2877565725069382,-0.28067198765430734,0.17058691547959381,0.6042940844797959,-0.1616693298808134,0.37499064610070265,0.6578652251785253,0.5633177334107569,-0.42157195948768167,0.5478188854888912,0.3801384911335819,0.2745551208872592,0.026194749527958416,-0.1298214950246004,-0.4628352978257493,0.9531164253036775,0.9455920572508061,-0.2792643686609979,0.554414580424321,-0.2626123221168386,0.7507747037635759,-0.6079018137562129,-0.2517949846287839,-0.8310558487967985,-0.1005302280863849,-0.18759273579918667,-0.2134948067894733,-0.20823225637022325,0.4769038689382512,0.3302112641290078,0.2153304800655078,-0.015132426469156357,0.4974625996737836,0.75428987886983,-0.996523659567637,0.48449941511879335,0.012907800357950583,0.9857520643647784,0.6085488110172081,-0.990614589339208,-0.6982738220164426,0.6679611714129263,-0.25457237587223136,0.3142864734944457,0.1666569048993367,0.813625542972761,0.5946852714291961,-0.24080807574449703,0.1664122487385573,0.8264034229483115,-0.034510858417301504,-0.07859000570674901,-0.941171918947667,0.7142624674812501,0.007009461544141615,-0.34434397398679906
0.5421488060679835,-0.40257036358822873,-0.13887853638142778,0.10181333972426154,-0.3486924090313541,0.5701075684396544,-0.20615704451552297,0.7627752504870375,-0.443531814082881,0.3513143981092943,0.4495748525108372,-0.5468960584240086,0.007878806601816501,-0.32463108050564515,-0.5068041423033991,-0.6573046579464359,0.3882308960022247,-0.005389919012641631,-0.3622513638678089,0.5485142471602764,0.29263100297286115,0.35337049321206204,-0.1886133816116622,0.34860379700541877,0.39444163831871437,0.07600381201469997,0.3168872365431714,0.26320952287322075,-0.9997930202187177,0.5818781867913236,0.04448627655097592,-0.301228723374104,0.7312676028777706,0.10646823508146563,-0.6992840336918067,-0.9352430203438296,-0.6963521083513089,-0.693629874690989,-0.2119612162702409,0.16024986107552586,0.08659336173620003,-0.5390753164765381,-0.8056737247996113,0.4146982599038347,0.328132302345189,-0.7700018034191809,-0.5793758308450061,-0.40679458829157,-0.4481618123142308,-0.9543929041720718,0.16286501637965456,0.7255558952991852,-0.3109006527449871,-0.9038139400002692,0.21633483150104227,0.6648821235732529,0.6154632517352929,0.5158171783257419,0.5772542873478197,0.5055012572584676,0.6282314607045143,-0.5251814184979366,-0.38018791400282526,0.025283998353234916
-0.6454807580292343,-0.6827318260953115,-0.7030832814180004,-0.1872744381082796,0.047102223417288425,0.14891213241962986,-0.25992929041172363,-0.3329967233230322,0.12088080906068366,-0.9377125961311419,0.2432496635479351,0.00777504237195803,0.8770530876310847,0.25018880529297416,-0.32350278223103124,0.3238220942201957,-0.8227333768716358,-0.10029173747808318,0.3856789467342432,-0.1536701721135978,0.7807039702386178,-0.9940421317601784,0.05630689701142577,-0.0967787987199693,0.8168966571685456,0.8846654736065804,0.05162491869228192,0.36669681307976765,0.8517704112841558,-0.593209521663048,-0.7281094926593106,0.7541853559484448,-0.8092170753871653,0.9931917833259605,-0.40024791372877333,-0.7672490962635095,0.5463398215795812,-0.3975623221826121,-0.829513651022777,0.06829770330593665,0.42547819151187394,-0.5516709043294787,0.27019304043203096,0.9190527696825488,0.19055892760384108,-0.022645217954398333,-0.7091071119972783,0.062167102364060645,-0.9137122598673013,0.8990879011232884,-0.8429991776181502,0.2602855622418023,0.11234941784368213,-0.4140099283581966,0.8821752257171318,-0.23730417639031276,0.06561392470697347,-0.8105513521299681,-0.7315688428055143,0.8771327694401791,-0.6725355132981632,0.25400606574787,0.46807188265743993,-0.2881769420201139
-0.12755179086237134,0.6052004036909491,-0.9825349531603023,-0.5875541554010675,-0.03525030735304657,0.1243841873163587,0.14778539796637702,0.39489412673426316,-0.34814392783068526,-0.7148640503473631,0.2800119142635886,0.709466361177109,0.7914140058936479,-0.3636034637709502,-0.8073678084815572,0.10422987987981713,-0.9276684444166354,-0.5904266891794792,-0.4718858453373229,0.5068983056649818,0.4930012776030057,0.34972795211600527,-0.4855713032103981,0.921071362317597,-0.7986092225502055,-0.5590369881054877,-0.1329355449021874,0.10842245808495976,0.28206363200308693,-0.43801792043185905,0.7243405775325202,-0.5240700570187384,0.8106488282342466,-0.27292334226558523,-0.04619313086369492,-0.4213331785280656,-0.3024216050160309,0.9990876395974224,-0.5533044472495587,-0.08950886718719331,-0.6773095680506658,0.9615743920747166,-0.03933370763969424,-0.6268945109153938,0.8118593459680841,0.8484506886133343,0.41192820799745866,-0.06583390073415352,-0.7271079798057984,0.11309232691775417,-0.17033604621751075,-0.08891968332617428,0.6412833623614278,0.6382571412750302,0.2641771110580171,0.5739234563005315,0.7976100489483868,-0.21115221943542717,-0.8133116582906956,-0.8782551249365169,-0.04691237401929449,0.17758546575520362,0.8153143445276669,-0.902402047806671
-0.28797354953588283,0.585302104497843,-0.15040238655818228,-0.08681605500965994,-0.7157039457436956,0.011863916190716584,-0.942889536893083,0.8372786101905907,-0.38720774631910193,0.7237802137295168,0.011138337229366302,0.4789881080120215,0.9207596723890281,0.8548897514575595,-0.1208477662930334,0.6225831986729986,-0.29546680234503864,-0.7765750460586265,-0.09006804947962643,0.5176712256411091,0.6386252764300169,0.617902715572489,-0.5893114220744002,0.40838523610379385,0.4590427617545103,-0.015921949691734882,-0.10278832483221367,0.946074476361592,0.06276606650617911,0.9966200364142825,0.6544630659595205,0.685308269192969,-0.36558947345515214,-0.01133202704870695,0.4019572273971461,-0.45071427607780423,-0.5132339720591792,-0.2878268304801368,-0.00038758936424909685,-0.22515323981330404,0.23034050106648518,0.1527902278516886,-0.8576732505044111,-0.11146496315256949,-0.45233145893534177,0.3004809796723462,-0.12986484566924927,-0.8308311096918453,-0.9188078796027699,0.8356234700323453,-0.47119136180241905,0.5291327638639636,0.7104502276019509,-0.48988171674159253,-0.11715035881027425,0.653546631243962,0.41839358715049135,0.4570002046148398,0.4011678877620517,-0.8889121474190969,0.11823244719041415,-0.639354183383162,-0.17924197126490737,0.07687381140745542
0.08550308745567192,0.6191140839201186,0.19336505425917427,0.6648481946790672,-0.45031174773385585,0.44253250453593074,0.3607908079369432,0.366150329667136,-0.3646848624707144,0.2586549352911258,0.3821337009266106,-0.744245714659971,0.5554238598117289,-0.65840515618853,0.6476615721127379,-0.7761063801499861,-0.6875720741539029,-0.3443055187397297,0.14881429699231452,-0.4092134892532062,-0.41004816404202815,0.4753171820036801,-0.8629167413160583,-0.8535931811274156,0.46845991116792063,-0.010373586616230002,0.4087589391570272,-0.31835800180189655,-0.5323040579246114,-0.0025552463992448704,-0.11309778618190225,-0.010454889900552988,-0.0004930951203570011,-0.10053038718275653,-0.029186869095899626,-0.26107640324710935,0.7471492559679052,0.34766912243604353,0.690236846554863,0.28194345042382074,-0.6822951942090079,-0.738830991269509,0.671111353317013,-0.6056260171912722,-0.9562981721924586,0.13427072491161418,-0.7445992679080902,0.6449359954298597,0.9728346143947768,0.8826882704865859,-0.3200643727470216,0.375008602400005,-0.6249569926317753,-0.29154882470726884,-0.9031046275706698,0.9213200312098613,0.223768693612711,0.6257959979785019,-0.3874908732495401,-0.42614202958321545,0.08036992627357287,-0.5597366980591398,-0.6897847636071777,-0.3831523548459512
-0.0142071631142211,-0.7702186436344052,0.47476535719762736,0.25363109886956714,0.7572667288186092,-0.5611426539920243,0.8596936181154491,-0.23683514866515343,0.49920275146867943,0.8440685136271253,-0.5822407000859882,-0.6269296697361268,-0.3522407401656362,-0.6473345446652925,0.19110726977657255,-0.4631593266783851,-0.20156888673266815,0.19458702091194002,-0.797479929717029,-0.5721767885460689,-0.10353076453354748,0.2371178149048927,-0.22673466783383733,-0.6809751266147233,-0.13403632655410047,-0.3704159458263909,0.45736454270593674,-0.1349075171530154,-0.698553682456535,0.5182385386778297,-0.6548272714304446,-0.37169068720006226,0.6476375735459419,0.6109121383321214,0.6113265080949668,0.3019492713823,0.8944203436915426,-0.6197561352255967,-0.9592045213580738,-0.582796518009276,0.45951536539810456,0.4850983147092147,0.9369279955245093,0.562424891601969,0.8885210254782652,0.04861124537190964,0.9644294779683715,0.4797191099657596,0.24197479170295755,0.015994283764886985,0.4821955403380225,0.47237651290292404,-0.4344449542817175,-0.7014585869756631,0.20951141479876378,-0.9535332890477783,-0.562040183727963,0.6099699251661628,-0.9929508376253215,-0.009094788476265547,0.47742131864696935,0.8359200385624155,0.6346463122518042,0.6903133330627607
-0.7745177729334947,0.9374508940417083,-0.7009995698882383,0.9657670524393622,0.6715979123294542,-0.12257438108026908,0.1657586142850498,0.37769146187063685,-0.5947971857370726,0.5244400350045595,-0.3849766845303775,-0.4520871726422626,-0.8260764313275302,-0.022470987458346636,-0.7413411994295376,0.9948369549887925,-0.7305041103170429,-0.35477376256917226,0.24998582099264577,-0.22615875018312198,0.04163753733408937,-0.6555072003343314,-0.19834043708003013,-0.314850351834278,0.5510719547463367,0.13714740509775636,0.02005110488817663,-0.45076004588397356,-0.1615655558908451,0.20149622793408395,0.255711419804338,-0.7396493789232397,-0.697355648840903,0.011417692951518399,-0.593681298357746,-0.855901102236382,0.9297610299075927,0.31426723206646034,-0.29790506480004453,-0.6868611774275224,0.9677879657610875,-0.8479617457364352,-0.8564270537133865,0.14722891651281822,0.003931458665207277,0.7258477250524435,-0.6721275666726161,-0.7663488300158177,0.4677301758166663,-0.8671098858957496,-0.9312711486626326,-0.13256772618135026,-0.3367225364070021,0.047314315699629184,0.5366968622770716,0.7319739192915999,-0.07874221308501994,0.41021832433872407,-0.5220599693026344,0.5215610587585549,0.6857385064646433,-0.5357777334236478,-0.3795496455368208,-0.7204362891432923
-0.7427486009267201,-0.12109328100832939,0.7707887007238245,0.0904619172722525,-0.5868604754623599,-0.4381169427007041,0.6568735166624156,-0.8171641741315478,-0.6719362851560191,-0.024878645784689235,0.4881697943452241,0.24732725333256522,-0.852546587131781,0.6727376946658639,0.25854234679194765,-0.9690074145323475,0.01754228438847205,0.5405551457916624,-0.8937735267349722,0.13072137636944503,-0.9405758836497831,-0.5576524312113471,0.17284443382978698,-0.02054937091132314,0.12297979036023499,0.31123600305608345,0.5104182733075664,-0.040818283649436626,0.8577669604489433,0.6630066276603086,-0.5700523950083023,0.4915867099285278,-0.728322944595686,0.8424339529416325,0.7211179050952461,-0.9105635000341059,0.03915633891178971,-0.22737031138480757,0.14637564031214256,0.9249179432226373,0.3056603649933949,-0.959402497593808,0.03633478629466991,-0.42162354321148454,0.34488334285568856,-0.5698120335360737,0.47110861097228907,-0.23598186530105192,-0.3748005971211996,-0.41817618443325943,0.4750006671608189,0.07029789231095496,-0.9645118583245095,0.9014278409933665,-0.15001676211858594,0.29879952499263607,0.011264879006871897,-0.9373385321615559,-0.49862940107488174,0.3206565594718511,0.5968891803516307,0.22468053261372423,0.5442896487120887,-0.08456892362318302
0.7771071520958404,0.42212771248647196,0.4865518449701647,-0.13497129814768094,-0.9140527218073144,0.28112571058001623,-0.9075313297225855,-0.419288349238933,-0.4174618929256233,0.7662510637015052,0.3716294918110612,0.5128646159026877,0.45278204623358564,-0.50292213746798,0.8590938600283426,0.5730682102652991,0.8834944539828338,0.2864840261178847,-0.44121126869773675,0.31393810010258494,-0.9088110282152047,0.7819003090737875,0.27859227327275127,-0.37643859207448815,-0.21299842663420976,-0.21917318511715767,-0.060366246094265774,-0.08521693873204095,-0.39436428835982307,0.7075477597259661,-0.38810375612249426,0.015292953058312797,-0.44881788101831943,0.5489224556920504,-0.7356098490177374,-0.9631610429676751,0.45178420993907853,-0.07569884029409524,0.9330494510735674,-0.942458202474239,-0.4530708138168478,0.28952532892700367,-0.4954280056568394,-0.768767272856262,-0.03686727948116397,0.46228307852877837,-0.05897379795704705,-0.05255769036408431,-0.49325139511658134,0.9508784559414187,0.7529911491785222,-0.9263887444160057,-0.18818660785935282,-0.3245944465444641,0.605886135118773,-0.030694943621491166,-0.9152608005883345,0.4569863813060322,-0.14193810906193338,-0.9510334160884619,0.2240849995018368,0.4954912712229018,-0.41739411864097065,-0.40121570055087874
0.6123530807797355,0.32759310784638296,0.7641118991130667,-0.6813995018409986,0.5520644839847968,0.9636035221335029,0.41171510713857473,0.1402645308281658,0.27306554421402995,0.6126643854503571,0.06058306559776483,-0.23691383436643654,-0.7880511329566453,0.47418358852716946,0.6291058401025218,0.546902940788113,0.32281551760716853,0.8864115879732679,0.16024463686121804,0.0981289056040624,-0.5456986565470756,0.49179179198577283,-0.24279041438186488,-0.8532556814882752,0.1253591895344599,-0.5718900451370235,0.9356821638803894,0.30374270077708276,-0.5551963817218015,0.4085272574756491,-0.17701889354817513,-0.738646884335082,-0.9154284347593302,-0.6773922882499797,-0.92338377363151,0.27516777932959435,0.5931238764193476,0.5021303137012547,0.47417829936751055,-0.8440482401946807,0.4749797157575526,-0.924708041060254,-0.7642009083567485,0.4946590589303741,0.13614831508752467,0.14472697631795017,0.8409458307601034,0.8323308609258415,0.6131063539769279,-0.9481144141390148,0.7072493974012788,0.5698097181941779,0.8554228331998928,0.49262537710488963,-0.6998381122261461,0.10344995167806292,-0.8202573557944797,0.134839083221872,-0.5668063997603208,-0.8822952477847206,0.5509603805205638,0.384080368797854,0.6585174569238021,-0.9065415137749218
0.6615508888158566,-0.1661702346397096,-0.03925009243645139,0.08597763635109601,0.4403365741956595,-0.793788679121328,0.3331201889677542,-0.6128755928859537,-0.08477951885328627,0.9133504038257705,-0.30236106600687895,-0.1350966598119958,-0.6908939528669948,-0.2568306840142245,-0.49132610638818686,-0.7712603403035954,-0.3420980064657886,0.6096089077247628,0.2699926253299578,-0.14024478520453498,-0.76893694303818,-0.3561344622607241,-0.05186968981533338,0.7923714268915971,-0.4278835732942323,0.44612489831923785,0.33167423252462247,0.36771925660446736,-0.9952413511869631,-0.9458863557986266,0.02372888539725948,0.2720787419120063,-0.29617936764905983,-0.5285415597577989,0.16291551754137457,0.9950235043687783,0.5472060302847803,-0.8407127689241025,-0.2926283199831996,0.7529597324371364,-0.959475810734741,0.20518383521460337,0.8919731313756964,-0.634477471310988,0.511826668051856,-0.9068471169373526,-0.05744692424385334,-0.458903801405834,-0.7466941451113294,-0.6196392063653497,0.5438226642204793,0.22784726534215416,0.3493598310420112,0.4782595659647648,0.6145436233436292,0.07897976621125102,0.4586391611106011,-0.9491044571912697,-0.12148154897412855,-0.11293609164790475,0.1493676113475637,0.12788389083872986,-0.932700695295581,-0.637215416334715
-0.6801723067751229,-0.44759470217652364,-0.39793947611546887,0.4928317371689528,0.23445177717642607,0.038045862736943326,0.8935764823777179,0.1325267569623232,0.990915830804135,-0.0598876896343834,-0.2998060734848145,-0.6874593189983844,0.6100280780770091,-0.17010416841866238,0.9606520906718943,-0.7331714748206148,0.7513932117346085,0.557251636311823,0.09494558136524556,0.5808261056061021,0.8227092017398985,0.8194223240904905,0.3335901845282154,-0.29041191799394284,0.6691567388538953,0.11019184685938477,-0.43624786461511755,0.3439518267744637,0.41926863779009405,0.34614738601436107,-0.6956569134558264,-0.5629341829699559,0.8301075260415822,-0.11369205079693345,-0.37694477559290984,-0.6280247023383654,0.07524847592971784,0.8194543387722961,0.17433878133618363,0.815585468842295,-0.8934034580037005,-0.19144896464848493,-0.623563751073128,0.1446048861239353,-0.47243407889894806,0.8977599240253029,-0.13134936026901078,0.11096566327281066,-0.3826375758836895,0.4365223528241655,-0.07352940119745033,-0.9974250043810087,0.6602832919416164,-0.114302600160334,-0.7057707949466507,-0.576037908668382,0.5984784387116122,0.1734822414698447,0.6721964998033434,0.5917937434789664,-0.22483522451174132,0.9876666927478515,0.1675730093579162,0.3439898094107492
0.7632248018340897,-0.2258890579118551,0.20851549281109172,-0.5841465985036456,-0.9442020953216999,0.7450697825113481,0.8866816997740368,0.28157463313520137,-0.5734731094865582,0.6289645302597204,-0.7142453623430531,-0.8481922005814158,0.8069145803949114,-0.9804103224234346,-0.7732649263414095,0.9480003668818049,-0.45584269811890743,-0.633237467506691,0.2228695868542978,0.23510733944857565,0.6640054813189904,-0.21689929666086227,-0.18314955494367324,-0.7606441327311935,0.5776719552730756,0.48879768976240245,-0.8836335129795101,-0.9011434245125372,-0.8519079254754218,0.9577872888540921,0.888207556198096,0.20088549149518098,0.635572620606361,0.3833505444518097,0.5719413985370769,-0.426465182207066,0.19609310518340806,-0.9315003941910633,0.5749071183810852,-0.6783644148084973,-0.9962543513369364,-0.43292116355106325,-0.0408833770601853,0.01987664020018398,0.5644476143869763,0.6949712163614914,-0.06818923116656594,0.5483046946089258,-0.08884490534212763,-0.08705975101059016,-0.5804515918189714,-0.9549553582878274,0.6071213889097344,-0.6347631683285382,0.628616180586695,-0.3396692140383071,-0.794489784949362,-0.9844269319278431,0.13518129525077938,0.2448555257434939,-0.21333474518515816,-0.23616285446182128,0.5777847878764155,-0.390020036267267
0.34665780757811704,-0.4395391197937282,0.5485239594434481,0.17536242382592948,0.9771075276487786,0.10256053661689024,-0.758652534605474,0.2944712583490283,0.40907130673605274,0.5696117327851729,0.3048337311598577,0.8788212435130665,-0.8580378341905339,-0.7772409972108278,0.36653113673898363,-0.10615844590461809,-0.12913561608751234,0.061988079819717434,-0.190479127008798,-0.8406533120334598,-0.7491668590810716,-0.9228305137078865,0.8382788416187483,-0.8265931173638679,0.40558226842413925,-0.12687498586199686,0.8149192430113208,0.12258452836789369,0.738056429601309,0.22606063729445447,0.8611026947713352,-0.37382621662883,0.29371340165372867,-0.9527802930958167,-0.025464883101934177,0.815009997306279,-0.08872379134616137,0.4420861451313305,-0.4303395065244462,-0.7379221220120971,-0.015478685545293747,0.03680633507350306,0.44486442949531146,0.2973780681763811,0.24584392336229355,0.8054862291190252,0.0018559944696228126,-0.7899096603325493,-0.04326670569523894,-0.1471137164258589,-0.4303138464429421,-0.6639800354349883,0.8970663435157276,-0.7388614441532289,-0.2689243408887858,0.34815806672725413,0.8097146058160631,0.051042518879983456,0.2861025883085708,-0.8908251358150985,-0.018723956577117562,0.7662036254973901,-0.8428453313522408,-0.6461495180280359
-0.3054226273722469,-0.7617029932334598,-0.9469040235378821,-0.9995875598975907,0.8639763640559674,-0.6786060684805377,0.13083320424763234,0.20907119917090045,-0.8704590553947096,0.9025438852826939,-0.7358512759499236,-0.05240303626205223,-0.11759047740355699,-0.9871559186596548,0.2847721336214024,-0.25932987025443577,-0.9933681990119156,-0.9425098949918604,0.8809852443405224,-0.3325449862205849,0.6742139410062036,0.9957196222493128,0.5518404797026717,0.48829850368577654,0.6739087358903812,0.737903886264073,-0.1739409000435932,0.952475972078169,-0.7129477730583134,-0.7266212994910721,0.13608628438520554,-0.599267803591859,0.20568251316926212,0.8167807199931849,-0.07540373290132885,-0.27821287061638134,0.4782390887903387,0.136121499008099,-0.9963466248194122,0.7398920100273751,-0.5977963990818433,0.43692686938875736,0.5297145072247766,-0.5263582883711198,0.6211906467071207,-0.9898651352653376,0.42654213535017504,0.16505002425366433,0.4949842374051998,0.36928035835410555,0.7786313937929465,0.7449443131564617,-0.21948849822470762,-0.7598797779379718,-0.36971224989864426,0.19243635283114924,0.5304598732440375,-0.9117325881200748,0.43603729641392186,0.37634084112965716,-0.3654991092890314,0.9029707474427728,-0.8820681412108384,0.37560190278203076
-0.41282074091124965,0.7973618115204084,-0.8580709275321998,0.5279075323611448,0.7714090534696192,-0.15613706309047481,0.1556396077931952,-0.5560621239282011,-0.011147735625275823,-0.36535343812024434,-0.9632397092268048,0.4846315428429562,-0.5380499404962793,0.5040756133443145,-0.3690998587186338,-0.3841046916541304,0.9018784161897742,0.15869966345624076,-0.9815723334128426,0.8578275439371748,-0.09890902958992265,-0.616245244681014,-0.9296799954621053,-0.5071303061981121,-0.7718987995774766,-0.7657176011605442,-0.42386846700690595,0.4042801830607039,0.26271472486709757,0.47568080368390064,0.4836403979162254,-0.4269839561977069,-0.039702749864065634,0.2597366276968269,-0.3339586365176215,0.6092830557914091,-0.7673383177695559,-0.9857116699767716,0.37112839661123886,-0.48758225261509724,0.2681210602392383,0.4423872547822456,0.08533443864649914,-0.45604349642819875,-0.5254885894679786,0.13586602606969977,-0.2695566388614805,0.4596566195550391,0.7289277006064538,-0.4651181800510358,-0.5414434422115701,-0.34405899250852046,0.7761919480619828,0.8899757861762525,-0.28760683693497135,-0.5435691047409124,-0.9578642517778457,0.35903710855274495,0.26361906851252126,0.201570618112364,-0.3176981830130057,-0.5270573837627863,0.8332452336056879,-0.9602382782641556
0.3746166471428709,0.6118079360707247,-0.5147231105082757,-0.29767436421912485,-0.7012588991585431,-0.16830636952900857,0.6857441133672775,-0.20152288346900504,-0.541227283259055,-0.09594032775127515,0.9242753267575372,0.9346204881756743,-0.6029551105601774,0.8176440565047403,-0.518310940766332,-0.36846214663250487,0.26049183311279034,-0.2564081143407275,0.6533973194156495,0.4434547490534586,-0.4636007607367254,-0.903486624578987,0.9521781268504532,-0.17438377947468986,-0.9885793492935697,-0.2005525884167778,0.8442511530026715,0.13479603889424419,0.3340602003652169,0.18548822880604332,0.41649184736083056,0.5227079096272023,-0.5068792064419252,-0.7123726194349769,-0.5196732811591322,-0.8861829962274599,0.9575032382197088,-0.13663900715600596,0.14571095606258277,0.07200300872094756,0.7017660315605316,0.32654605853938645,0.13052531463189587,-0.5428529254214014,0.10536639024058414,0.7891466855884619,0.5741102801784201,0.8127709612437235,0.8645018565777205,-0.6469191885204497,-0.8997184428106675,-0.38647639371898457,-0.6326560260976153,0.3917549946814525,0.6265034682899422,0.7361231443668121,0.525770260419079,-0.38808708787165513,0.49957454198382045,0.3936656616075238,-0.415894852171516,-0.4615768926899264,-0.6063864787884095,0.2701531965224959
-0.1940535943322066,0.5520449131599021,-0.47546927734474376,-0.5920201985409186,-0.9652179119132167,0.29419660628256117,0.07427017432807448,-0.18304658420456366,0.8166795970935412,-0.16088635391095596,-0.49770807015563334,-0.7102948349321196,0.8868228782872709,-0.5736314999137089,-0.5222897624153047,0.4432430989197713,0.9438037142019684,-0.10064901418135697,-0.04095930974412498,0.3901447406270946,0.296007064554209,-0.957380732277129,-0.5136080961767517,0.7327938078605849,-0.23410224445406658,0.5069729874126658,-0.8270787203045624,-0.628280507753415,-0.5885572198121756,0.4352319698015541,-0.38216052448950877,0.14864313097499493,0.8940715508585204,0.447654003651224,-0.17009234979898702,-0.4504308137455373,-0.12195281938611524,-0.7236830562261636,-0.9424756371689376,0.6924414540199348,-0.5669780282963088,-2.9639962606520243e-06,0.7196122413288661,0.5997634736089694,-0.5262428883982522,0.9700804495838644,-0.0011223177739472234,0.20899182940785233,0.19487775983421685,-0.7090569105634077,-0.6423993444265166,0.6373194771030026,0.09453490562686495,-0.6065842381693374,-0.7222978012874652,-0.3431263138880096,-0.8263882440829127,0.398102564487282,0.3011634566680943,0.5612136200998428,-0.17981061708172374,-0.36631175518811654,-0.6560954217347896,0.2259828623442801
