-0.021635359704282014,-0.7764427348776489,-0.5145506552318819,-0.3882286619473411,-0.2229628990650393,0.18043807358694558,0.11454449092514242,0.880335094414517,0.21937647028654153,0.12759741965157537,0.9118830915609415,0.3403157989486651,-1.0082142737507513,0.684078858151676,-0.21154825402853536,0.6700945557748273,-0.9487250221876337,-0.14007519483640618,-0.494459848787736,-0.3980996402577162,-0.6349373785891809,-0.12309906408613606,0.6936743972675001,0.8996348024934383,0.2578296933946671,0.19092263854729033,0.3590765400403198,-0.7227765469511358,0.04583716064018496,-0.8016404217508566,-0.10368037280510199,-0.6390557620113767,-0.22403142417099448,-0.04722817378093097,0.6073779122146674,0.2031091746753406,-1.0275397213917055,-0.6701650163968758,0.3735385529216049,-0.7147145355390666,0.8118512308999951,-0.6872100986525574,0.17008095614968982,0.3378810293192515,0.548861358559844,0.4959542006309535,0.18802956595417208,0.6621066820627161,-1.0320036698771242,-0.5430206167941362,0.5810374510127496,-0.0002468097273900122,0.3448629266765347,-0.916951787128027,0.7032093048938333,-0.08609621170110782,-0.09752013875483126,0.003866263729235971,0.4308673072607834,-0.3104283558409459,0.3701758723300206,-0.1023956645982658,0.472800781375447,0.798485909911066
-0.7332675947106384,-0.8738092910913583,-0.13439674777511176,0.5625427769337863,-0.8142399935719116,0.057482622902717995,-0.10710011902480772,0.6327461451721798,-0.780925727007088,0.6981859906788819,0.1513633441911933,0.8865469914135614,-0.8321649571747427,-0.10701950993460634,0.8670147492317469,-1.0807614231733182,-0.6062878028652217,0.03915130724141845,-0.755472975166559,-0.16519995390455067,-0.21052161582514273,0.4166336638837706,0.9967293193844804,0.17427212966748246,0.07982740053623515,-0.38682522677529213,0.1253998831483285,-0.4758380814832261,0.17851636029776344,0.32982766615220455,-1.159131176195934,-0.518742580218792,-0.8831160944113097,0.7322853206794241,-0.6631054264961611,0.11820295795665259,-0.728370980463478,-0.21226311270722448,0.44981118659584174,-0.0604898647341139,0.40107235936525315,-0.7503521631339556,0.0489733728980738,-0.6700529835933081,-0.015927594682255734,-0.8203224446774533,0.6426047496422681,-0.5698934414892417,-0.4175824986286889,0.6170797734054054,0.9337792915458816,0.14515904520432676,0.6219049615719362,-0.28584531216460013,-0.3892760780227033,-0.0028247321314562204,-0.05484305420364353,0.6489827486248209,-0.45407724037299724,0.4870009573141488,-0.4250278667056973,0.7790754303882138,-0.28621019071529386,0.5081377100069251
-0.6120002918447128,-0.45688175177838836,0.5770891319641782,-0.35350470236094034,-0.24509083467390919,0.399576661023877,-0.2740972816536006,0.9843929068352013,-0.16816054089121016,0.709001641124528,-0.511486239118836,0.4856129642914444,0.627809953799703,-0.010812632097925422,-0.7580777084894177,0.1138244769920808,-1.0319792422832674,0.7278201092380496,-0.5178080628286916,-1.3775975854861806,-0.45057921864592765,-0.3732932085486861,-0.7960929544782482,-0.2983779950219788,-0.1562777368599129,-0.2054152834513287,-0.8002128931428635,-0.7504605114260441,-0.7853596012629352,0.9233902416849469,0.41029221680039374,0.21025184636891026,0.8765002239137188,-0.7438100114396548,-0.45275603020020105,-0.13990001727995047,-1.2804865587006717,0.23429021801715627,-0.7856481919720633,-0.10234532660569194,-0.28930693899468385,0.8794299708111982,-0.723941491440837,0.45906744631932245,0.9518232442624867,-0.8305315863241863,0.9801641073522176,-0.7635968080331977,0.08181713462682681,-0.11976776137980696,-0.4477158046901952,-0.21744741304548038,-0.5227545714827476,-1.1276526362356172,-0.4625821866735905,-0.6890158782278802,-1.1008534883216148,0.13785395195823055,-0.01979914854487352,-0.30374949746831686,-0.2580210535839871,-0.5605287932845636,0.48842751626489783,0.5718352248465509
0.5182247874266211,0.2427335427072899,-1.000134121761555,0.36624569046282,0.6184006037591178,-0.35490749573931746,-1.0305722772165355,-0.6594532176673679,-0.7303448603257471,0.1906062469004465,-0.15675970956575397,-0.9605646699180712,-1.397135795242457,-0.6116063769453673,-0.5576647762486004,-0.37243121337114227,-0.9596597441370217,-0.477561514463548,-1.197550869509333,-0.08906393985264244,0.057010131776557046,0.3860532654221686,-0.4510689193542299,-0.7593965517402116,0.9874546448932477,-0.671943524761616,0.8237801181265657,-0.8863787567244515,1.0012642848834463,-0.5506364429902441,-0.09981467161577047,0.44300686269113804,0.0850816840049674,-0.31884824858903854,-0.4161992409232382,0.5970504465044487,0.06649929431894834,-0.07764051405988777,-1.0034543835218126,-0.3941944509719139,-1.5030906753294595,-0.37660577078170066,-0.7011611351550734,0.18647711089931282,-0.9328573745155592,-0.3332907249415044,-0.2416943801600924,-0.5285717203146267,-0.5375261893524756,0.19698974800118288,0.024993940901925662,0.4251813423482013,-0.06660881802078937,0.9040317412760732,-0.008745371820153301,0.6756133871321797,0.6822005093071197,0.7180876097907181,-0.7415916716579093,-0.417378386514263,0.30749112379652493,0.9511549240398747,0.12414599080233188,-0.40713648427472016
-0.3821057783611246,-0.8769386695503483,0.7160027995210343,-0.6469463845838465,0.8717680716030174,0.20257842681894525,0.8905923528067269,-0.20239102364326556,-0.8654512072269388,0.4243635897329953,-0.5294708619344373,-0.30697158123521157,-0.37688488324229313,0.9011486613662026,4.443707279658387e-05,0.6466945964954094,-0.5846476776367008,0.1848180832324772,0.20899306862489445,0.9490093657035953,0.3270650562825306,0.8543467048428771,0.1809679645700456,-0.7248010060212158,0.4686712752605746,-0.9823096694847809,-0.6976591952246037,0.9750699400447667,0.5447654842149429,0.22323866099541376,-0.8426196162401215,-0.7348087379865456,0.5273087757803286,0.8178380832401941,0.6269668519702482,0.461458356428318,-0.11796385377538467,0.950596102379183,0.7660215442974614,0.2806379190935388,-1.000315565166301,-0.11886280961243088,-0.5793027684432942,-0.7817425897574343,0.9143183934241995,-1.4248917418157445,-0.40650472710437824,-1.281401622526482,0.38488339257618176,0.4360573252863782,-0.5957273307471437,-0.34460618749614386,-0.7585502252486493,-0.9743226188279043,0.44757674695489796,0.777154607638718,0.5328572430482276,0.6298872089317519,0.376201226309464,0.7159839372243888,0.7299268619159913,0.5518873217283145,-1.0592923816905644,0.2849224986442773
-0.31405976153002085,-0.6446451267175429,0.37780558404141,-0.2760084414958085,0.4619626467696338,-0.5836347150677437,0.3714662988343886,-1.080582639276584,-0.8380872694408078,0.6817445399972277,-0.8305431753912611,0.16169440174538255,0.8680384251683024,-0.700147612406923,0.6380416223439616,0.3758454813209788,0.24785291274028062,-0.435344792001747,-0.2918101439603849,-0.45681448300243976,-0.316876676153067,-0.07585455807519839,-0.9063112176743754,0.6605379883013297,-0.15960682688192726,1.0487213051775428,0.7131740540437521,0.4748781761016754,-0.8703133590602238,-0.28925264557826386,0.7650331065777789,0.2988112801432057,-0.6873293625698755,0.47577842127898723,0.31311765694893573,-0.44923133234610385,-1.2888070056328702,0.032119102649110956,-0.8144239465895032,0.007724277623923089,0.8921252326808731,0.35454229680649774,-0.5018371532587483,0.30480017196029724,-0.1304383592404007,-0.17550796931365595,1.2934540797971128,0.7650217445459038,-0.5788214743738402,0.6512459685063782,0.46570593545450895,0.1748885453912024,0.046163310549999365,0.37069406826847406,-0.4659825235966485,-0.4063800353192918,0.9672503873298869,0.6059394952868754,0.2206068981207824,0.41869740780089376,0.8826544393020291,-0.29332925053358583,0.3518660811312598,0.3309399274760076
-0.41119526863860045,-0.5562560743276103,0.43025797516658293,-0.026610664824325544,-0.41379401269705857,-0.23930760754546251,-0.9835022684484349,-0.3243323923064364,0.1080198935715495,0.08585759820073374,-0.48703426088958496,0.7096894619896124,-0.4610504299661611,0.788598586609313,0.2548006121577725,-0.009519846232165065,0.810443699394953,-0.019304909163752493,0.05285971149174408,-0.7744395752268394,0.13294382902087848,0.33966925698633704,0.05473303941368685,0.5114643184957863,-0.26346697502462213,0.36379374175443796,0.665849844852892,0.028406334537880343,0.6340435143131415,-0.3359881021860459,-1.0313874750039282,0.6944296707341704,0.5931347195875212,-0.31582770193443926,-0.5332406154136244,-0.2185984487203466,0.12270893284939707,-0.3539836976917552,-0.17228868618082552,-0.1355082605484857,-0.37608437308402576,-0.06202508439042808,-0.5683027713022749,0.4965319452188306,-0.6144304936446012,0.5546836972413521,-0.016339147072601107,-0.15819816707681056,-0.6892207325370501,0.07968241226654038,-0.7665199335325783,0.27133000812767427,-0.3865176233619945,0.968789113463109,-0.8156665992794632,-0.6577704352491017,-0.44919963233664456,0.7650169369730543,-0.1613971843105626,0.021001858972256177,-0.04468084506364908,-0.09933330513279061,0.21799609549169896,0.3743131842457328
0.8095793477295584,0.6391663351361415,-0.8101959529728427,0.09246880925923057,-0.4733799663087463,-0.9007502564368726,-0.8440756760547258,0.1859790373367067,-0.15760035891487617,0.036635296718300375,0.8197998088170614,-0.38442923606238044,0.8714941773741416,0.7104652847980246,-0.049714041447183936,0.41676562101861275,-0.5955958160313433,0.6488476598158679,0.4926618988445848,-0.6802768436908481,-0.33830613023907297,0.6169070121539025,0.00202923829211127,-0.09061841409954016,0.22550243371439627,-0.4622957117753572,-0.4434794653419901,0.6180157940711462,0.20607178952241023,-0.486731585149933,-0.832363091786754,-0.46604846516052817,-0.3223270805236413,-0.9745229296124176,0.7679127192516553,0.4438065396276703,0.33334207531948135,-0.8100131109616461,0.3504511387629592,0.39623008462059556,-1.0075765003484165,0.5525098031841983,0.00014785962823903932,-0.93089920977918,-0.356780972883056,0.46901877830527544,-0.5701498067035793,-0.09532412639465328,0.2885216541451969,0.8954489977295318,-0.8133303764506995,0.638215418636754,0.4819738371054367,-0.12749827826017923,-1.5681944099862717,0.8467436826046861,-0.1397349323547624,-0.8792461989517684,-0.6165096469308718,0.3130860073343142,-0.3252921089958109,-0.4978970529999009,0.010746650982475014,0.5320296847321583
0.7905501459676775,-0.5348982047602152,-0.4991992584357687,0.5207528221574583,-0.6946240932345681,-0.40180658029277905,0.6206081949014732,-0.6944892309182382,-0.8440348572410095,-0.5499468529035431,0.7948194413778955,-0.5145507742971083,-0.7557495473102886,0.3216967646086822,0.31207778117078255,0.8022231062866456,0.8830106250244462,-0.46164545328717105,-0.02277007064161683,-0.762591917021431,-0.7946340287256555,0.6715794684953251,0.10198179183125977,0.5266995117668086,-0.6711757036632204,0.06282530116406422,0.9586171618159345,0.48088371474728847,-0.7947237600516571,0.14006013456088431,-1.3163774544721225,0.8667655870247994,-0.4969815207223812,-0.5721531081532014,-0.8492826588769815,0.8732136445052625,0.6832986116197464,0.21410363805069654,-0.3213624500765827,0.4444949322921653,-0.15199056909299757,0.9639414896061423,0.18924930058423278,0.4306477292669296,0.7563667840257999,-0.016440653259874954,0.6386471422465996,0.3956367244623452,0.4799481615242489,-0.939401475192208,0.06095599120233604,-0.3574745350633718,0.8947168164644618,-0.8451890772224746,-0.21671459896946255,-0.7261795606838928,-0.47217036824785985,0.10573151518557661,0.553062697486217,-1.1017666289119206,0.9858331305738494,-0.46042637453283375,0.27551913018114865,-0.4379179203591775
0.7921508128886297,0.8163196460089587,-0.21264411321454682,-0.8689346921959735,-0.8226716447980014,0.22920110278842218,-0.8394646575972021,-0.9523494864892987,-1.0551284087675066,-1.1638707190298974,-0.7911248027001058,-0.7459441697624934,-0.047185594405246674,0.027362473348513407,-0.5217947751829289,-0.5138443458390608,-0.713356176694592,0.6388942942960377,-0.5485477295285149,-0.8678457490828605,0.40048918915051496,0.9039965715862587,0.09860640876640943,0.40092890590376395,0.9084075778085743,0.7240646401057083,-0.34869190000918165,0.9699660653101213,0.11662975044112445,0.43601322225133227,-1.0615816534620417,-0.9908637764509318,-0.007497079440202317,-0.2838626256333607,-0.3729907603362211,0.9096166035823666,0.7363159691850558,-0.9861841293277896,-0.3567681630641476,0.5657094598162085,0.07826067780296271,0.4915722541407751,-0.2281080110120498,1.3018233525715872,-0.6160435524642216,0.947738512643992,0.299137485342041,-0.26635083661060055,0.6613017461451388,0.4066014122282518,0.6866800993874269,0.1110104302987118,-0.42195274910832126,0.097649075507266,0.09838222476288751,0.3347061368706581,-0.39666901291660966,-0.8005375850684385,-0.08933095679041446,0.3594210441061773,-0.34752205199156133,0.10048168664555363,0.705489446306894,-0.16465607730926118
0.4934728962645325,0.2215817047893935,0.779808864849197,-0.2723167146056612,0.5483967401074845,0.6779727675892385,0.796976770154575,-0.29636805115426623,-0.22156384671117654,0.2060243363842929,-0.7300808931379947,0.17448336171584364,-0.3615183631648505,0.2253550611143225,0.9021503017311736,0.6608156151151788,0.6438163771491523,0.018459471159208436,-0.4923507949128463,0.20698250875869703,-0.5928786577916659,-0.7561237664569309,-0.6412231378068317,-0.010882677477386981,-0.6843184041293635,0.6081010428182249,-0.23061786270277096,0.13214540922555576,-0.011121673799984815,-0.23159769759806653,0.6983400418163623,-0.451478651595037,-0.2058194248315305,0.7765943941691393,0.8733951036181433,-0.0566774600803241,0.9312598354922526,0.8053572368831601,-0.36258570939681,-0.6224293356749182,0.10195142468692059,-0.23035167547281724,0.012555953339568852,0.6723975542831614,-0.1388708577889214,-0.7091882717467124,-0.2357864328948453,-0.2642830086750599,0.07667379310312104,-0.12348243503713122,0.17116945089136923,0.48139537356254636,-0.052396150959067626,-0.2306103143252996,-0.779111045207509,0.14306530379445984,0.24983728600597246,0.9885853686286413,-0.32328453354257464,0.953002556563948,0.15183361014680583,0.84536541153729,-0.17867200910784475,0.5684040800328872
-0.06378909897327739,0.1968304596801858,0.6503081184747035,0.7395620085971893,-0.37781702199970196,0.7324554356512611,0.5305423204408238,-0.6553322598118031,0.7329965897719204,-0.613919595446905,0.6244866176102056,0.35775666200454137,-0.5261461778994445,-0.20808113885682483,-0.8323214669740208,0.11923414117594454,0.7965736611376508,-0.4326505995036728,0.17558353825004716,0.1223011079839695,0.6047322832726176,0.49085057936362114,-0.08181148218214722,-0.7539830170964593,0.8595693569106575,-0.9692519533181834,0.8376918435563309,-0.01225914217877264,-1.3440615903563378,-0.1807868918184397,-0.5000035516818728,0.5164577106223353,0.11831259407720716,0.0811538772523652,0.6293306304035489,0.010297858307454458,0.1064719672684843,0.4665485753770809,-0.5177860350519041,0.922170594313934,-0.888229713420401,-0.8595108743854091,-0.18928173997464504,-0.13233468685844088,-0.7933512499522295,-0.28086620779845056,0.17943968355859855,0.8770184935568396,0.7270918538792757,0.9736601802360815,0.28628226252365635,-0.7898949784119351,0.6381902736243273,-0.5551254772010634,-0.7075074259222804,0.7572458905902881,0.5889753644870376,0.9918435845156273,-0.9280951989481607,0.22920529888330293,-0.0040764420275962035,-0.2286968994972176,0.6908760166548835,0.39366922842960056
-0.006749910166476965,0.22111435839547477,-0.6134159403888939,-0.5007391956675639,-0.9921279917445843,-0.26519046855205586,-0.39811824333999474,0.05121806231107497,0.7462885599247002,0.8009247741016886,0.5780863277933533,0.030451918159034277,0.37296865283083247,-0.43339534921555195,0.40896381598515774,0.453706265678007,0.028904234142079974,-0.48933660047709815,0.6645067507689514,-0.7908811202136837,0.7777893911163702,0.8575134922925349,-0.6545251051869332,0.7505996703692183,-1.0355911180253246,0.6752406597262773,-0.17167985231975422,0.6651207422384368,-0.3136297197420137,0.21128314336008386,-0.9099050572168589,-0.3115986024186887,-0.4135406254290839,0.09202365246566295,-0.028043050884130852,-0.5666919542455156,0.7951136857041516,-0.4537969824659508,-0.461421518904713,0.664901843012931,-1.0242485353082462,0.5666880397237778,0.9903128177529421,-0.9038275778210411,-0.4182465645224364,-0.010629129040918513,-0.5411428721311177,0.3923740720376071,-0.6456610851351051,-0.5667017954367513,-0.7191940571407021,0.1205912625141307,0.33628360317292916,0.11676980168611716,0.52748683988064,0.30919586925718373,-0.09181932841199751,0.12444922189034957,0.11943796202882202,0.19151814248073848,-0.9864457157071604,0.47214212869679434,0.37689404709034263,0.7394058620103613
-0.3043482437932346,-0.08923217860915389,0.41377004091552766,0.41278841122660775,-1.296215403399864,0.9246596652147117,-0.6024547900869456,-0.2508642055493181,-0.3419443419171355,-0.28411000458141455,0.35736386346506904,-0.045485879050874624,0.9695465356560838,-0.4074366068780973,-0.9805562810497769,1.0921102712601867,0.7783899967335395,0.025143518665504613,0.9357123193834546,0.7917816386340998,-0.7546559121194408,0.889610332076074,-0.4627750284326684,0.8552646086297815,0.6843795999386335,-0.1536816385488878,0.03825913231557133,-0.20453198174150475,0.34033581868312174,0.24502439305524068,0.21964702894320956,-0.4057999930377152,0.4509798734098044,0.2305075365775627,-0.3950398208258794,-0.5730492345282195,-0.7541774029938308,-0.3270425988884931,-0.8215104323590071,0.9704770708572219,-0.27103025345223386,-0.17941321775502017,-0.9100405050734074,0.8882575263040277,-0.7134849375503022,-0.624929274251583,0.8085230786377856,-0.6186040642245519,-0.00422624223582902,0.9418661563467581,0.6616191975517172,0.41743288325883793,0.09533605936775767,-0.4424254572156598,-0.9873680558217905,-0.780516500759566,0.20181196702878815,0.16300723202021272,0.17644231180655875,-0.22382651701378234,-0.7425339278028492,0.475089173497208,-0.3567952175271183,-0.032615167983790244
0.26859663259348854,0.260955070283172,-0.4279699284700691,-0.14625061528755973,0.6577189432775159,-0.24209299499825207,-1.0404284139901792,-0.8122185469126355,-0.2024487544497498,0.6888542039425051,-0.8913917921420689,-0.10268140032698052,0.5979828838658974,-0.5604475652491856,0.25194186362141874,-1.0677407420013636,-0.22866657111965333,-0.8686838818288424,-0.06152457048517463,-0.35024184898625077,-1.1564589903513984,0.9822202183987867,0.05217113704466964,0.4833057886087564,-0.036502075502378474,-0.9932491537273179,-0.9151002566304597,-0.39293474521879845,-0.7784946645763071,-0.6458215421038461,-1.1068291153160972,0.3669969451263823,-0.531545575472747,0.6585112092771757,0.0679438826660843,-1.041386095545394,0.8032648296609071,-0.5247485055388421,-0.20692937109214182,0.7054069953920163,-1.4288251734055621,-1.089840058446387,0.9857897703483189,0.09964703973809384,0.5098269478100197,-0.13321043834821647,-0.13936391986796853,0.30085730025326407,-1.1056037047845533,0.6030635221585828,-0.41487894708381284,0.052386829588218296,-0.734194624251783,0.651673460251175,-0.9754243947598793,-0.6493374865919526,0.679763183893314,-0.859958825014539,0.943030688256363,0.47036272251917305,0.43108933230309626,0.23986770640820426,0.2843833740550036,-0.9907430689208111
-0.015996506815610764,0.11686108607890987,-0.8576696454193958,0.7569560178298187,0.32685067192467104,0.14972868402107228,-0.11381657003583212,-0.09304193812275056,0.4017385194707578,0.9174050335079618,0.26245801702785976,0.6664378250992247,-0.30534201222730495,-0.6417716040208689,-0.34187395580147184,0.5275813240157569,0.4632136344270938,-0.12370752979892347,0.35566860289324675,0.6167902558594073,-0.3685923583082082,-0.2004664183101994,-0.9921753442252219,-0.3875379859748817,-1.1236282037344578,-0.16792184412135486,-0.6052528048429877,-0.7402008385930097,0.5079228975738653,0.33851824070418135,-0.13437413183125882,0.5774425285677156,0.8024639904959869,-0.7399906250483421,-0.13871039115803085,0.8519029597482295,0.1793055905137539,-1.0336761504483414,-1.2449580409162144,0.9125902990999021,0.3927873077707393,-0.418856509714594,-1.1235395322574229,0.1302625293857276,0.6105374138463462,-0.004249743714944525,0.5335609968822068,-1.1352324703914451,0.12662985685610093,0.6944963724342054,0.6220381659751119,0.153747858933225,-0.5367902159795181,0.7502331833648792,-0.7846200680480548,0.4928029510368393,-0.9632557771435198,0.976614839242373,-0.8715785768610007,-0.47443562626696806,-0.8318335428454458,-0.6421796581503862,0.6221348176179409,-0.7974449815719955
-0.9756039953248703,0.45139340920881604,0.83451476883783,0.3489565087277364,-0.7527078306389122,-0.5588239417302127,-0.15618965198143678,0.2931416124411267,-0.632343111501612,-0.44149604294780614,0.4122611203104943,-0.24397704592887678,0.2146749142679516,0.591674382980101,-1.0456381617373203,0.3548754542979232,0.5778513792968197,0.3603480323751463,-0.27436949360839863,-0.28655770441719036,0.7795301612428513,0.4910587039357569,0.577178255860136,0.13987689995427474,-1.1754624069642265,0.44651806537042066,-1.285444725523283,0.33020475028145085,-0.2143678887949057,-0.26456878896692465,0.18114472898691053,-1.013049049753211,0.8630531274558959,0.7653173381890943,0.6244122376722957,0.32710811839153525,-0.31328565815846465,0.5231350513644076,0.8041777096058483,0.4513074122037536,-0.07958467507156855,-1.0253005215493234,0.5584857968355679,-0.7102112944070048,0.40402771173896834,0.04446800548235061,-0.1254102007340745,0.8659431475338415,0.2992372896392861,-0.7507385238372252,0.5188515108464629,-0.3292035723527799,-0.6183633205009158,-1.2531405011215837,0.36644466075395776,0.8651238234515715,0.6664690788365846,-0.4599796645351426,0.5069691503842436,0.8495223710963592,0.6008828369086707,-0.7225500359866929,0.8836709602193158,0.926722264032508
0.10046408857228317,-1.2172835523179841,0.1651069740186842,0.2258750106399698,-0.033965109790498646,0.923775712351963,-0.24527014465549696,-0.4951352369404152,0.7387164197488556,-0.10890626026475417,0.6739678400211966,-0.4683184855054644,-0.2674188264290356,0.47939479437839544,0.8334861091797114,-0.8996148140644771,0.7598414540229307,0.3815520193834955,0.3007025391799085,-0.7934777951306803,-0.7600644186865867,-0.9199684851757433,-0.6067225690842295,0.8240417577748644,0.1538465464265287,-0.3643631264339939,-0.8753121983873984,0.7755880034887841,0.5481804943277615,0.009976762326193947,-0.13575752948134617,0.947106285546759,-0.09116787635681055,-0.6899065302930592,-0.3156552826065223,0.22980459909498385,-0.8145231834582647,0.2713997459612511,0.5779996731194472,-0.36733294876333994,-0.5548441390381497,-0.1957544126814723,-0.08905597496388003,0.02434691885517749,0.4512023943350696,-0.3457648473006454,-0.6439723274683093,-0.07784172951089444,-0.05448048453304472,-0.5483281867575543,-0.012156568919980862,0.14333756317605548,-0.5560244353768452,-0.23371904773640712,-0.7809869711901484,-0.33693050214351244,0.793881237687202,0.2866673856033706,-0.41059548049343964,-0.12687555125850003,0.21789797746754994,0.658812597920582,-0.9128836796333871,0.8935450307132756
-0.2528833663107991,0.45223724266880205,-0.7982553461307343,0.04908417503088226,0.6736984380941754,-0.05067375526732574,0.37463558839800265,0.9703368087842877,0.6889483796596305,-0.7831692106133753,-0.5699725774633871,-0.29342348929226664,0.644799954330557,0.7844250154110474,0.9353180181546862,0.10420262575704153,0.12762985000445856,0.2858246143261379,0.9043447001592437,-0.440704377302854,-0.5152630812809246,-0.3347280131796638,0.5345912749181124,-0.5421578969512182,-0.744329976211824,0.0790191000126506,-0.18954736363854569,0.750576954218055,0.9534769254450326,-1.0437454868116898,0.09320142673741474,0.5550666388730718,-0.5096459574350258,0.31421016506574206,-1.0198065453688536,-0.2073722853246323,-0.1304392474558033,0.9313869263943522,-0.26311559429390863,0.24581325802534526,0.6749225697046852,-0.34268082011202305,0.4572644938313814,-0.9389344037216986,-1.356500165007464,0.6557926861587935,0.16579223814222596,0.05022351864564465,0.30415393639144556,0.38536952557796156,0.022109936107467375,-0.2712620876869432,-0.1056653302694665,-0.14991470975229954,-0.795735171296516,-0.788390418531824,-1.0398052632164974,0.7498219804619802,0.6246721811281817,0.831831487785688,0.00879031927736024,0.9526609755962262,-0.6551367727088382,-0.6198103022872888
-0.13437416220604992,0.16763546067997795,0.7554242729643318,0.08455831484490074,-0.30746101977822665,-0.15410570411412455,-0.3073651368843602,-0.12727621288852456,-0.3600563781181711,0.40766218360470496,0.6936835873851999,-1.0047206340837866,-0.20336660967088213,0.1195517870432716,0.1954082591141408,0.628498780840694,0.9047359344516991,-0.364689139404486,0.4050109550570041,0.2726518431424427,0.6221469232677688,0.3960163000482588,0.28511558060031134,-0.4535819335300325,0.7031915087519212,-0.2640564579083194,0.3946383468275428,-1.0571338371477415,0.9126902950753353,0.7225980153990448,0.8749607030566444,0.6235019012925681,0.46739129696450954,0.4592462003432137,0.4388715360211403,0.19860861606295768,-0.22398920037623346,-0.7668010674124967,0.021551181399145882,-0.09766222664371246,-0.930398749207096,-0.2345668064127489,-0.1570637766788271,0.41430890085350497,-0.38225911919977723,-0.04000437089535114,0.28799598800959564,0.809290121422722,0.9825157784149147,-0.23097740597009747,0.2540575800002273,-0.009457450722730399,-0.9213859762855653,-0.11004585037883545,-0.027143804585426264,0.5299108265359678,0.25211257713676666,0.4754727644749724,-1.173253055183139,0.1381892383469454,0.728183886949753,-0.8163789463429515,0.1655997376424812,-0.5953062700504854
-0.3378295890192398,-0.19156892752482133,-0.7689432605381209,0.024028682981071248,0.6986718908262123,0.14625115671010244,0.4831864161351648,-0.7959751638584509,-0.30241215282795614,0.020664602387166303,0.027230496465330482,-0.7934358396289571,-0.49332875534342424,0.13831578366062391,0.9304256183719631,-0.9613859291798619,0.09174797065403001,0.2338035117698346,-0.35049443011431214,0.6324740927990384,0.3344736925023296,-0.9738299463318837,-0.8071681264417768,0.7632040607187343,-0.4105350740250476,0.292111878052241,0.12064667332059639,-0.21718490049683806,0.18686115242660556,-1.1465145619664268,-0.7863126165173208,0.5157335127445726,0.6880057366098268,-0.47715031713363565,0.37171834316217006,0.9613605942311326,0.32692777780349785,0.29520304707206174,0.976974028968078,0.14816445075181292,0.1302470076565463,0.5122627435706986,0.44377923254034823,-0.605851121633135,0.7443757532980649,0.2936903162644151,-0.3187483290781726,-0.8553863877305196,-0.2037020763124686,0.3928563405733111,0.15848223451998342,0.47735669884197995,0.932171871622866,-0.38982365473273956,0.24805801393099391,0.6830596846508432,0.008740941612871166,-0.8668169230860313,0.7640732309690365,-0.24575788941990895,0.26788479224844025,-0.18846974466988167,0.6510143537601106,0.9639193109236972
-0.22001087028145827,-0.6082279586138217,0.36230566614526966,-0.7548649288417884,-0.9771955307661027,1.0905370522494051,0.9739079961484619,0.22550185203817852,-0.44952557864328374,-0.8898859777066159,-0.49555605903997235,0.3645450296971309,0.5026650947760184,-0.257776236959137,0.030819718051130797,0.9996587709637268,-0.8882582764953323,0.23178380788694808,0.9275790790449274,0.03800245328403612,0.07515316801346074,0.9932980852458941,0.9400536856642223,0.29960424699125915,0.5538412984673625,-0.7656507973153177,0.41077013466928025,0.7610595725438736,-0.8924735986868686,-0.4626471227614019,-0.03549058123496678,0.4165007102401794,0.8770661401970073,0.19280700068002213,-0.2545279745487402,0.022080492770725657,0.42628188390810634,0.8029005022995778,-0.9555935669574017,-0.15044056553671298,0.5403613411972168,-0.24191680768834484,0.7397287046148252,0.8164957943479885,-0.36173014910208684,0.655696354877606,-0.43087498086534487,-0.9251904129327452,-0.25445376431739974,-0.035221100109715166,-1.2638997659231417,-0.24823397761068436,0.577928026105417,0.6234094486747365,-0.7868990809596063,0.19638026946074086,0.5753946765577568,-0.23311684828027543,0.9413888295560798,-0.7224479227114973,-0.6807536397770195,0.20633305077104863,0.6207779167026739,-0.33252205623974485
0.24961999716995534,-0.4625205123236217,-0.05683049176243715,-0.12031452999250794,-0.07798659973633029,-0.5542347171424201,0.4483663706900692,-0.48186394145206846,-0.3237280884869375,-0.4082778959825051,0.3676136795036619,-0.21857953555635437,0.10598989763545785,0.5156768854356061,0.24097643620140122,-0.5843606326966729,0.9416083333381399,0.409811758007951,1.0216929110953203,-0.588326665618838,-0.37717286097589214,-1.2392002236284787,-0.04045045850892172,0.8814326535840649,-0.160439629592194,0.6533943585262767,-0.3795892198742748,-0.7896503400747336,-0.941126524677365,0.009028884835379194,0.5480694615241045,0.03670823083662746,0.9468522406552069,-0.08412187448494236,0.29773370394616744,-0.6456800860682391,0.5166071829534402,0.16826967471939078,0.23404344122523515,-0.09168896153859213,0.23072712025005132,0.1553571994907186,-0.21674664138889435,0.2313592959347536,-0.6324941954375397,0.04018950955820181,-0.6688061626058096,-0.48506831790813326,-0.7470587123074726,-0.8478335640429168,-0.6568711509794635,0.4985302851794447,-0.27969618427714366,0.6586890304899596,-0.11089522353298242,0.866260653488895,-0.18028771522966439,0.1718186215679183,0.09925098804321218,-0.48330278650565023,-0.26697425756827714,-0.3141154072702132,-1.140731301388114,0.8680797412356807
-0.5583080787641405,-0.15412985427381973,0.5926989829213332,-0.9296385847385831,-0.05926469527778145,-0.6360202838885565,-0.19357847513460189,1.1415834180031827,-0.1313620851659766,0.07341563948281381,0.5548063070717807,0.6774990454223713,0.2703223919250075,0.7370596064179589,-0.34682825262868827,0.24479863215506498,-0.7549964188159553,0.8049791774933619,0.6189388885968758,0.0827879993086938,0.08705718612890069,-0.7096561233240589,-0.35258819157809346,-0.28915750917519195,-0.026370034162601814,0.43213741884485174,0.8859105791861113,-0.6186552836256548,0.0309622245314476,0.7414281685933859,0.8721687223146624,0.5594300429873845,-0.4120423186828825,0.06602670308849802,-0.04619556682408762,0.7342176270011932,0.6432221402990349,0.6075878159947046,-0.6597207693319569,0.20504470079190323,-0.22726325635677644,-0.9006523298052651,0.5916587219074703,-0.1281875081393,0.6023643105684087,-1.3448958091103562,0.6530829906521566,-0.9406866270417396,-0.3381494434878038,0.37107659799408726,-0.8623047769153638,0.3879177274352756,-0.6481881817581836,0.4965341989869148,-0.30452027209561017,0.8153381999260378,0.33032921779428,-0.03669122238768184,-0.4124837179586388,-0.5035950059397414,0.2409789241210841,-0.03697319554725062,0.1774786419583257,0.632458746905695
0.09627152959715324,-0.1007832150008565,-0.29217926461911226,-0.1164430275605769,0.2716093426959022,-0.5697427122151427,0.8629399896146811,-0.4532498407330826,0.21256534121154064,0.9346489183310167,0.6389138654972811,0.9266923780042331,-0.1754833540537578,-0.7559848334503244,0.4728329545444703,0.5313692978330219,1.0474287115074499,0.4373201273593164,0.34243579122708057,-0.9919476834993821,0.4413745819078732,-0.22676345830338562,0.888207725247894,-0.29252985286421224,-0.8859833341329386,0.258362246025385,0.9916879878010213,0.5404649397263014,-0.8941769037181262,0.8239519276397068,0.6016786837280748,0.5860782456593038,-0.9698665781457279,0.2532799065147013,0.1344284308561417,0.0411754265650379,-1.3976092102473798,0.1850098815288915,0.14732676061838174,-0.4771575499126098,-1.0229318768980473,-0.7944493037661842,-0.9831978438726934,-0.8994986104027233,-0.8855014307671085,-0.06635563752416128,-0.01833431607048715,-0.6715952113153859,0.4328814302195115,0.40966598292901985,0.9932000767438607,0.17823920826439046,0.4999569752616749,-0.5680497966156142,0.6037393144488001,0.22483618338544933,-0.8159932083502432,0.15049641058977767,-1.134504916576302,0.31854948691470325,-0.9219657056375662,-0.30988499540949205,-0.5801621551056507,-0.7636789207659131
0.9044323717300875,0.1450336352223391,0.5277038369168552,-0.29450135959555995,-0.027832737719844913,0.15613381933049567,0.581569921217081,0.44458282942740157,-0.6187523000862789,-0.9557495550963396,-0.8143016712232294,0.5641503137706025,-0.583544383359435,0.18292726015813607,-0.7258323336813298,-0.4828147591838357,0.3116142087739118,0.28418568737482963,-0.9430489519903134,-0.18888173418096904,0.4689726579345404,-0.7582463415724947,0.03201810893599644,-0.6186811305822414,0.7049847097259989,-0.897302126804005,0.8886090763358148,-0.5025943873301242,-0.6926661625046711,0.6815409875087952,-0.41804763355841335,0.6933865811929008,0.8420510571891062,0.31463491580870373,0.8278226502897083,0.3756918957020841,-0.28534034324624413,-0.05040104882086417,0.4703221833842702,0.10568742345998386,0.023398556609748107,-1.0604809774664354,-0.11129058160794136,-0.42288257149847486,-0.3638417487507446,-0.7814714242311638,0.1805897702471384,-1.2185901216494692,-0.46393117488036023,-0.21882892928649206,-0.5018957414173464,-0.35643151418013935,-0.178426479624051,0.09201782820006431,-0.37423996829730727,-1.0428032483512366,-0.9184822852830913,0.6600486116693018,-0.6205703591005615,-0.12323395902617937,-0.583270127972435,0.6453508796775322,-0.7548301788498959,-0.6947213242558654
-0.02226340184397747,-0.2801852867729844,0.12109959195243004,-0.2876107207530657,0.4251822793917125,-0.11451200396610116,0.17318534498023097,0.4716040419658253,0.11688916388672899,0.8420810570813461,-0.5783592286989351,-0.3612993522461313,-1.157676370962167,0.9640486637866021,0.18498091412170348,-0.107588957747506,0.3501048826166519,-0.8596249573379594,-0.5574368923717218,-0.4385954488110019,-0.1708287154280639,0.16244702917468173,0.9322929246909686,-0.20900673640284262,-0.044963886159208565,-0.12819502825588394,0.01403973135672261,0.07239599346228544,-0.3010022806544975,-0.2488955847525324,-0.20713502028457378,0.6690589033503762,0.5461101720518929,-0.5948542341820281,0.030056682836451416,-0.8485499735006707,-0.287058478187975,0.8062700743205014,0.1146856011361429,1.0451066612113689,-0.4730785897983341,0.32080732676459606,-0.5018329070227653,-0.21885409392686275,0.1422862746615483,-0.06960126445473477,-0.14249194371718074,0.04871338647581753,0.03342620700377784,0.6010573122525342,0.06162988627072885,-0.6960616845173659,-0.9212906683778086,0.8093927957825153,-0.23309903783746364,-0.2748745352538496,-0.21396308799105013,-0.30711588865663864,-0.5013474414299353,0.14769744535393264,0.7194176750324696,-1.070024811630086,-0.23288158397729644,0.6766078034243789
0.7131649800759721,0.748670864777822,-0.6070965138656585,-0.261431311739077,0.43361838699011634,-0.33352934840575327,0.07633022088925255,0.5609760552353525,-0.9079770478089902,0.9227224899000709,-0.565955424107396,-0.5150346197393576,-0.28657713405445656,-0.6606942175157431,-0.38032612959207396,-0.005499849779943702,-0.4659734393259564,0.6043584693210368,0.7387141111088259,-0.5621544741984531,0.06156209755785587,0.6447757031068057,0.5701659746940011,-0.5949825450835938,0.029225568716843803,0.7278221674456019,0.5792085802180974,0.9560878131662146,-0.4709286066274277,-0.7874057751960291,-0.40539971476227266,0.15615427014586242,-0.8693182577954481,-0.769038332738857,-0.8783805999059999,0.4283636577685061,-0.4605417576359713,1.5286628760908776,0.5199384659563138,-0.11676060010819023,-0.3100858933552859,0.6095106024839196,0.659978259327697,-0.08228248552746342,0.8265080225219423,0.6535468998642594,-0.03922145321555644,0.06173130150057625,0.4054241301582172,-0.19760837718670907,-1.0610246572229949,-0.1678711746216335,-0.32591166427484825,-0.16955260867784958,-0.06365415624048343,-0.6390067792016175,-0.21504261539444897,-0.37829034709800985,0.507498643020358,-0.8816866648504232,-0.5840900032279915,0.008624766889197145,-0.06407221928808039,-0.1965305479979801
0.9425631829393664,0.5399388952537753,-0.6170922170211028,0.6800699155054214,0.8969029593085541,-0.7368833868941678,0.333690069920048,-0.2701443313924863,0.6418573362482034,-0.11572588465290316,-0.11905169336646736,0.7010563745669351,-1.3428400255572175,0.49792177106910357,-0.7724794406558315,0.4805149758151921,0.4749034000466525,-0.7710096963455411,0.8443028490756072,-0.6403855150837335,0.3673492408568254,0.4898886346152474,-0.4348881309036773,0.3248475985648931,-1.067263314505671,0.2522766509304062,-0.22318902930501391,0.2357273459075755,-0.17385120586145902,0.9987549709123009,-0.7330545946529797,-0.5157663232085695,-0.7619235671041644,-1.2141256107466338,-0.6938935538965797,0.6126088661174144,0.4192527349019554,0.7232816001889056,0.1561268944706846,-0.2282353727228211,-0.09491277236737532,-0.08103961570154067,-0.9020871511729173,-0.3406745809195456,0.7179592702607762,-0.05335013910883868,-0.29989631524683674,-0.12443959406225588,-0.8524011046992543,0.3222447433019364,0.7140355721305011,-0.2790578749277449,-0.2565671522176374,-0.9203265903951733,0.6186590799347562,0.7925606829365178,-0.9264116367759443,-0.4617937491594222,-0.619535618010762,0.9567432458776957,0.6314738046670358,0.46641179793926013,-0.9413694810820787,-0.3794926921041429
0.25007632213059916,0.5068585539940134,0.19823689318212062,-0.020895332646219362,0.4757012278644989,-0.12648338194273306,0.5835314251885211,-0.906046501813136,-0.7763551765335156,0.660705554255277,-0.1772022165531195,-0.9034755538272937,-0.9055148585147378,-0.19793598265014842,0.3823622327333043,-0.1565443864641624,-0.8200715136959231,0.42348668439479,0.30173482941748836,0.12113024166036157,0.4954845064762156,-0.3804289961416936,0.983489176474228,-0.8811592461213835,-0.8200935209288491,-0.030577247392032266,-0.9450433630823666,0.2576854851103192,-0.07135970532348869,0.5410851535011566,-0.5875388624045683,0.910266382195109,-1.104692898012159,-0.3404624029042154,0.5081882494378748,-1.1814431081827699,-0.17576757428486806,-0.46620951754145096,-0.8838087811159665,-0.6896397738234682,-0.729040787362655,-0.2976129284222722,0.9607703406481743,0.14357869442129048,0.029804619649538136,-0.1039780494078061,-0.16883826093971063,0.12190227351094506,-0.161992250538479,0.0343741826390202,0.21335707266081644,-0.6989612859378643,0.9895365424612197,0.833593830836226,-0.5024431173953013,-0.8727709134394805,-0.26591397796144844,-0.5366831561249786,-1.4024468917453747,-0.0013501190603836242,-0.23667260542618757,0.7190827892877802,0.8586979388270682,0.8561074291183898
-1.107442723528159,-0.33979645131318326,0.34950276555871446,-0.672564030681311,-0.03189386735350991,-0.8593260366318397,0.772013670005599,0.9212494314690503,0.5477974818977501,0.9115466461778834,-0.09067322798124003,-0.38114432791633945,0.5126825942420732,0.33397527883921757,0.10105695269578349,-0.6695265300355052,0.6450721070414672,0.8220016836503622,-0.7152328824014541,0.6020277536218495,0.39422487689948127,-0.1171042395100907,-0.03101339077677526,0.7980882452881313,-0.42349298503157334,-0.42752083260874774,-0.1859086339839852,-0.8341591294977657,-0.35270805319608395,-0.08781568948581671,-0.46336809282949043,0.017373424226031716,0.19538586579587422,-0.5911174088940713,0.01679635098427856,0.4241838418442573,0.6878576857715809,0.5793348014675385,0.8041288696843573,-0.10818445904050811,0.8494713806368929,0.15653693660314041,-0.8626950712622812,0.17038254613041484,0.8256088627653122,0.2841963399559512,0.8759569706614793,0.52946984625354,-0.2938448460057209,-0.16355345688903666,-0.8062156288614327,0.759002747815415,0.5970247568096062,-0.6577136372289394,-0.13552969421653382,0.18130794270150422,-0.3585313527588462,0.16289598380005635,-0.03196897392690328,-0.43554380676658944,-0.19838318371812405,-0.11052137465286867,-0.5003579322576641,-0.7812442361287026
-0.5678103101035651,-0.5797384670614494,0.8191347666637145,0.7357605640968474,-0.9567982226963787,0.9369018644495185,0.8851841609934405,-0.6655114022798762,-0.02400778478446493,0.9400773832364765,0.30093902392661726,-0.345127650059225,-0.5348639501931878,-1.0070616528236198,-0.6312897836274655,-0.2122891871158148,-0.630466978991012,-0.27250013448778126,0.5096140908513135,-0.025968399793233378,-0.5871758077433326,-0.19617594201160307,0.6898167001183897,-0.4669974247190376,0.2619859855793739,0.00704736108076287,0.3691452402809821,-0.5713107822086892,-0.495686952473452,-0.6623974782978682,0.6859921219747454,-0.06324058082225728,0.08905486270295256,0.14148787515739372,-0.3481848209279854,0.783537064346469,-0.09582595144330325,0.5264835485386564,-0.40658078892510313,-0.1093781178400363,-0.1449329083640143,0.32577263237473125,0.3295940888642507,-0.36822854420057444,0.3594485169308961,-0.0899446802131471,-0.7452788536322127,-0.16653519842610306,0.23988109383883252,-0.45154375539998626,0.14554988060756294,0.7763892128197635,0.05519305820657767,-0.5751229332408796,-0.6287251022647913,-0.9479778724138133,-0.024348556559903117,0.492968656507464,-0.7513682576545286,-0.8921382256346961,0.8158034280388182,-0.6330362275139422,-0.5754813142115721,-0.8937362417772752
-0.8739864248403912,0.6574231287462131,-0.37661898515824016,0.024928587925049026,-0.5944930924765689,-0.20999082625189905,0.8474518738352226,0.6853362514627452,0.9000063301141423,-0.6571902935004091,0.5027268769274241,0.33998470376896817,0.2619055480796403,-0.48010544023162055,0.9470818108913425,0.6926654601207339,0.5712628251888239,0.07570715445147704,0.6376016943118509,0.6022380797637075,0.399529754034035,0.4320415735403901,-1.0259937619323773,-0.9140154687980957,0.18341450852610755,0.2487760485863566,-1.1824984531200353,0.533124976321273,0.5737298706854801,-0.3614510667680041,0.2224681114572057,0.32487584026905025,-0.42817596148039005,-0.10722735634307695,-0.36335237887769556,0.7449331060832213,0.17990856483163428,0.22307516953234732,-1.0066453257389163,-0.5989259720261023,-0.5138229943315792,-0.8782838921591155,-0.24367537142558696,-0.5830710702993441,0.29378219299788394,-0.0011412871449137073,0.5755235643184526,0.6556080274863998,0.8872787342668748,-0.17984602589463697,0.5032990186207021,-0.5050642169941101,0.18541217381731553,0.06495143586023404,-0.3465942606393837,-0.19216889338070844,-0.6676686415193764,0.7840130417518806,-0.6048816658744633,-0.6453738860835162,-0.285568409804653,0.4189893660994981,0.8081481533239702,-0.7797042152138306
0.18479634860487773,-0.4524871992687037,-0.04017200290915018,-0.44550188351965064,0.35690304466731715,0.1899728662020842,0.25600086065645183,-0.788037006581195,-0.4719288589793474,0.13400415671593524,-0.47363124456572986,-0.44852328341511855,0.11532402969458921,-0.41966043453852453,0.32571249158884286,0.9781993189399321,0.20754589485919678,-0.07638524333438687,0.8499188290486969,0.8732430958811818,0.2715838367639853,-0.9096983531888291,0.4790962570725558,-0.3226272559776568,-0.36749975958580455,-0.523048247516141,-0.8874767421378515,-0.6733065446449871,-0.3225587905809898,-0.19761439436532038,0.5058789108519876,-0.5163220375250372,-0.19291295714551096,0.8314161343422355,0.9098974113719686,-0.2305564906676411,-0.868706174571641,0.5975665457804825,0.6948399938225391,-1.0658469723245239,0.6784355413900219,-0.46945905406397725,-0.40889361050288603,-0.37938745706675175,0.541243513070053,-0.5659231007226719,-0.7579384052051733,0.7524870420361875,-0.05105766580764221,0.6996117588563262,0.3974100696595647,-0.5705365525794106,-0.3100714621476354,-0.9198316845712111,0.3970122903659605,-0.17026310669906528,1.0097669054684788,-0.7208036592609306,0.3932012082050132,0.79684063067497,-0.39987020052254196,-0.010607113993760237,0.39808802399836213,-0.0811028032463498
-0.042003370287019226,0.5389595997173888,0.7295120545703601,-0.7991408806908497,0.9377419667993081,1.1657915507615482,-0.5903160544666325,-0.6006124246787293,0.680968912800499,1.1613840394392974,0.013812581199803626,-1.3666940848544424,-1.078089069608245,-0.0921943869953706,0.039438110667135436,0.6321942054299613,0.6726795729733842,0.09541295479125331,0.8730215121697699,-0.30349442645851016,0.7629388284641362,-0.1254055432518704,0.32277740370810915,-0.6957637051638622,-0.2872824282598472,-0.9395682430532385,0.12608489598095923,0.8755923652185251,0.020485998276691154,-0.5872388747910194,0.8097820858470653,0.28734016767675047,0.2265647091095681,0.9712303979172607,-0.1724347264340257,0.6624980577746868,-0.5857811375694554,0.14166582207087414,-0.9454949042579102,-0.526187889561779,-0.573465911302722,0.5193668891708264,-0.3873761943402794,0.497235753858364,0.40726009620112047,-0.31871737881319434,0.11030581457804894,0.31034819221124377,0.7127354432112882,0.10976184169741679,0.09508897018215443,1.0882131192344109,-0.12219745385156967,-0.44088483033223247,-0.7772907931723143,0.49498994720282924,0.036106925649443206,-0.029099898085661092,-0.9346679790077016,0.8418578979637712,-0.5581285742060885,-0.3972435488818215,0.492569877524013,0.8642596665971514
-0.29390644136510324,0.2690204652171586,0.6316762309503611,0.15434969140880384,-0.48269136378467303,0.8681373900734866,-0.6423429313249545,0.7788649416990432,0.021504813576807218,-0.6416203011489818,-0.5469103606401872,0.7639320662561099,0.7945989681529105,-0.9325075389633176,0.5875315280558123,-0.014054870710968356,-0.1246374394622161,-0.8904800290839937,0.2517411263365669,0.889957354909077,-0.3962318862585483,-0.27974668404791087,-1.0627817608817884,-0.45123132263304244,0.6349926785067646,0.09216529644499248,-0.7378839669334086,0.47888273792033414,0.794819913826828,-0.38040177152545024,-0.32669994267875296,-0.7582162028033916,-0.19527165762978055,0.7565771107577636,0.34186850245624,-0.16885832383831118,0.6191423768954041,0.6415260250253904,-0.15772619713560482,0.6139132914415999,0.8132396314536763,0.886980672577581,0.6080755963207589,0.6800668984821427,-0.3433270730133395,0.02389501648485279,0.3112066124824251,-0.19647761528298788,-1.13038775292489,0.6420117344791895,0.2968680306475423,0.10783984195729136,-0.03368215164751749,0.76934326548448,0.6364029961060709,-0.22704722054985127,0.19975055270560982,0.4874752878611961,-0.948258367798076,0.15120144977953487,0.9521631339219692,0.651800974466186,-0.9837179671870679,0.3964960162863426
0.5762114425473762,-0.6566152507280422,-0.020736997313828817,0.8531833018422826,0.20024818722916993,-0.7245314760567325,0.33560777311688716,-0.0020839718994818393,0.2650761483145372,0.3316371755339184,0.11892987718282884,-0.44431282204668465,0.15663388159558703,0.42351906039981707,-0.5426862332933322,0.29864398450236607,0.29032075616108965,-0.158104423826605,-0.10676816536797991,0.7597522230924516,0.531471989776176,-0.5598237903802914,0.6355942355566404,-0.725145323359827,-0.27460784108231595,0.32105587509338684,-1.1104153443778688,-0.2461232952130724,-0.28503301580148016,0.5234406493488775,-0.22710107558417672,-0.2218349342479676,-0.8944379411120966,-0.5651214744085937,-0.5726609405960753,1.0611676642425656,-0.486728548156914,-0.3739860924715044,-0.1887884194376649,0.05536426950760077,0.9163144375151342,0.0686360492047276,0.391967782327418,0.49318112487211774,0.6928961726519549,0.21174837986455242,-1.1279038712364378,-0.3315755816874976,-0.6153776097248687,0.46277853539031083,0.5593746016110107,0.5241861143737828,-0.3921499225955062,0.9046068838376516,-0.7975116584740166,0.7853804515481904,0.23730554972069537,-0.5074423173657752,-0.07620398236976757,0.25046533957540207,0.02567081078118224,-0.06132037594733552,0.727328856370278,0.03884614232509751
0.7355890904010729,0.4909663043821315,-0.26576527035498576,0.6728779482318317,0.007161014442501205,-1.026609727343698,0.9419404814903432,-0.48903710063077255,-0.27975808300459726,-0.8670981531246531,-0.017308015201754973,0.4041194729919169,-0.1358002585913801,-0.647999484183814,-0.33479195084851926,-0.5392955149133141,-0.8521090527447677,0.8279357879233737,0.6535318828806328,-0.5459896238585084,0.8618472680535954,0.6781334567576025,0.9976675924997801,0.48745160407184895,0.4869234619837022,-0.9802867754021855,0.8033239049169527,0.07704266229422264,-0.18016761712782325,-0.8980523935040114,-0.49284295407564105,0.20283143490864913,-0.3132016347383267,-0.5730602082365699,0.2951872100966877,-1.0037837554295121,0.060150697870522046,-0.477409405100429,0.04714185180742102,-0.3635017209792098,0.21797236294466138,-0.4344263356700539,-0.7942094684124222,0.5326866423037244,0.4014576476018228,-0.7855813585923348,-0.8526393695173057,0.5407543856357483,0.6364900875137092,0.43195553018997895,0.5150317746888721,0.38637903519195677,0.2194833042346913,-0.07772067865883425,-1.2056215454306105,0.4245211166890495,0.5464393166547807,-0.7785327727882021,0.946308081339235,-0.3814568983021909,-0.7154010412186803,-0.91167227690997,0.15295817444828336,0.7912742376687126
0.6010723813328309,0.4414963424120439,-1.1003697724177164,-1.0860330993428509,0.688804296778626,0.5761096669510319,-0.9253543024934777,-0.5591952652941232,-0.3685189711883379,0.40708986467462,0.015815927249413306,0.28454974843462383,-0.17825790735722744,-0.07032426548536258,0.19636346148142278,-0.6150001577758697,-0.09882411575783556,-1.0884419065750095,-0.5165407438616748,-0.159275774764258,-0.7735942466828357,0.03664773039545657,-0.033405604544328574,0.23258796771194812,-0.023727958466871858,-0.4448602264355252,-0.058334115156034705,0.7372304241042417,-0.8420286845027385,-0.6567581249581904,-0.053620900183341966,0.2733404346682312,0.15852582857447192,-0.6576895624300609,0.7160886465526305,-1.4138744948966837,0.8637189330551428,-0.5329439574733777,0.10890799133645843,-1.0533523776066431,-0.4343127990129819,0.6154103562912545,0.651207212768021,0.5855132111793987,0.03570285524766478,-0.45005954222634614,-1.0243551606884476,0.13193943124251334,-0.13363707743667722,-0.43206769237733694,-0.7619847856425435,-0.9437918928139367,0.732401603409702,0.7010075752100068,0.14699133436932577,0.39005798926681773,0.30615525904430085,0.6833582203356988,-0.8047173857792079,-0.2512644309904445,0.47451983820250987,0.18377183849110854,-0.9599223577528382,0.06037838550358238
-0.39564249221200093,0.8159710317291422,-0.7630347730498883,-0.4001739246169035,-0.8527918421368748,-0.3499703694313252,-0.6896275355795156,0.06619629125193134,0.37951636866516775,-0.00951931113758475,-0.16091990379747426,0.7649441729814842,-0.7673759753066551,-0.35454922443893,0.4831594807458028,0.8748843109628317,-0.7613042769058693,0.7105919601523994,-0.061662310573435686,0.32352119455055517,-0.9840865545676509,0.5511872442840782,0.02812476801158584,-0.5511589431554317,0.7652007975348382,-0.031231313939146913,-0.42229388543387486,0.6016764481870625,-0.7259682887096658,-0.5861210184653137,0.20485449065755898,0.8600051991291882,0.2805670003413325,-0.8566467240303675,0.49379361555993456,-0.5002930816643418,0.22019286496884496,0.12685307109427343,0.9686179166177614,-0.6582948736538013,-0.004323147894690771,-0.3791287696827318,-0.017172501254997537,-0.3005549653271155,-0.06430896084194582,-0.6496224864058145,0.24089352427228441,0.6111486251997335,0.11405515313322963,0.5220332576402069,0.9783360343553957,-0.3558127735732487,-0.915561802808058,0.9070759670390702,-0.9951349511687304,0.11391820254129105,-0.8904246627512546,-0.8124758499210851,0.019667930992248644,-0.7260427768418662,-0.3029202953174368,-0.5645111626997985,0.11693832027899037,0.2191913273174218
-0.8401372095192281,0.9968547159909726,0.2752188591703861,-0.8311252747497238,-0.021440911678841983,-0.04435712221254365,-0.8542308563591456,0.061224469926922626,1.1009565655547808,0.6534295189988955,0.1050448676304264,-0.16197633232967584,-0.8029128974951598,-0.4566438665914268,0.568589619517537,0.17681818052400872,0.5010916558477705,0.457403564740986,0.18499105526787243,-0.8656254648329341,0.8405038565614701,-0.4761826865297235,0.509099067718788,-0.3314935249758049,0.9225499667921316,0.4157488781999978,0.41777332754461877,0.9554129088206407,-0.2483709243846295,-1.0694246068682225,0.6041882807929319,0.4833965701726093,0.2397318196200622,-0.350261352915598,-0.45393780616057733,-0.4569523602880183,0.5212688899728118,0.7117513922176318,0.6332480480128937,-0.7754201306172014,0.8965974609617987,0.90558984637641,-0.7119442473816845,-0.31555923642825956,0.0362502428887272,0.452577988192919,-0.9595185494333919,0.9016513977454963,-0.610832222605192,0.9487651156874958,0.33227568547311254,0.31928994687452106,0.37510833773137897,1.0349734020413732,0.32645815130838585,0.7526612986186495,0.5785973710476073,-0.215564139152432,0.751163718875234,-0.21655353441038797,0.27095747549256977,-0.03286930589011794,-0.388182826432557,-0.4068403521977221
0.8270549492834148,-0.16919433819330343,0.5778766975504842,-0.1640198637805341,0.05042834549736178,-0.9412709207215418,0.39798650444539924,0.8574620498850493,-0.9178894921212047,0.5148182586186392,-0.32686575672840285,-0.5797663881831828,0.387458541482284,-0.2052755673719191,-0.1075291516893488,-1.0212177620531406,-0.6984927867607238,-0.3760679135819776,0.06054302470667965,-0.2832835283355065,-0.6439781057315518,0.2889717528833267,-0.8895767264137144,0.6689837242558668,-0.11646825120651924,0.4953160077741303,-0.6706286065083055,0.8590322866720727,-0.25188387835038367,0.9648306170745583,0.7269404397662427,-0.321064765482453,0.6394294344214052,0.8546497673790657,0.06565867987675959,-0.7276007701169929,0.9780753689279013,-0.7488730677276151,-0.6059369118966667,0.9102545320088813,0.6971114005416738,-0.4099865600227541,0.6540543174264242,-0.6230523837731159,-0.5081955637009156,0.9425703671052917,0.17175279594064127,-0.1949175389695677,-0.14003175150050515,-0.9072287517502071,0.7765049090663554,-0.9743300497902495,-0.7732584516921464,0.24387893743402747,0.6146285990220264,0.9927221881622682,0.949549999096279,-0.84902801205206,-0.401247061842841,0.31572164830735994,-0.16842175287943104,0.81887038509935,0.030706102256461722,0.8733218965927494
-0.5177727258645395,0.8010919839318298,-0.17763151829237306,0.26048688959320887,0.19694100131891815,-0.5296772502588504,0.6744203852919275,0.6838136802544407,0.6745245585848111,-0.22897259612062465,-0.6707675391887191,-0.3488620454992058,0.30370489916069293,0.07781689323405491,0.6658402339607873,-0.15308771303318744,-0.18128122790949314,0.9415853706080748,0.044797831386130874,-0.722739575986259,0.7503868030106087,-0.34585361339138493,0.8836914508873854,-0.8916945692880576,-1.0847869882307295,0.8703447051503256,0.473209206935453,-0.26021582431682044,0.3736250811616911,-1.0250405153561575,-0.5714697778478955,0.49904477614432685,0.6674958727410655,-0.015751247422544166,-0.2060164170165843,0.9756053494248118,-0.3901137054863982,-0.3592914713244321,-1.126401739803591,-0.08025088871183617,-0.4016084586946278,0.7489161896681723,0.6750599979350786,-0.8083813062040311,0.19639903827829552,0.04803098568668949,-0.7815881500524576,0.6351281709620993,0.030736728491755853,-0.7809779115312431,-1.0798870453174156,0.6120388386843832,-0.12250738365393878,-0.8640158787477492,0.3620870915893778,-0.9462576889149734,-0.7340079106097022,-0.19334984928124194,-0.05509823490874279,-0.5409916839297669,0.6231954163899077,0.5792167650047785,0.5493744300639748,-0.06707841800760964
0.3616872349876584,-0.45114618837644055,0.2676654705807876,-0.007566696279184517,0.7647267217905082,0.03788046618729113,0.8912257414108834,-0.6823875621920308,-0.31951012624067016,0.49903703169553104,0.016873830739094507,-0.1732417878197343,-0.20177269711931622,-0.4647441118089011,-0.6001286863705757,-0.26401874998235103,0.27857248591956213,0.2793534650314963,-0.06439684524949944,0.2549862232276544,-1.1820964595344796,0.7599649722009807,0.1881948600876395,0.5891798688152025,0.6110546119551756,-0.18508979819413285,-0.6712699609719909,0.15662400383051675,-1.06094228735406,0.38683087087165546,-0.6817410301277305,-0.5540868414087881,0.3410636973937837,0.886494887498325,0.7547549956198223,0.5063225013110323,-0.5680861544790404,0.5424446662407832,-0.27074237449286304,-0.19986299233647714,-0.19463867710645621,0.4609622105914916,-0.8251655069145541,0.3126573741953454,-0.8133258800305406,-0.05563192392869953,-0.40200160999562623,0.5953519284121573,0.206987527945001,-0.38261250612208125,0.19014462242053334,0.6114032899321415,-0.7815079153539075,0.006377178365663753,-1.1201173760926404,0.749222416602773,0.8855897605170707,0.024107714565519977,0.9284416017364036,-1.0128148975993605,0.015622025059876199,0.9023432032937236,0.768854337157877,0.8828858358733019
-0.7925899480271179,-0.82005042204006,0.04537041913635463,-0.7691235770995019,-0.5319834204357254,-0.6306550785811943,-0.3472798155950267,0.7238877961887855,-0.6962227656440713,0.6531410889322088,0.03559461342268926,-0.7110850541015677,-0.8338633218486795,-1.056262443073091,-0.0002995742658219634,0.24971680830612722,0.0014601572366818329,0.7010428663610984,-0.7311263911313354,0.4334531426578862,0.5557504851650177,-0.8102638635581623,0.9987805203662942,-0.6165864709233693,0.9878840266815307,0.2027195417407674,-0.3030604482525808,0.3751449010318785,-0.561292910980952,-0.46130140375584433,-0.523183214563789,0.9898456684693936,-0.5168814135746322,0.17259030444749449,0.27237793174738456,0.1522525559436346,-1.0500063648779852,0.7751915418108514,0.2904777063008105,-0.37921124561818814,-0.39785236327513834,0.5451810052757712,0.18753820221213877,0.4402037519768263,0.05855144029480646,-0.6259293005692164,-0.8581808443709995,0.07950151221093643,0.5780678872851852,-0.7236144856352553,-0.17975014533208153,-1.0749123494553792,-0.12217964914317742,-0.7001426848686293,0.21355666150975086,0.1331436409498408,-0.8886913620751753,0.823094662936332,-0.2400774901891006,-0.4484409196640581,-0.36841937177171696,-0.49608432835890054,-0.06161357649436405,0.9173263546971187
0.6492427326556137,0.7398194639294805,0.06532039385734129,-0.7635911076635665,0.5482396520641887,0.13415305089931098,0.08863732669140843,0.8261560447673787,0.8139876519859589,0.47423196582151134,-0.8351277384534557,0.565672636192882,0.18221097468196396,0.4879218319228312,0.2761243847922046,0.8692795332979579,-0.1659176134425498,0.47039774213374186,0.2327669677570958,-0.8869835949103045,-0.8919086387393597,-0.6427670976966464,0.4686454378101936,0.4707906613367034,-0.656074880642423,-0.09809636946722095,0.45867171062515505,0.19475967662544794,0.9517994781919936,-0.8498763424090563,-0.8121168860381507,0.6918264871821576,0.7089905875978352,0.9993327783664135,0.8884260038945742,0.7572562540791834,-1.1054571957010682,-1.0383896055229205,-0.8020359387916891,-0.332763682605235,-0.28725810422519643,0.3034609485552404,0.05167282415903973,0.4108745175909571,-0.31074350790400246,-0.41871832649552526,0.24101196363785263,0.031055394424639702,0.030351704287094057,-0.8809111931319992,-0.3424951512244113,0.23713833547524613,-0.7626559340835701,-0.09188987091003921,1.0829811577844226,-0.2072445176733232,0.8744130506606427,-0.8874418984002679,0.32705929257558236,0.18935396961590145,0.9910497263351833,-0.9107178633283297,-0.4326121507272521,0.649134131943798
-0.6654966182969511,-0.0010311683601210053,-0.9929532646644774,-0.873708189626095,0.994951031466759,-0.9547409492533692,0.7065464661459829,0.16098434791103142,0.2883574260771663,-0.4223379161430728,-0.9997917134691459,0.6047643359314964,0.4043929362276567,0.6220391216366257,-0.3641871790363647,-0.29378855765076706,0.571036425176022,0.23573383448919633,0.30130394343230427,-0.6967884306318101,-0.6490844304036574,0.8206683604373796,0.8829897479321509,-0.3867836472649092,-0.8424903241734296,0.17491323401830935,-0.12762733576230223,0.0004661682065565719,0.6196024306549458,-0.4634595447482864,0.21929635549332963,0.23832825232913948,0.8279152930462977,0.6875483713952665,-0.9049917496688578,-1.1436973567432316,0.7725526952340357,0.6077993980280888,-0.5552181086719387,0.8699226620406205,-0.10949248021501469,0.5248557274126958,-0.4326174347864301,-0.2311450488308875,0.5178719705680974,0.0876745396263724,0.6384210073401888,-1.0453921599294356,-0.13550223550287488,-0.7589698921041633,-0.9157369781992326,-0.95846050843548,0.291602789693648,0.06437480546313185,-0.15986534198281827,0.788904268458609,-0.27876698925397664,0.42264959131432145,0.8721732709854672,-0.6273495877505417,-0.5494553934475918,-0.09966134680906379,-0.38545800409467273,-0.48109837110077314
-1.1261188103343343,-1.0708060987235508,-0.6105245964686752,0.1728803518122485,-0.10476602876323166,0.7104893676193055,0.18029016016738528,0.03345610988687475,-0.40013265887336047,0.23930748767736737,0.7632251315520945,-1.1940278803960913,-0.48410496485817894,-0.771500426287846,0.5165304088179956,-0.050930562227165244,0.6964224483526661,-0.925951712852113,0.7573995241062218,0.3667366320430578,0.9612266953856441,-0.8416557481951492,-0.720158863379902,0.6162416477296649,-1.2226563464724292,-1.3971711751487657,-0.7800445601745258,0.6634675032765726,0.11150402893267045,-1.0691074259004438,0.280586077335049,0.037400917664230676,0.22871866189728374,-0.5037760136523107,-0.6091524012631572,-0.38332978262532313,0.5045511129544916,-1.0399304158030886,0.04121004833481552,0.30264526581738993,0.9690411413906362,0.8506120165722997,-0.03917686114087729,-0.36300844136247695,-0.261082280010658,0.09297455714580309,0.6487774378406824,-0.5737446445326957,-0.8794783330469006,0.5197982272627361,-0.9315669315461089,-0.21295911386602168,-0.5217305683008644,-0.36001493445483956,0.7444045585638734,0.43403683508050267,-0.0040746551309542925,0.07795601189956518,0.9604768865651152,-0.433022275006596,1.0870200153527296,-0.7916807089703913,-0.45529797425643154,-0.7617365126195776
-0.7739803155664051,-0.21749601049231468,0.7967019267685361,-0.5476896580469374,0.595205184343159,-0.13199440762329462,-0.04862360450874581,0.9570213821651846,0.9869712692947302,0.9172646833637943,-0.8116364544886729,0.13018981724280412,0.10135446000611548,0.3955470668023675,0.2888520884602359,-0.621139737518154,0.8488554755486233,0.9253368351863781,-0.2610052876305327,0.4740206385801152,-0.6727568684547719,-1.0457230065636296,0.6181428115602475,-0.7574077476446909,-0.35780758557948017,-0.34491662542296403,0.49429004682312094,0.7540023693304547,-0.7903059519040603,0.6033353400359579,0.2866107515625678,-0.23813226948558036,-0.49185060694711336,-0.9460693305148288,-0.9808228116807957,0.6493325956371454,0.7028544747361205,-0.004393339892798224,-0.28761194735700324,-0.1797646750393196,-0.22859892806769996,-1.086388554986312,0.9568402906389856,0.7293462216171784,-0.8610157532731828,-0.6017911674711255,-0.857945310430011,0.6065326962636984,-0.24557805861994883,-1.0688201815388871,0.4321383914644537,0.8329474441476059,0.8295083568224201,-0.3240896122861331,0.9212957006900789,-1.051076457771307,-0.6445566415359848,-0.3288526290288672,0.486574052878953,-0.9179363739940605,0.008133457682451902,-0.005559806889073393,-0.252623204368059,0.08251756823408352
-0.4386872746446112,0.8736957562809161,0.9784574139544493,-0.17356658472117378,0.22978950189524486,0.9827123357160706,0.07034391915924793,-0.0007315905792978143,-0.06537891742187583,-0.31343991747540206,-0.964658798541563,0.8864589290481574,-0.17981408535645105,0.2683783019243096,-0.5092076159785114,0.9228319307265617,0.8576905142568492,-0.43359862265193944,-0.0009187899458993319,0.13208336298015477,-0.5981304094114286,0.42558890623298906,-0.48722371112404506,-0.2437557299224061,0.6413738040020919,0.10829302660047103,0.9706268560578492,-0.036060527777872005,0.9530080228509776,-0.3878729778141516,0.5912457947296863,0.05001195390938677,-0.24672970319023288,-0.9660478795507499,-0.13958755229513548,0.1563157267192165,0.23453459361869566,0.10697664576644167,0.30744215717900863,0.7326238380108389,-0.16893868274440146,-0.275802980725924,-0.402104628329742,0.7629902623644921,-0.8688197851487424,0.8783708278980208,-0.18457031876026167,-0.8763834820992007,-0.26794939392420986,0.8741467301581786,0.7596130556028938,0.9098527138356087,-0.31634785997693327,-0.56026215821957,0.5442630501217408,0.542382300406728,0.2520279440673153,-0.7863219876568752,-0.19471916286990587,0.2617905850348232,0.4234008618438011,-0.04041951080772196,-1.1738077593380205,0.5564943603684191
0.14400242530367718,0.6807253805758801,0.26833529176141113,-0.4659547478457352,0.1920127198141015,0.8706581886609186,0.5060838298660605,-0.9233867312776134,0.18332026512647984,0.26717698863915973,0.7064214852001577,-0.7219326707175985,0.10388624415727492,0.46436700260512653,-0.47877907392386276,-0.020767081792062925,0.4125927065581393,-0.1503029522949224,-0.2673773247849313,0.17028835852278815,0.8004498489680223,0.4349794314483368,-0.2137449607128359,0.9359958238585375,-0.45428751366571535,0.7226331061892477,0.21807746065192918,0.23624699742729433,-0.5866314741884116,0.7576372222957549,-0.6879537516285318,-0.5237247843016816,-0.6715113653559562,-0.9767765639187213,0.7121965083574621,-0.6868857930657934,0.03226635119858918,0.9270555651833561,0.5252507858608377,0.2379098382127295,0.14467893618562627,0.5437385699130538,0.4919731325264017,-0.8908823639058415,-0.5683240800344971,0.024662505557584882,0.8445416938501853,-0.9459542551690016,0.752570674876299,0.8076320367304791,-0.7079811777215377,-0.5405710730898718,-0.24546644106447918,0.10489400299527747,0.18025672740848794,-0.008062788115462917,-0.006722665625563217,0.3612334158373191,0.6139955072739838,0.4950916228311298,0.7074916084953491,0.16050990700296378,0.2925637912044171,0.872836126405394
-0.9285468530514446,-0.5847329757880033,-0.6001617434008975,-0.5791582441766107,0.6899697368744288,0.054601728086126074,0.5223075935695459,-0.09401017375249718,0.3262430353294093,-0.1595595525063476,-0.22156598996273066,0.2537688214578346,-0.29476893145587435,-0.9190132413955752,0.5791029529791613,-0.28111336259532177,0.8265152864482199,0.17236287274016504,-0.14703526722664279,0.3365799238135018,-0.600323969072329,0.9134472677696737,0.9248680506320314,0.8687383666907953,-0.6374076931177025,0.149119497038562,-0.30047233239625265,-0.020783562499244984,-0.9801147604407978,-0.7860721730358701,0.5657300622573306,0.14128171100678855,0.8306680330678186,-0.1964693509937814,0.5266884492665194,-1.2936402447825714,-0.4264553056972216,-0.27268451157718354,-0.0023356764005121903,-1.0153214019134271,0.1391174891935275,-0.634002425444457,-0.9164479900550797,0.6329010565408855,-0.15864027422680102,0.9956836462678921,-0.38191053773518135,-0.7953829328417961,-0.5452304949940481,-1.0028698646678638,0.3787663305751915,0.8906874744573013,-1.2357732822990517,-0.3628055373433617,-0.4564996834439264,0.21465446798620227,-0.18743255324894637,0.5196281586881023,-1.188774922323032,0.6917174265418948,-0.18513475509860167,0.7830992624796458,0.7005679225179672,0.5125014413904672
0.7052297375684321,0.283304293095061,-0.10716394763373592,-0.8983837060392521,1.0024774257115172,-0.4775357020708611,-0.2938999466148545,-0.9062260490617982,0.9735882036461236,-0.6675068806972287,0.15585538162317136,0.983388878786634,-0.44723673301453165,-0.8671391307287721,0.3691762965145062,0.8385029088316528,0.6848251370350439,-0.5954157862056997,0.6431916046418333,0.7349882204275466,-0.5371314875225008,-1.011579547921608,1.0926637866210556,0.9223303880811977,0.05122354671333001,-0.05865481564301033,-0.6488787810299236,-0.30294097857737357,-0.22055146102676787,-0.570761297138497,0.650339627872465,0.05353971581115245,-0.8475486702168247,-0.744571346449988,0.1935066819761909,0.6433111227048247,0.08925231858656632,-0.8292731088935436,0.9218295611751396,-0.8812000252129725,-0.03684473562574805,-0.22007757023198665,-0.49458858706554354,0.04617652407515192,-1.0787440063585967,-0.2648577901085642,-0.3146183156723275,0.3738878482723054,-0.26352175111588094,-0.6666678235311037,-0.7179682300852596,0.6397782296783845,-0.24543913194033734,0.18846917059772106,-0.5495053848229619,0.45685581622728905,-0.3080825848094144,-0.6148039235735234,-0.6683730127778518,0.4269160775559619,0.10607346525801034,0.1349472782190293,-0.15236033630849594,0.619355166417669
-0.7127996148726379,0.6342569962877248,-0.5475453328112603,-0.1784270918313292,0.748152551596541,-0.5671276982790296,0.44774639440218555,0.13699386483260656,0.028541489072859322,0.976168229427835,0.7779056065258619,0.041702220079645545,-1.3272651376720879,0.7998348253909588,0.8524868771313354,0.49896407313803115,0.1057954575334984,-0.06269268039177969,0.958864446232983,-1.2599758187021266,0.6637647739690112,-0.36055939972092066,0.7359647896633381,-0.2485577660880321,-0.9308506833917255,-0.666050871419361,-0.9356979112171356,-0.6747894763408765,0.34691157244536364,0.23335755116547477,0.35244210107900364,-0.662581836792578,-0.7582638464541868,-1.0525286242548555,0.9483414497117257,-0.35259297466505535,-0.3320082992839145,-0.7722812117731145,-0.5568382581479034,-0.394702359364019,0.735767104131408,0.77945203899658,1.0062461262278988,0.46596680754404673,-0.12690720939162886,0.47529837632652094,0.37850980073023577,0.9779408511181674,-0.7728169221002094,-0.42214387865159664,-1.1134914618056697,-1.0315384131050787,0.20431556319331,-0.9106244553832352,-1.109669989896051,-0.28385339049780456,0.7955676717245338,-1.0001613454131533,-1.0111414926188695,0.6438163533735834,-0.6223739127561476,-0.10960157847629698,-0.5070495985350885,0.9502749127102174
-0.875865672960948,0.09992441164017737,-0.6723150891880947,-0.014688197758961274,-0.8224179343296636,-0.8092769892536813,-0.9396864188644082,0.07194721042451956,0.07563264702988959,0.43366493173000936,-0.5222659964412998,-0.9888065382439928,0.803595220692579,0.23729382771730434,0.08883923670394472,0.9487274116825678,-0.4812253239377072,-0.04558022458264081,-0.3442691054357585,0.9062996426595082,-0.9906451838185294,-0.25167103677887387,0.17228214859854074,0.1938424920743056,-1.1115269857491705,0.3097909752248069,-0.5239912575234877,-0.7165938421156657,-0.3864422178088793,0.6854790435534207,-0.1437556428158474,0.17736031230860136,-0.35789961911480034,-0.0032063554313147297,-0.5149857293330227,-0.7859404020583892,-0.11762943671116805,0.7832172068183835,0.6041481765662022,0.01866356142099562,0.7232305226236262,0.5364105394124679,0.9003436393019684,-0.8721628250569784,-0.5285803181664657,0.12007606126725,0.3922393626929346,0.7047113835085325,-0.2273040408572544,-0.8461943505535242,-0.17215351586587452,-0.3731612071949616,0.8381633597537665,0.839419954870962,-0.45668508333966873,-0.16591208421673723,-0.6696094306302863,0.7446797144165381,-0.006303768161676903,0.5804566269045646,0.8927904483934446,-0.007314598274389073,-0.898889123788936,0.49746458197481264
-0.02915065264923779,0.5328262701208335,-0.636392082848473,-0.023560285591280317,0.18404732716935135,0.8474436441915927,0.9441667359335366,0.15156427701698055,0.06465768469411623,0.011410351825387629,0.41813715496226406,0.8847121944580519,0.5506022816234081,-0.9587935624181607,-0.08304519247124109,0.8612957298198534,1.0695888723997453,-0.6849594290700809,0.06456713641926719,-0.8760327008247303,-0.7532258089478084,-0.9181439371640906,0.017486940900007023,0.8731131603429537,0.8853660898330519,0.5532610110944797,0.1542129386905932,-0.15720847158588558,0.41252789147519925,-0.3968098849866103,0.7040468544810407,0.6685393632977834,0.45911296134294904,0.08582229287061491,-0.537989477491713,0.3726994233332328,-0.26980553326707635,0.7356932237148531,0.9905125039220108,-0.04395650867016033,0.6285192674646796,0.934522384260572,0.37197940547165487,0.3035421249461202,0.8476368163102536,-0.30601559612768514,0.8883969229068976,-0.38984878593244815,0.3212620755204887,0.009893660184237594,-0.9497278894153869,-1.0030557005596237,-0.27657332651984134,0.28130048943581865,-0.2884152467118184,0.9821173510125555,0.790100925728107,-0.24219622197776625,0.90245249288416,-0.8335367475084274,0.3093228111740557,-0.11110196124038779,-0.8526331178397304,0.04185317412890892
-1.329122629980028,-0.40504747212171904,-0.20831017137457275,0.14596867400241412,-0.05096714911148363,0.0974587604930075,0.9972924117857551,-1.0714633813008734,0.5621982468551538,-0.6150040971394567,-0.9699570718406837,-0.48374456541689653,0.18809705488532022,-0.3268646322525705,0.2189494950863187,-0.9845596741995579,0.0888569682341819,0.34753403343630507,0.06215545424483704,0.860443980881121,0.3961032189547475,-0.5997505884634267,-0.4879017703913745,-0.848860316919186,-0.8693260173967413,-0.18964658388302696,-0.44847646403004576,-0.08870306686684498,0.39633766060273234,0.9885036629843219,-0.002928289017652834,0.6820650091878259,-0.8205912344107694,-0.14371288032201876,-0.0035636111059014304,-0.40336962861466935,0.09048611525566587,-0.05415618825683893,0.5815560548909634,0.43323749584301735,-0.2898100234243725,0.5659352009383567,0.5899788453615039,0.1424624443862551,-0.10403664372002276,-0.6923709197517888,-0.9097108402826526,0.5310594126773973,0.5261579132608911,-0.44382001581223574,0.8939457024435421,0.7104144026834616,0.2112000672652428,-0.5493338963272237,-0.4313838215998467,0.6741142771212884,-0.22544021403199144,0.17862460473521932,-0.3200555305848057,0.5736786865901329,0.44306709460085336,-0.19625377327930402,-0.274249405392523,-0.8673901812016723
-0.2740566359719211,-0.8481207844585382,0.6586758343195166,0.9350259076650348,0.8620551787931511,0.9417052595607629,0.5957688782202105,0.4839277494086687,-0.128360454358697,0.7549013804931702,-0.5365742962806084,-0.11779053144422337,-0.3541608928751972,-0.8748905573047365,-0.12142537981992264,0.012771326723880292,-0.6125301287513197,-1.1140259214575163,0.765854981066824,-1.0857598822415944,0.15698358533937626,-0.7706047924424547,-0.0035420313161543685,-0.41714827221615824,-0.5058977219881967,-0.46599902431998963,-1.2681140464155507,-0.34718785230978116,-0.49472753203927317,0.42243322073813,-0.00991844442941402,-0.2733630768371543,-0.3978521777524752,0.010661144525316715,-0.35883377050060045,0.6399226217927444,-0.3931017898425964,0.27561118554176817,-0.2607950392037205,-0.5922261184818903,0.30286297500145803,-0.8096239788215744,-0.3255791954676319,0.6555078504962539,-1.0678131994543552,-0.10797528899789587,-0.4088092528388473,0.09873131966317254,0.37863085888697184,-0.33156133435414425,0.21314092447068764,0.5628849574360429,-0.1016481003200797,-1.0102808818595657,0.07726376320428009,0.6505197227652452,0.8496828085804352,-0.2968687582050413,0.5925880129345369,-0.33631983962371514,0.9861827151537809,0.7562812212430998,-0.26862417282143713,0.7833590783879864
0.17153517789454173,0.8211707886675649,-0.6358442101174684,-0.19359074847982902,-0.990034391655155,0.10389179976945316,0.37928000044003174,0.39589210004910014,0.28159815825302476,0.8869718901237141,0.6057336003058851,0.5358159172370499,-0.6667288800839184,0.1310915557298912,0.6610440646179881,0.32201702877094973,-0.39250351037159387,-0.37183329360736883,-0.05011439009837548,0.9075984190424551,-0.49451859133728554,-0.31606179621518515,0.9521658387344594,-0.4566616812293869,0.7932754982507274,0.8169983105571796,0.9099447473372381,-0.41513306293683805,-0.3572695661040079,0.8213763578886344,0.27619090255256296,0.9412047657884203,-0.02109874613292326,0.06919543205737587,0.5007632735818659,-0.3228580421587716,0.5605692076624998,-0.9045985745864432,-0.22930519870802654,0.8897431224038961,-0.4883209333170051,-0.24915881902241602,0.32135790773305173,-0.976037309968769,-0.8240480265583208,0.8941218349559338,0.21921791553290937,-0.10226826211638372,-1.0913734917958582,-0.2842242557695094,-0.650965672748665,0.4264814841101265,0.9529216641116267,0.1527215222588255,0.6408842281258316,0.7435395304973641,-0.26292430316412024,-0.28261410234144807,0.9398288935354964,0.2744248344879632,-0.5410612264597725,0.01790325412873716,-0.72570705470626,-0.8717895203814473
-0.8550694653595127,-0.1343010626681306,-0.4016592284734185,0.5327212913098762,0.1505691336018457,0.10919686349444437,-0.9704293841687007,-0.11486079758364742,0.6846304510077,-0.8669938171271513,0.9722051461017824,0.08022513668786385,0.12310650321686237,-0.7551498977494729,-0.6777464074193393,-1.0292478038565736,0.21504639044958404,0.173654029175383,-0.4311153630444525,0.3398791147047797,-0.04249837073620627,0.33864559801472316,0.2410923530634774,0.119370107669922,-0.6279772293454955,0.5261036363396506,-0.8920162996037357,-0.01981903150311179,-0.16771690301962347,-0.29554842870409204,0.3328748359916871,1.1062283444895378,-0.8138586240223518,-0.32978270304641083,-1.0578722860042429,-0.46756077750018876,0.22672119301263327,-0.15784340370028457,0.7994292839732214,0.43582026965442827,0.6242064041936516,0.35761698922419183,-1.0471049840890987,-0.22611142110086818,0.21962395250388164,-0.44502175118638737,0.9114778159064285,0.17246880118388014,-0.45973723148837997,-0.015617226733239715,0.5407226155218723,0.28579691852114547,-0.3287639373841087,0.6926853206535147,0.6191070655112201,0.4873458588733943,0.16439574613714697,-0.6344862218999596,0.30779008652311407,-0.4455038876695437,-0.3861791426309655,-0.7582970204262773,-0.15352469021529208,0.8282386395474957
0.6930660654301816,0.9076045352551635,-0.7771478188124499,-0.6380679556508974,0.13064803184571702,0.19779822785648304,0.28276753340271055,-0.06185408543960731,-0.7124510288269962,0.5533162986885518,-0.8711300911580006,-0.1411506124822241,0.6448351913911776,-1.2213697212500352,-0.4370877704861698,-0.729433507379417,0.7480656314227646,-0.8309726942267043,0.15627219838132742,-0.15902767458230835,-0.19852022557785892,-1.1532933625053974,-0.5775382782156094,-0.4139127640526634,-0.0931388658326018,-0.5051666324675907,-0.2027208572610107,0.47214111952252347,0.12199712941964877,1.1154400986228254,-0.19703369929893677,-0.17513929565340286,-0.8387807979542876,0.24701203016357706,-0.06962470991520793,-0.6749317138731408,0.012000716951962746,-0.9055530321902332,0.06500326612457781,0.13409950351009145,-0.3146277123594683,-0.8204114812401614,0.4756674764855815,0.3041671420083659,0.5948323297411398,-0.2094358599908982,-0.5581000802635081,-0.47344949182898177,-0.34555766923035447,0.10514446614988815,-0.3669697830807947,0.10172538268858135,0.2254606228299765,0.1940700363238351,-0.7675169202280342,-0.5092085739702422,0.5747057109479132,0.06208133588885459,-0.20560513888223317,0.48885451120607915,0.2560715202773982,0.5456228249598194,-0.7783796603414329,-0.22540950609250238
0.8129840761694429,-0.2537927809267514,-1.0054944241054742,-0.386358503835414,-0.9265523219652382,-0.5937008098064964,0.6841697579905784,0.14887778686508654,0.9695895897611696,-1.0638761904527294,0.4667658284571688,0.8895799165276321,-0.7161312946869133,0.14165979203718393,0.23439726986051054,0.7268761621980683,-0.4717491267718075,-0.8097574827377596,-0.36817130899887973,-0.071563405076503,-0.4159264475018042,0.3982620383194662,0.048909061808491354,-0.7897946470961463,1.1427903255327942,0.5466610798284051,-0.05267822351857939,-0.5967240144588329,0.1533930628263691,0.8945496572132549,-0.4965867204384939,-0.1140313406513365,-1.091415778804236,-0.5426521149618834,-0.7155248768799369,0.4430093360033653,0.37535148355993214,-0.12445457109833122,0.08889218747976076,-0.03693985450989051,-0.8047208417356718,-0.6105267967474363,0.08961810256506676,-0.2244372015129569,-0.39788639134349707,-0.5976929637609929,-0.5380289465433562,0.11196477195740069,-0.3791156294611202,-1.1462883691015744,0.5010553038760123,0.20156768340044356,-0.36979462493825405,-0.08735954628040578,-0.9172563999036707,-0.8322045604579391,0.44705602461775734,0.9466466916511006,0.7934380267847986,0.26162421721152634,-0.6672862666621682,-0.7295387112270303,0.29958318999745276,0.1273478686417016
1.1874573589070245,-0.45467739487186193,-0.40054553709878743,0.9987199429030347,-0.4798154360788903,-0.295029057563011,0.1702586477748112,0.9494497541865728,-0.3478121061760822,0.9226307789355302,0.6287246216841997,-0.42928206726796986,0.19323483956711335,0.41670865757098935,-1.0431434082626767,-0.7041827888686105,-0.9726056541000779,0.2705289629412538,-0.3664975430876839,-0.061144589326115564,0.7991652786469934,-0.6101015805514567,0.5897256105434134,0.9586700024767979,-0.7284307705823087,0.5310429282804126,0.0977293910683466,0.6497928477782449,-0.9907662139047229,0.9137937827020104,0.6638870728887473,0.44204702774388943,-0.5411700381067717,0.7139533195382275,0.241309586517835,-0.2273261442804343,-0.6078122103426992,-0.4861472527885545,-0.29612601116630366,-0.8735668597911209,-0.34046667677077486,-0.8674459131888976,-0.07946588600014037,0.4524615668344348,0.3601530980916675,0.22269785883202206,-0.29844170319275365,-1.2669329980300552,-0.33808695048827103,0.7428646224648192,0.9295069851694051,-0.45322931787245185,-0.06440319830774638,0.7652283233385769,-0.3620913049688612,-0.3831177410502196,-0.690933952441697,0.2862270247163881,-0.49593175473657514,0.40404444421996083,0.8184188772067654,1.0162007462923182,-0.06052801025822107,-0.5568894990891824
-0.4267476473592527,-0.8389834923230884,-0.26508368439253044,-1.0029275853787851,-0.16839684546020584,-1.3694907956534288,0.5468791345193982,0.5394002444276741,0.06232098965110665,-0.833868190960684,-0.10285076871939126,-0.6665351537190819,-0.4584594673394185,-1.0565782068915919,0.6360619162602813,-0.343648958504015,0.7029964796137339,0.8924608403143544,0.782633200439779,-0.23223430036558912,0.9438341631569565,0.6175269093380606,-0.005440422740272508,-1.5190985774761703,0.08437810564068507,-0.28748393481549767,0.8947470264000024,-0.3114909891518474,0.7604019294991755,0.47940391262060933,-0.9422199821664742,-0.5641595522700694,0.9247779748081821,-0.305265014184708,0.47804425479419543,0.8070661169999339,0.2158548230415366,0.6673045179395557,0.685549623463363,-0.23798567778615098,0.20658738374162453,-0.6500909497242918,0.09366371757853276,-0.9540864627075049,0.9561493950242437,-0.5430806527592521,0.27544394505834124,-0.6508471466477568,-1.1780472462789744,-0.804899721312374,-1.0023260863583914,0.919215463560091,-0.5234763452755109,-0.6997478201168549,-1.027934873180508,-0.7087903244727086,-0.11508029196315851,-0.6949075711289234,0.3766049727948895,0.8099929684820093,-0.217837577620449,-0.6190373577969416,0.633363541876818,-0.02190335853190643
