-1.2250231240965204,0.4999391141774984,-0.24196969164145785,0.7217241462357081,-0.5908850307878026,0.03755701216294282,-0.06471467124410642,-0.41717347670254434,0.2483921968236135,0.6413463883705215,0.06254960464371175,0.6060714423139745,0.32289610380875783,0.755423839784163,0.5224332625701239,-0.13692245791785632,0.39257308517850825,0.657672140735315,0.4325242358237379,-0.11577668228303183,1.1130406861141051,-0.3095803820783708,1.0926672930109498,-0.6391371396700252,-0.020097681783318562,0.5023970411063903,-0.6064243316125725,0.505095528219926,0.5940779823436637,-1.1018712626332883,0.027393242958728716,0.36467239614956803,-0.9400614691331317,-0.7036652312622569,0.7914190863577094,-0.695568893807823,0.33400848532598043,0.45660252897545117,0.01871191245982183,-0.018045132466707386,0.1518669038219752,0.8749217051440025,-0.8554234618990485,0.11206641865078397,0.6335011298554187,0.184557805076781,0.9780490083096183,0.4646050946340835,0.582840898937555,0.18846025231788352,0.9435539785267674,0.9506878009923853,-0.8674693350473929,0.957060298214693,0.9828035824014005,-0.8184411908845695,0.8902991686738332,0.5560273520454033,0.1683890397592705,0.02039511542067577,0.00621684283702723,-0.5007930072414004,-0.896010551762587,0.03954213202644882
-0.20698698614913147,-0.33386522050244344,-0.7668877170881832,0.06803534721956386,0.7194070171993654,0.01158322775713124,0.3832704084526343,0.06381876886029521,-0.532177782097005,0.5263477279130623,-0.021654452716949938,0.5378680718199422,0.8106777001824068,0.7150098465706882,-0.8737999623361539,-0.2832186253565413,-1.0474819639673159,0.8831985057638988,-0.46609755043447354,-1.0138008382969952,-0.15321823782200863,0.8678526754254635,0.9451240128765608,0.6342708825183972,0.19783461418605416,-0.41995924032930965,0.3033212917496454,0.21841778889250746,0.5235762418587341,-0.7653112505361129,0.5671042840985163,-0.15653238663158248,0.14616092913252157,-0.08813197376266989,0.19212569366283655,-0.7768850245959019,-0.7249582217229448,-0.3386732769386367,-0.5608064226572362,-0.6763764274433742,-0.8808315456728245,-0.898802797496078,0.7755187793218484,-1.0111642787380888,0.8632895280563467,-0.4270464857776774,0.3020040343874157,0.062302202180586304,0.21430009703277975,-0.3330327101734731,0.20721408086268156,0.78898225039587,-0.3490528558087897,1.1065446954017024,-0.14779725287003329,-0.06363160864113972,-0.3351412834493802,-0.1949894841728285,0.1585372570942769,-0.3334695450171267,-0.9712491746112021,0.5238460543274259,0.7082155267359286,-0.8790992444430008
0.22493475482642,0.5417758019950697,-0.8692665999114711,-0.6273494316861831,-0.15835060775620347,1.4772835135194717,-0.6946275998631738,0.7876053547181665,-0.5026431486230768,-0.6316466956977904,0.46198678820307953,-0.7801685809934881,0.8313351205658187,0.1629254122230015,-0.09605594333067789,0.0016387328322099279,-0.2970200109355957,-0.561891451043793,-0.8700261331844047,0.08252505044936007,-0.13562965256840107,-0.556411411861049,0.9148850842193693,-0.4873890734748945,-0.5364561950485027,-0.8752157141978737,-0.4050837559639081,-0.27066113326355107,-0.7925902742188448,-0.7639979703619544,-1.004378267163893,-0.9401722100599555,0.2033049262272148,0.6570269509511562,0.6879085978337066,0.612442965810423,0.8361330739110452,0.06840353839773804,-0.16465067407086173,0.08855738176186644,-0.285187294651689,0.9541035455540342,-0.20237153386271506,-0.26432335346098507,0.4506833241806987,0.9021747569461326,0.42022068772879145,0.2570406795351132,0.7547311140358361,-0.9656939415500183,0.4342802320279716,-0.9770431167086353,1.01690483846154,0.08194150254013396,0.7556740737326657,-0.2194564558522398,-0.7139588353819614,-0.9321728325612829,0.7939013215269608,0.3781108164447166,-0.21195787107082958,-0.3365698464637883,0.21518590898033751,-0.05244363046572565
-1.2029645012650554,-0.4205093231480951,0.3689314241330475,-0.3778386759111979,-0.41522522818639385,0.004269813135875637,0.5548493354270465,0.17738580921481112,1.06293783992157,-0.5130217552424753,-0.8366178394150936,-0.8154212798107078,0.17612828099814712,-0.10496446410035637,-0.3154170657720867,0.276544984152077,-0.9307789488695813,-1.519009088289077,1.0004473837428098,-0.38719224972925076,-0.2002119435147,0.5112099511501788,0.694257645875815,0.2731489527281025,0.3622963972861544,-0.3923501078784694,0.8185489150082034,0.7873941491093205,-0.26965910034518187,0.6822035309178456,-0.5700608014767238,0.5259238815694859,-0.20823449932723884,0.3059467973149737,0.7631395362303031,0.5023080816898803,-0.225726072745523,-0.7634122984679614,-0.711890364719037,0.7839735565713035,-0.3490134659756251,-0.0592447292748254,-0.35385093409952745,-0.48574425539610794,-0.4988395395396451,-0.7662055993049122,0.5224244298470156,-0.2697771977099591,0.34048689468217225,-0.5733926437302983,0.013429318619677793,0.905298287767552,0.09642809616359811,-0.7520654542004082,0.975962427581593,-0.3990964753592228,0.24049466198492214,-0.3437206397766402,0.7881156412006849,-0.3161751891941399,-0.9705942087127444,-0.08800464414692478,-0.518023436870152,0.26849995143853433
-0.22522890459664224,-0.5278641052111701,-0.30784658951689,-0.5848747724038311,0.6366256429193637,-0.9002079462441267,0.412749042324455,0.7098371616331712,0.6596527189605923,-0.6852929343806677,-0.2592006768081427,0.33595108168038706,0.4546501104846289,0.022136045500960832,0.35237589097239286,0.86606688570705,-0.3006679506202631,0.059176126204714546,-0.046696179070256104,0.5904215566717681,-0.41513431480412366,0.01694440923820874,-0.28258967574176014,0.7538700685007322,-0.7864973070600904,-0.6492500891663672,-0.5448889675252465,-0.25476625366799327,-0.5922208049853148,-0.8112346482506665,0.2917890307472117,0.0857433707171929,0.7717286341764261,-0.22931275793510728,-0.3713129477675283,-0.25037062540467536,-0.6771511409650526,0.185299783421848,-0.3347491542648056,-0.977952946806988,0.9404829268978263,0.8282415291424233,-0.39380323651203236,1.0733376761850113,0.33340310137003726,-0.32749835210819117,0.9593532469140899,-0.8682634029113191,-0.20889997349041928,0.8077617287122731,0.136952850476744,-0.6291305616175424,0.12331332699786209,-0.14104276827245418,-0.13851473603046674,0.7491194797947035,0.5082872742722124,-0.19196972088105513,0.16459559471391275,0.185163230878536,0.08440135464831576,0.3820802394125557,0.2806923292757268,-0.13218498354814515
-0.903323919370338,1.7093152676768826,0.19989565384035235,0.11456387429932721,-0.1278722757165713,0.5524512841824069,-0.9537451069326528,0.02051003993448574,0.10932151532449785,0.5092063612945561,-0.6243222537509955,-0.38641557801059584,0.27337192943553734,-0.9480009950236088,-0.47465700081160905,0.8761191841882602,-0.41231768341755,-0.06234236172125893,-0.37300933484844556,-0.43594094836287167,-0.3239593255106105,-0.2777750828090558,0.3355211990949638,-0.6370123006115949,-0.74221116138923,0.283014320926603,0.20427750934711061,0.7145219567528894,0.4227222103802272,0.10161173758563496,-0.2558474223077638,-0.022421668795807752,-0.21093468100646154,-1.3534290163430556,0.9463434503857188,0.9589750116529594,0.5323569637430378,1.0641618379116247,0.28944098351684755,-0.20666822636460144,-0.2847350574904877,-0.07184412986130276,0.42410301657273786,-0.8770114693749579,-0.661836271557889,-0.18253830402898594,-1.2903099636202606,-0.45097626467989,-0.01485489746945885,-0.19053522558226266,0.3452748765409062,0.3267894781703478,0.5811071706150706,-0.09694571386438697,-0.010312641418884473,1.0337460967731849,0.4311097246005064,-0.590959780139315,-1.0325648521565278,-0.2553658718186711,-0.41403970582279737,0.4533977996409854,-0.45599569860133876,0.011662674102193531
0.8410786798099683,-0.8105777964792129,-0.04184757790620793,0.6222382307654428,-0.7648322224757015,-0.022697718711799906,-0.6063725444123265,0.21002546138065217,-0.3574574001514915,-0.027658336053418858,0.7312564471595976,-1.1685148351685721,-0.8936605034643501,0.6387013429467641,0.4876095351484232,0.12490359601911032,0.10405229551011023,0.6947632313496555,-0.5433462956340782,-0.16997808335437947,0.5713207405355096,0.5456583642929719,-1.038067346020882,0.4799727850343027,1.081536707271097,-0.24638884401331781,0.278469884414499,1.1739717249278483,0.4838639185389554,-0.6252480268947955,-0.40464078991242747,0.1723588819042483,-0.9984284027860729,-0.45881619582423694,-0.0003569371814690224,-1.2675750300318043,0.6808462686964262,0.5887162363100268,0.30167248124600304,0.139208291120466,-0.9538679768822442,0.5676268757510143,0.04359669547591593,-0.7157517997473787,-0.4242613964388113,-0.16316415645355586,-0.8319329397995772,0.6203278935104614,0.22177811118413435,0.40702514203113377,0.06419916028630901,0.5896216348380662,0.6072434163983965,-0.17954452083801592,-0.376413794310072,0.06578875921009371,-0.84076407359361,0.4846703442341968,-0.20366004520894637,0.5287276682653861,-0.5880576714796222,-0.9622999406219902,-0.5614953500036362,0.8826075968508771
0.07856006093405998,0.5551265839317564,0.5856516933165373,-0.956399587540428,-0.035910946988262284,0.27426936072743585,1.064758936779596,0.006552392713172119,0.6061222703769904,-0.41741185072423304,-0.14948676145772294,-0.5126055091574926,0.008676231385304866,-1.2350648199639118,0.27291785350870096,0.6779251109792797,-0.09017687027256555,-0.12885611545919592,0.3473592197956523,-0.656092182578779,-0.7342073312162617,1.0165549655481045,-0.6718179888225491,-0.8365797027470424,0.13006813696314473,-0.3731945900308747,0.11090195149409571,1.2955476475705265,-1.1887612876120146,-0.29326390844758826,-0.09958896384472293,0.5101414948944398,0.5639226114584736,-0.2725922924604436,-0.5874785865494285,0.43344656820124966,0.5106941362201263,-0.5514693649251537,0.9206106323889963,-0.1449420966383747,0.4499085459687204,-0.1596388610449636,0.09341550152205563,0.6743893738994359,-0.7083571967893061,-0.05390575903544887,-1.0367912348179071,-0.7059074996668221,1.0806015850879847,-0.501947753277083,-0.4192155219396888,0.5997558080813667,0.9594781791047919,-0.14939771033767363,0.7806026516389832,1.0542558508468358,0.7778583414214402,-0.11532208499978683,-0.0725314541367722,0.4044113093934033,-0.9874578092482434,-0.5493927434939848,0.1362837313447783,-0.6265860836294347
-0.20732593781094744,0.268725545285554,0.23125768259732926,-1.0405565037903477,-0.17773915855330033,-0.12083016556080223,0.3291362895917231,0.3558077736832153,0.4753966004438506,0.7907996931322949,-0.7367731190402158,-0.32138397282125764,-0.9613815154871851,-0.1498459500396897,-0.2915137754496718,-0.07833917922643502,-0.7881306602834288,-0.21201010200402534,0.9808683924757245,-0.49241769710324446,0.6942677949350844,-0.23814823365646356,0.38639837769214214,0.010353403474863281,-0.4891183047848453,1.3456027076641028,-0.8016623388285037,-1.088943802829361,0.9180764203719367,-0.5676459740283548,-0.8635673589970267,0.5754129671006385,-0.550074686024445,-0.2923063576057145,0.4651651918761046,0.714716170054532,-0.09913834496023287,-0.35255425369851096,-0.2160195772065,0.05505529808873459,-0.2018323401837462,0.24478585882200454,0.5110396579965304,-0.3673302063580719,0.5097852445020381,0.13750952932695776,0.4764506835512519,-1.0455592511246137,-0.06996303854285006,0.3594502203455712,-0.19142281174815146,-1.017451922815995,0.40233152808013245,-0.023039873029486093,0.3225553562660798,0.11104580321115967,0.7528611212045622,-0.5788248769216997,-0.9630124224873071,1.0529404060695242,0.6513729446740995,-0.16549247491096647,1.0745481102628072,0.3301618385462789
0.5375024289333038,0.9825762566530639,-0.5486418236892199,-0.41971320091081094,-0.5890507262825435,0.43395122921240586,-0.8238822849257419,-0.654845361010039,-0.47379495450203774,0.1949703320851624,0.26495021314999595,0.34621685310385153,0.17630311319357728,-0.257057584768627,0.7932390915777484,-0.7115374079377363,-0.8570539634831975,0.3245249236504118,0.2281604190246472,-0.045029300742334445,0.8637993525628965,-0.846109727229077,0.11260387838535539,0.20875831712134055,0.1285249949688145,0.3860117498709598,-1.0219395282549941,-0.47978505374301395,-0.4135449581383706,0.26274006549963247,-0.6837490540243552,1.2359610896115114,-0.22779638646594194,-0.06111097043399141,1.1212148993351794,0.6090592443400851,-0.21667420139154975,-0.639666397744327,0.5009178619164127,-0.589706456676146,-0.02750609949020831,0.8775277958536644,-0.26031933023190856,-0.38131238219035135,0.219647182649144,-0.5820716992055018,0.9079362678775255,0.20372374658771852,-0.39826750086971646,0.3682064307153019,-0.5402875747767165,-0.6172471766204173,1.1096814089051434,0.733838791116608,-0.431907935385864,1.1431636687396254,-0.3285574813996654,1.066024403869524,0.6250157469512577,0.6711024960901623,0.36615391801867314,-0.5511565256818566,0.6749299798192517,-0.49118536190545187
-0.11802638236220972,0.845948450053326,0.32203022546838095,0.35397679740903604,-0.41546768048565375,0.9172264922995076,-0.9907943309739031,-0.505962748898299,-0.5199059974598766,-0.4128736854834853,0.14395303862603978,-0.21094941507423692,0.15184729930521426,-0.609439191541502,0.6866293937121831,0.2378100927190014,-0.39756942053927374,-0.07737288910924199,1.6170584407190545,-0.451802140943092,0.4725794353849733,-0.191693155372131,-0.04152118699984954,0.8568114788192117,-0.1606677418417653,0.6330631824907472,-0.3212681606100352,0.4233774331063577,0.03218737099549575,0.3292545687711469,-0.02653978561764629,-0.7431824312965147,-0.7215415265309912,-0.27284335162108564,0.5675849509758024,-0.9869819988837725,0.6947887979590358,-0.25252948763299543,-0.9102090870358216,0.17558127138551738,0.5047538861065817,1.0493455976288244,0.7758832910251341,-0.42381953812508977,-0.2646559773846019,0.9531713732811465,0.5668580583309522,0.1909355667685415,0.07191580315515957,0.3360199369103154,0.44499903028086607,0.37691651899172485,-0.25785037890722556,-0.059615524953829664,0.5195369815444623,0.39789190017786713,0.11423276793516222,-0.8412153691969038,0.5713000862866678,0.9235568200200799,-0.31914835478053455,0.770347593617463,-0.46320497455207227,-0.29052997470721353
0.6977985050094028,-0.5642329449179861,-0.5015567451658424,0.9476267547061384,-0.8946636529440725,-0.9965611764571459,0.1660458221877486,0.5746274967001781,-0.2224942023974334,-0.8658401633637238,0.6162079941205973,-0.46097499381972457,0.38048352482576286,0.2164027100717757,0.5117739806711595,-0.673111272258694,-0.29122414031436356,0.07345325766003209,0.020366583678400385,-0.5537658098471131,-0.911948056286856,0.43045043344254147,0.6770651618053397,0.30057602974213044,0.5824636926981647,1.0359109071227524,-0.6344596862607697,-0.5938553983354304,-0.3400549244890598,0.46422379056660146,-0.4353417204670688,-0.7109859285403116,0.772773529325194,0.09871309492431522,-0.7015281207488282,0.07924733197934658,-0.9263637836499203,0.027042536923383,0.6277733889896057,-0.25568350023498126,0.9974662400035549,-0.031972171844520114,0.7484385516215489,-0.30299212250035035,0.4057237002295438,0.8004527945511167,0.965929318441936,0.24658314264633327,0.23442034338043455,0.690603030989552,0.2884885951153949,-0.4359513416290319,0.938443606317475,-0.6109516218963629,0.17073456859558253,0.9841204986064727,-0.10344957048837614,-0.0033302726889598406,0.39143776256452467,-0.75348475729069,0.22533387591079188,0.3134583914510935,0.8415343418463227,0.08661187602260234
0.7010970318293804,-0.31271249099445353,0.14528197523286812,-0.5342600936668066,0.29816173962994047,-1.01180487857652,-0.3638060384794794,-0.6476977033741917,-0.6199668527696409,-0.6383191111311929,-0.7512477564923588,0.08305395725741735,-0.8900006423141809,-1.0850491365896127,0.3686876966832705,-0.9683179310301628,0.3165758775623255,-0.5761126707027401,-0.49975648134010026,-0.09782913099634312,-0.3788984483655659,-1.1994165583149978,0.0019980518273820702,0.5354975293400734,0.14320806698430202,-0.6956251982372471,0.6166046801563797,-0.1864874676649276,-0.44685157083893245,-0.18436642701887457,-1.0020978669436122,0.21867411927117747,1.6153145407616127,-0.8565749539265514,-0.5922448842531329,-0.8142832918828747,-0.6048405261989965,-0.08097799745308756,-0.23171368518434188,0.6692439219065833,0.90133841746263,-0.6541453761005064,-0.8690935835344554,-0.14613748203186258,-1.2123125507022723,0.3052760753492745,-0.6091331664752164,0.052583085333960965,1.2274434245695989,-0.5659968696918547,0.6414880445186525,0.5989554590851086,0.16385341231269357,-0.10095980994826531,-0.6489014699688196,0.712399509751942,-0.005266360816884572,0.360661688607769,0.5201633359450134,-0.3257120647939567,0.33518075203736836,0.39878131191659016,0.33056305687852633,0.3220180624547504
-1.1170829179479633,-0.6626800653758778,0.9125858379333911,-0.3060993216044889,0.5737365330220898,-1.1892252958997933,0.2250998393923571,-0.805029517810323,-0.7605644305678525,0.5150654176319266,0.9203199385399949,0.31246812676856506,-0.36278881684818176,-0.6712036897589259,-0.9181469978950239,0.48609235220344177,0.32790935728103127,0.8369782661370775,-0.14411837405192487,-0.603254974468919,0.1179859358014508,-0.7200597122227232,0.31002381967231957,0.35946057395059805,0.8027819055970092,-0.07728158696240983,-0.5067037167273105,-0.6773868639640319,0.7457696681031556,-0.2417868493406801,0.006890426958899623,0.197953274403493,0.8956488051737805,0.8450487198118811,-0.7176345980377641,0.8102094781983428,1.1404129992933987,0.20274359271339135,0.47619353521175717,1.2250785995031575,0.755698294949607,-0.6166184253876212,0.4050193477759955,1.0848030554695762,0.039262187740513536,1.1181050688443381,0.13896339523082313,-0.05449844245135135,0.08543156937259762,-0.5895181546774302,0.8092157777325875,1.118939729252685,0.2052441636803237,-0.3387746061329692,-0.29665031226765726,-0.059636733381986204,-0.5463846463150646,-1.0826478387453538,-0.8641301294794543,1.0792278208798165,-0.15555522013576806,0.6038560243338478,-0.37248497118138757,0.11687273139379237
0.36402245579220643,0.26453502482081337,-0.26750409556471166,0.1322891086209527,0.13707665073964556,-0.4496971532893239,0.30758594257317823,0.7281582145611702,0.16801663273946038,-0.31003380132264435,-0.8620680467926651,-0.360278416197167,-0.3924393731035227,-0.09402653326231601,-0.8941018176031236,-0.7175710946887756,-0.8923791230648305,-1.05537054275211,-0.06339761992008634,1.054570332487749,-0.985016690568992,-0.45715401168568326,0.2680874137974621,-0.5450391027432459,0.8208501412685298,-0.9576404204922981,-0.30045536064551603,0.9492760457716625,-0.03916788927708049,0.026199513463133445,0.9494057221330549,0.8857080539097928,-0.0584081246798055,-0.6989718564954724,0.7666529610345475,-0.184734142858075,-0.2802873610233378,0.05309327039671019,-0.5236211812847364,-0.1512805167801039,-0.2224685943114716,1.0944527934097215,0.3716389724718428,0.7375976856345448,-0.5843746093015698,0.027187184273212053,-0.23321113718810452,-0.7042788612427218,-0.2565137818648364,0.23733824698844241,-0.05169127435446876,-0.6827217701582042,0.7909589221251023,0.9157807862982166,0.5038697993795219,0.5892305621536198,-0.4032092869798481,-0.6697666535137154,-0.8521278272305224,-0.21569925552907787,-0.979811277590094,0.3284336298410823,-0.7796149656576085,-0.260320458116253
0.17284057849284526,-0.42109443080535136,-0.4423120361913068,0.4907173604953672,-0.9147487750771869,-0.5912078311097424,-0.6346440959671534,-0.06759105015978731,0.20168590680490844,0.17912607442727035,-0.46738434095162423,0.04343708455908127,-0.8577930025413715,0.1860876280234596,0.43193531111235156,-0.22517591529658817,0.8477384860002839,-0.27472980277311015,0.30651429505785555,-0.9011256994805845,0.029985546257801098,0.5505233125570111,-1.08787237329857,-0.9302714503617593,-0.966381601967123,0.2362755568552824,-0.6418923771721554,-0.6387566574650989,-0.6956104988943641,0.15325734210553194,-0.5507005290534881,-0.36088922595972706,1.2199423628693893,-0.139600448276574,0.4172641576541395,-0.5383238409028464,0.8888203877390669,-0.1339230843068072,-1.1037566661301519,-0.8394900873602817,1.3119085815909346,0.8140011475958766,-0.961780656364376,0.5797736194213851,0.21665266541392308,-0.8149199027191616,-0.2536100593675853,-0.488733484721444,-0.7992363764449584,0.9680430569931475,0.5314816823767111,1.3047977873145855,-0.3148552900510992,-0.5006705623010461,-0.9749144267193036,-0.6248569438202317,-0.14001459645447736,0.6947480834959336,0.5762289764312584,0.677995315507892,0.7938351192610711,0.7623676926842375,-0.10057924922317991,0.577032008327523
0.176029066514869,0.2920154830659491,-0.47294876013599624,0.04856251352663954,0.8438878225989136,-0.36601938741060497,0.243616227678137,0.2929624876350316,-0.1800587619892395,-0.06190199857763998,-0.050137611812431086,-0.4913215744645336,-0.6904527352189145,0.9938664609424507,-0.6181843690871501,0.47986183223700546,0.16448628316367825,0.735022306099811,-0.3641162419735432,-0.8130296183822223,0.8186913235603567,1.077776541158072,-0.9375232359700212,-0.10001612784120097,0.7649311886784462,-1.0901353731495438,-0.6919338720129935,0.06188800663626303,1.0792868011962138,0.5961041947754955,-0.1455932929219214,0.4357846785048824,0.9028736509781894,0.9068440348445819,-0.2685339586260695,0.7068800063193479,-0.573939069210783,0.6336196126674748,-0.6173077227893521,-0.7041122381630152,0.32035992262730684,1.0889013149558522,-0.7128514730749492,-0.14210294151703973,1.0883172020921867,0.7041499553345644,-0.24877082691671143,-0.7668974388567212,0.8585083111172026,0.6343810202453286,0.2783893730863363,0.9693474578101506,0.017668009997026737,0.255552041998956,0.5475154916051639,-0.0042082418091896985,0.4840193032404625,0.5117711264194255,0.7791783985807312,0.23114415991539383,0.6779999915732023,-0.5675782510312088,-0.5561841682794153,-0.6725048658860487
0.47129871365443876,0.1511986756377735,-0.5601314401433262,1.1562979367847692,0.6408540768506813,0.5939235690950515,-0.8672101311101343,-0.8941852501100764,-0.7166805648147576,0.5625227722143878,-0.8849562253671969,0.02549539604062981,-0.4183443685312451,-0.45674849849022015,0.8554061708215873,-0.5726079519182354,0.8574652978727083,-0.8408718421284008,1.0761698664646528,-0.8160266158447917,1.005699577103616,-0.35038796102398606,0.209109387743118,1.2576991743603363,-0.1945366526624213,0.45434065903736043,0.9661064023340984,-0.05996913435870269,0.2917931046367998,0.22941608159658913,-1.0409441422864163,0.49222277858495306,-0.6846752644872884,0.39963962143711484,0.5509161878251109,0.5153561418035497,0.5312082275293297,-0.8879583372075777,0.5580757806739832,1.0453471450836103,0.7534328969114304,-1.073428599191846,1.0763576863714437,-0.08007061780186879,-0.4474223583631663,-0.980221888726892,-0.24117609661858017,0.3438872258153875,0.42497980543043057,0.4816104530618882,0.5772234216955362,-0.8411812197297944,-0.13156103169754424,-0.7655608380360182,-0.5301080150283881,0.8964853093539858,-0.7661973051115208,-0.42663246850054837,0.6269610030253773,0.5088352084075042,0.04552313883306239,-0.6140867787784937,-0.3616898612417518,-0.5891195888406453
-0.9800407024498953,0.11081223873801373,-0.8502613703396942,-0.29839267448802376,0.5002832282963868,-0.4547877879527837,-0.5895799842703398,-0.3515635921541868,0.17148073465728747,-0.11584148683399537,-0.0237376436841487,-0.347702110531376,-0.44419698447107486,-0.5005418374955704,0.40849207215765815,0.07462479622120975,0.6445672663261148,0.29651593303267404,0.951371464603278,0.34818965255894646,-0.27911366651552894,-0.20513142770453663,-0.631648187219785,0.27641378285795104,0.9475555264390956,-0.5468390463713613,-0.9019482802969414,-0.3579198221511783,0.591703912506898,0.9187974396899625,-0.4530804984155979,-0.2882687474695923,-0.2832713082023054,-0.25081168452461783,-0.5622542354985504,0.38766100107098267,-0.8593925408517792,-0.94339151505735,-0.31692418443112275,-0.18446080509362484,-0.3810969910407846,0.04643873990879498,0.854093453210859,-0.48168894251462324,1.1331871589467895,-1.0333812368701871,-0.0929730458546564,-1.052698831492663,0.6638188418706858,-0.05657712398078973,0.03296896670524235,0.8431443411876504,-0.14379076878263722,0.4329616695934581,-0.5643642823292955,0.06406693703830312,0.3522744203688127,-0.1300539427856167,-1.0166409428803131,0.06399254437215163,-0.060047232710319795,-0.8697794127978685,-0.504380161465098,-0.002124831504367719
-0.599873446406436,-1.0276800180414223,-0.9400858688081809,1.0934975693243292,0.7495992493719538,0.8636437805455097,0.4538743850370458,-0.8068421181324712,-0.37030021255461165,0.8457242670263008,-0.5295735986888652,-0.5818325366059768,-0.8611936502676204,0.15975440529926366,0.12410216538294903,0.7475909765434593,0.7808312673690154,0.090030719767215,-0.36495841848781196,0.7394034453555768,0.7928464222408539,-0.32131213643393636,-0.6823631946761504,-0.44272428789335666,-0.5662498908457768,-0.7434219524096863,-0.3791949900668429,0.09297408700571265,0.9422483174400874,-0.4632450411688931,0.6980131696896155,-1.0401022415380974,0.5111870065314649,0.3506486916890223,-0.6916051232382527,-0.9268963128594563,0.40854197857939,-0.3903082762894788,-0.7008037505211608,-0.231342306925936,0.4035675544355136,0.29160212430304666,0.4326761698159616,-0.5222541087239918,-0.20003545342362142,0.28083313900724033,0.12281097308601073,0.19144035118213928,-0.6195459512920469,0.28776668033626696,-0.3639333442447616,-0.3156916523182084,-0.49160804155028387,0.547921992336733,-0.869418344702418,0.5856627657761789,0.4533318628044445,-0.2988743609853869,0.3008405764440818,-0.7033820979441711,0.3596557829334656,-0.15608473324191116,-0.4660947074825534,0.0411775264806745
0.5140032148713073,-0.6385314768456479,0.1744189165495691,-0.502658398459953,-0.4329778569814124,0.35153022510850335,-1.1001249345765653,-0.4230718325967555,0.9619390041684093,0.8003385389276768,0.9008409714717558,-1.0212485533003484,-0.8623551504614257,0.5076317523362078,-0.6859412059840879,-0.2715555202422189,-0.5767415585154442,0.9404069573123336,-0.3974071699574454,0.907504450196231,0.2931680527022676,-0.7891499998062746,0.6941365466290992,0.9848008727375465,0.32792760315649333,0.919468610003412,-0.3059762951552782,0.697969420256573,-0.41406934622971525,-1.2974695801872336,-0.34352211152236567,-0.12176546563519927,1.2047797333445815,-0.0413314605086046,0.6556995647120668,-0.5646494760383897,0.5518645121032122,0.16884917630523222,-0.921494259694302,0.5986391431138016,0.1084976702851457,0.11834911866240903,-0.3719614181531165,-0.7008860269756578,0.46251672592141,-0.044472680863984475,0.018085481874094676,0.9877963892092054,0.07231405952541738,-0.00961623614694847,-0.3829141666555843,0.2568072581190587,0.39551671497922314,-0.6299850893889292,-0.2732219320450643,0.43572749439164865,0.613350555204739,-0.43291149714914734,-0.11169728231649324,-0.8210889878372597,-0.7297245205423463,0.33142694259075084,-0.39330491307788595,-0.3976199347736806
0.2512547715082191,-0.06661219032724373,0.6558621626988546,-0.49452527570065224,-0.0641801619323857,-0.8878763591219364,0.9042175044489188,0.3075055868361455,0.5075435331868088,-0.46007750888280513,0.9021638526481296,0.02239326751322876,-0.37124988399174785,-0.14213203880519149,-0.3374027136722038,-0.10213727552131098,-0.3764362849953282,-0.024607518189969962,0.7417941169353208,0.31092163012452895,-0.37110420947786027,-0.4994565584147035,0.5939667946786459,-0.0029265005639204683,0.3571152278735024,1.0334865746383823,0.06376337862207036,-0.2758784314510795,-0.39253184603185737,0.20673709800285664,0.33554766935906466,-0.45229582176609257,0.7218136765180208,0.6657928884995105,-1.001896645319076,-0.09667835044370336,0.8437100873427937,-0.006260333565054857,0.28631715186558376,-0.7161133476599056,-0.5092995099446157,-0.36356663310132487,0.286843175690758,1.4178537523464347,0.6611576668630669,-0.3214201354785974,0.15553307639190944,0.03337044796377828,0.325409198637805,0.1336335123838659,0.5400773031385223,-0.597070369221138,-0.029964385349839296,0.5654734009734205,-0.8150728138024445,-0.14190620173619803,-0.20528559315041855,0.30754190741643794,0.4614326335579309,-0.929724175244357,0.5363320660320439,-0.3875849018392337,-0.5637556738692617,-0.28516429503739066
-1.0568724306317538,0.7699195184584041,0.3784466358253181,-0.11681234438842641,-0.9290258598635492,0.34234140678654756,0.04688513248290536,0.5711351780770612,0.7824372494796097,0.4882475153743502,0.11233099425252438,0.43734158682859303,-0.9069750347740242,-0.7696753532562666,0.1888799556510891,1.0555616358584177,-0.41909621593793944,0.768757691587683,-0.9103232336100109,-0.2503481411170002,-1.4427657278222434,-0.30966186983346466,0.9310128541998899,-0.12333143490146341,0.03492514015144219,-0.6629000064734826,-0.13878250145216442,0.3242050828119987,-0.6693825447335945,-0.08643044648538305,0.6698585964189998,0.5102819162154415,-0.027474113200954085,0.8510882384820315,0.7661689990621958,0.8290670073412039,-0.2258410638021798,0.2958808547312248,-0.2493699960924746,0.8699586650650353,0.3571710208674694,0.37271477336987896,0.8092525077701546,-0.1067644560360319,-1.1077225195080678,-0.715186326443488,0.8545944419139231,0.5892975098731557,0.2844346026322957,0.09645132138360803,-0.5851758267437978,-0.5364296800850812,0.9427423859563684,-0.4449284752736001,-0.5112254702614295,-0.35703665351338915,-0.4178091338403145,-0.1958951189217597,-1.129879505102563,0.2269312596840835,0.3892006974179158,-0.8060494135151959,-0.16557643453968846,1.1320416729565204
0.458500799043442,-0.036390403789689905,-0.5800984821321167,0.3075786108736263,-0.46155357220286497,-0.8846216352475472,-0.33550114350140636,-0.1313818096400339,0.17446436559788528,-1.1384343340487209,0.09700177821746173,0.8138756506910091,-0.5506375706943522,0.34943067293779934,-0.6640256838465559,-0.39900357032391215,0.8523424527655833,-0.4992285353205083,0.10391958065948478,0.3897989391498757,0.31653825837468574,0.10786532176846067,1.0422701742835578,0.017972838828976864,-0.2534985491866821,0.07002397000416713,-0.6153766831881242,0.9693502535167231,-0.6141672902762297,-0.8017109039746982,-0.9826873950172303,-0.7196075820937571,-0.32142309391759427,0.4680291348397032,0.043311467499046824,-0.27008517688470596,0.17350640748412194,-0.7987828712084816,-0.7525607150717506,-0.010540203198097174,0.2359733621809127,-0.7456866975995728,0.3733656818678284,0.4696121764820887,0.2614385882733437,-0.49641986049780124,-0.5340160277013867,0.5605533673879777,-0.5138557006141866,0.9315741488711715,-0.43946881717828934,0.17866863822242543,0.26756720328059724,1.0444739176669828,-0.4879932316306897,0.3522252587375145,0.6352530740058505,-0.5474975796184398,-0.9069506664662672,0.35801504290148933,1.1754812560629386,-0.4132982542410338,0.4153445463927073,-0.13459919712914437
-0.029550393024284857,0.8027237267037304,0.09678582940321133,0.4742106428896125,1.0216398061797574,0.07211742149526022,0.7956418089519789,-0.8514612670858674,-0.09089940576136196,0.9002196974963976,-0.5766997152957963,0.43452680531443266,0.248570371662568,0.2416706508070721,1.038299255248761,0.3348281055922192,-0.01997364292300926,-0.8504411647181648,-0.5195494204607972,-0.5041537876917116,0.9544328195699346,-0.7194640386710831,0.8694595410616107,-0.6087770284688421,-0.7978832793783133,-0.16263114183206656,0.18044371212146815,0.34493526915725464,0.07699262991016796,-0.3882728159502913,-0.41935078217344446,0.20454988738414823,-0.796415411294388,-0.701127654218048,-0.7747141244566228,-0.04204062936917165,-0.4355647065179319,-0.25212083156738163,-0.49759970347872906,0.7186294292245099,0.30523231684925695,0.2700298509543502,0.5721256974215878,0.6652825688352083,0.1410437129136599,0.00647056891523412,0.18699409675698758,1.3163967633145672,1.0653772278387914,0.5938143717229232,0.40486039541897234,-0.46580701951013936,0.0775198375137704,-0.8112800505288769,-0.1351017848997044,0.3006058075680126,0.6019261193037885,0.18350212852918307,0.29209088161860236,-0.6276009466551452,0.3960224099550318,-0.1270679600000105,-0.7511301444063176,-1.0242544196994265
0.01597648904581504,0.3124462010177782,0.17909982149621667,-0.8293786508951986,0.35446772568200524,-0.7654828428520327,-0.9130460957711102,0.020652624087248456,0.1599125780199079,0.5038854829445053,-0.67535129571012,1.3816331910193553,0.008356221071906268,-0.7867549442012644,1.051867079977191,0.6484858301221716,-0.08925432167090969,0.5068154224488766,-0.9605437024740298,0.4614402734333276,-0.7844502640680734,0.4858843659589037,0.6598977075454122,0.12216152318264621,-0.2676367522017384,0.46350805321516164,-0.24154725904018054,-1.0727912611175991,-0.27494458100223074,-0.9616973761060947,-0.12721563323887763,-0.9450792487723598,-0.5656923395968579,0.5018709990679302,-1.0654799193980669,0.5041245336158494,0.009109441576032893,0.4947018839018081,-0.7382963448962152,0.4639145657161947,0.09850417480894663,-0.6920140548653272,0.04340851978412962,0.8064193205407924,0.6744124218609714,0.20420274162300098,-0.5549141494390105,0.16518226699042068,0.46205080105817753,-0.6821451843376825,0.11778493775889178,0.800535883950207,-0.6137488197717441,0.7204229475346732,0.10352188720360106,0.8618721862198128,0.7875549757072792,0.8850982805438299,-0.8811570019414502,0.6592823838492677,0.4826368819871513,0.15194308935267212,0.23646059904834743,0.31604632279815964
-0.37715520197170027,0.13403675693497177,0.6072009853633847,-1.1220117274261512,0.9426164138020589,0.8298864959885187,-0.9679494165479616,0.16834619722752073,-0.014083121306526168,0.7974295688154869,0.2883901826640032,0.0020678761215328872,0.8775333466178675,-0.047697749618682866,-0.12850756401265528,-0.7804680609116756,-0.2309529103032814,-0.9082652852073115,0.7866170678105643,-0.7666311884369221,-0.9000573342295617,0.39750071907043577,0.5715954140040235,-0.5255093756927697,-0.8303496931567221,0.6307902521999443,-0.543954095539187,-0.6796946246369353,-0.9075234756587564,-0.9646061735446622,-0.6300812131698799,0.00703608830727367,0.9424246674887523,0.10397722483072576,0.49886410670301956,0.4584763844974135,-0.7409702108559733,-0.9458906656976444,0.9689865500722609,0.004591075444267452,0.03265734811686669,0.3358276691838119,0.13515565870614246,-0.02439470763154491,0.5347159063061129,0.9007564408345669,-0.11700470265388346,-0.6427082679513512,0.0634554875507295,0.39358849471511564,0.8729441869555893,-0.005109940602127984,-1.099147389509137,0.06180498909377224,-0.18301095479830537,-0.36998910597560625,-0.24654612593604222,0.9279647136717605,-0.8638333134003389,-0.5280138623169454,0.9865403180877855,-0.10604728043532861,0.44083714920860806,0.8259557336943705
-0.8440786555638057,-0.6122898155736154,0.311033527719677,-0.17771773559485995,-0.7810714642659199,-0.8650724863768567,-0.5810931702696034,0.11184599396659019,-0.42189395907745886,-0.7435607801148293,0.15495231989453404,-0.3615182251559253,-0.3683591446391156,0.3696167543352964,0.4869622276745647,0.8103004406064332,0.4500522967930875,-0.9658570641544116,-0.35057603154325634,0.9298994729487936,-0.7023492272274484,0.16575513190252475,-0.22987387918222282,0.12529409672153125,0.2912574396813819,0.32275101780213006,0.34689093597218024,0.7397745598861096,0.4404050872000261,0.5295365816423786,0.5778547481034836,0.33559979111801513,0.7320368495564498,-0.02347826572311357,0.9634714505029986,-0.4231921897722409,-0.9125561414509145,-0.029367135882943787,0.683807915721008,0.20392487787179556,-0.28871511071557665,0.08679254072030405,0.5435850935424063,-0.5306737693052596,1.128571048051583,0.7652602637524486,-0.5284716528354955,-0.34047009123620936,-0.8848668951851485,-0.933037278606778,-0.47059771857045113,-0.7272163942851565,-0.05587808619142194,0.05127251722840577,-0.9195821949943845,0.9062866135631256,0.12415977388692194,-0.5406303764451901,-1.1878697479750362,0.4299910294771704,0.5391116891874463,0.6984751995259803,-0.001095628894159357,0.69941240033638
-0.01941765180158867,0.5374955522897102,0.8774767414612992,-0.8061887452014302,-0.652329361824741,0.3723209872202958,-1.0035047255469427,0.4016967197109758,0.2666972772447697,0.9596148446274461,-0.7564452080418039,0.785595278906276,0.6919256850107374,0.6756296989841353,0.012766967927435742,0.8465414778792063,-0.4020159301750742,0.2984897084690738,1.190572805771287,0.5356165728675905,1.006568839395312,-0.6485327732982156,0.3730461789937494,0.3603331343657192,0.6274451788883595,-0.5087889365587499,-0.471042019524524,0.7109469918196474,0.0792135302596099,-0.34913168573735825,-0.8213721681059375,0.888108370960852,-0.28831349939339757,0.3224704189889262,0.6139862924869386,-0.5986904318951685,0.7606515541690585,0.9834018355026191,-0.21091708683202187,-1.0529228577673806,-0.8953501923415028,0.07067731640520858,-0.3281335487165213,-0.31480999953926686,-0.3802567853334482,-0.25245581306425063,-0.6772808865179167,-0.015382327037743348,0.0995144020667824,-0.5675311560448102,-0.32214467748002756,-0.4306638167048002,0.9659954207526864,-0.077408819041081,-0.002093269518720887,0.4266198586169689,-0.16164681691576377,-0.6569561550400282,-0.30969968294508565,0.6569635274569197,0.15603730124099355,-0.6298504417235364,0.8766772658958445,-0.5218731670623838
0.5354235117488334,-0.46265431343367336,0.2728673652156622,-0.16341751564324303,-0.408207721139752,-0.6564214681628144,-0.7188767839320332,-0.10841202489447227,0.6559397493478427,-0.510237737967673,-0.7092389920397042,0.5517799688916334,-0.25337153165150506,-0.7912565909691532,-0.9320792377057063,-0.9643914975299549,-0.6792687267083597,-0.1665204071320368,-0.06444324465203662,-0.9966408686779794,0.71318787578657,0.05804199787842518,1.0364058324996288,-0.47217376597303196,0.9440886300691199,0.8911137348171643,0.37087280867307065,0.31046705982850153,0.8510041962969721,-0.48143583225667685,-0.40416900160612007,-0.5641864279608988,-0.5739057150359901,1.024097241716534,0.38208825723845113,0.15273920839281627,0.9913855260421724,0.00967372958317012,-0.3797578864838647,-0.0020796349564740735,0.8410067256481474,0.6981552833124067,0.17733479909901834,-0.8787968961144347,-0.8415650397515724,0.08323237696108136,-0.14346293736192448,0.5230675847612741,-0.31569055007288804,0.25947139363052735,0.664644028372468,0.19787940496272066,-0.29880801346352825,-0.04214239971320698,-0.06437114874465562,0.2473011830866087,-0.8645392074912887,0.6802661564535037,0.1253551290707264,-0.7214321386440055,-0.9038213011495957,0.7758799972112207,-0.4133407441277147,-0.35131814866787053
0.9140590385686326,0.49369884348308424,0.8485292640876098,0.5990664541798575,-0.6616127014726018,0.6133493587788996,-0.5993873103209544,-1.070046035274761,0.7017483790628251,0.7749860883735409,0.16975663121543616,0.7994357149698842,-0.7855729877756807,-0.3798419421924723,0.9665915315982333,-0.34569229707637494,0.5007118850124654,0.4381383686739109,-0.23971420241908967,-0.0256835082908043,0.21166374801133975,-1.203975376632427,0.9826772878421288,0.30054611356023125,0.563207944005999,0.15197933511349512,-0.3198143200075019,-0.607088491906578,-0.7429383783744395,-0.34938933669055694,-0.24956916930159911,-0.8355120150881411,1.0486914154467677,-0.0011819062311145953,0.29351565684174724,0.4991702445316595,-0.4839019091830643,-0.0774723722790076,-0.07384478252131534,-0.6053141798478834,0.7193603001625235,0.4184731590937998,-0.9792685144157954,0.33314882808715557,0.41188586392714555,-0.16262552000879762,-0.1443419774228748,-0.9734559479498873,1.4347637796836785,0.29951158770717823,-0.5045221869161887,-0.20993234149535062,0.008203431412928494,0.8341248244499595,-0.32043115022299573,0.8935294452004817,-0.2328242368071594,-0.17457011950945472,-0.13800865476829913,0.341195222662468,-0.7056623984075494,-0.3382971889646263,-0.5992026094871094,-0.05529573152071261
-0.5682555321419301,0.7976857468243039,0.22718428091495946,0.17346129465642954,0.06411188328414485,-0.27855854139952235,-0.7128254431512027,0.9250886946886127,-0.18335663624054319,0.20326378403777914,0.10878923199989422,-0.7398061624254781,0.924703545309136,-0.1791553796586962,-0.26619029941790306,-0.5507072968619874,0.31669526166915674,-0.19321587197440504,0.9545119309027303,0.4466859537499963,-0.9172447460245132,0.6975699854065288,-0.24969574579845832,-0.04163152497009627,-0.1612420952856864,-0.741373862818647,0.021846847597946015,-0.857729833444012,-0.6195450115724813,-0.9166700869434309,-1.401632478252867,0.529884157280904,-0.45086169121399094,-0.2627440653686823,-0.5985382086292248,-0.8297521968862045,-0.43459146678727195,0.4482097371433128,-0.7346570610828206,0.5682067622775535,-0.2897385888352853,0.26092943268192487,-0.522331705564565,0.8636603033657653,0.8608870553667052,-0.7698283183602614,0.4086644207807298,-0.7217723931877881,-0.5220804261717068,0.12235889323123701,-0.300718392078,0.33987912111561946,-0.5225729455698424,0.9716139375727172,0.506308638062421,0.27105798170335327,0.833190970180376,-0.6091211486929616,1.0983407407690666,-0.18720159817606496,0.7713399279902731,-0.620362096749818,-0.10169091068417538,-0.7653307847098962
0.709884062552147,-0.5147755514347522,0.3725880380002314,-0.4540857518247887,0.4665891169448816,0.5193871988970667,0.2244296675523529,-0.26161117091927333,0.8237475069491905,1.1081452186315535,-0.16374108864842074,0.32096814833432186,0.07776295164240889,0.9535888378171317,0.4402936220898934,-0.15997735175725097,-0.2218073272179724,-0.16300043685515292,-0.4323980693702295,1.0513933046727908,-0.02324953474329467,-0.3537805345065451,0.4061043454238694,-0.17380277992062573,-0.48455042478726446,0.934387098344849,-0.43047417808293453,-0.40656456045515205,0.4744068639225899,-0.22011258988756377,0.3117350949656529,0.5289958187781606,1.149474090579658,-1.2560297520397803,-0.3267911017415356,0.576635727257451,-0.4403513626012532,-0.4316383028340547,0.5803253012103331,-0.5535703707329871,-0.22090753613431244,-0.6416749324117063,-0.6390435222040615,-0.3549066539176664,-0.14775256555826619,-0.030576671199065313,-0.9148582272556014,-0.7121052123129213,-0.6600130309245242,-0.6612692432429963,0.050498689718474835,-0.3063726881591778,0.2239226265767861,-0.8231776157505833,-0.48113816608876914,-0.4537817214855432,-0.28884067571102373,1.1857843292596968,0.36896935008676535,0.2649488705701907,-0.8325732623679681,-0.31602500179571386,-0.5916482439074268,-0.574340093740506
-0.4888119295742562,-0.5388085986648438,0.508447467151909,-0.5995546512687971,-0.9488710891747241,0.6291687081452618,0.7159481308204784,0.6256364187712539,0.42932709185149204,-0.019190747017875674,-1.031336437283931,0.4596978465650186,0.13084376749262283,1.0202498816559746,-0.4205538299600918,0.960671676075281,-0.8154992631509024,0.66010110427631,-0.04250887225606765,-0.2517197185546437,0.32442352996424256,0.9044371363323775,-0.2982934713108624,0.8856362992312773,-0.47015178204104735,0.39647116463259985,0.6399050279159549,0.46270869375592766,0.8297294480358093,-0.7312911149277321,-0.7240842830646592,-0.6961564384129848,0.4780664405372505,0.001989504892137513,-0.6634100611097894,-0.18050629406121615,1.0049968788944714,-0.3756831551450531,-0.9896261143397281,-0.8211576787066258,-0.439316933826606,0.8604399591810125,0.9843224979998704,0.739852002919682,-0.30757252018231884,-1.3959313073857629,-0.6612660740625131,-0.11495243544675258,0.793405848336971,-0.7088383178261954,-0.3586116774883831,-0.2481669936270393,-0.2833420086729877,-0.38422176191127977,0.1619005464808451,0.43471789990932447,0.33393308843423697,-0.6826346519119477,-0.8392408119483458,0.38852327831637473,0.1283267365835983,-0.7328597585213921,0.5980108661744032,0.16257104547015266
-0.4038605512259818,0.21295000132753023,-0.4654126613144711,0.15323638775928616,-0.8088625626513101,-0.25892558858349574,0.5370501523995996,0.5461979037441098,-0.11821962003829,0.058125141096386945,-0.505248871637878,0.8985626194046304,-0.12197576870672816,0.7063970014559947,-0.8305839232761768,-0.1851106972967011,-0.11271406547392643,-0.17357872378030942,-0.438807584972722,0.14270792188853967,-0.4021102657487113,-0.3000410884650187,-0.16828840470749545,-0.6656288506748358,-0.07905344840779208,0.31580028924910547,0.4987485447116138,0.2917549669337775,-0.2818739163666513,0.34948817058003234,-1.0203352558924625,0.33443738194605455,-0.18154317547481058,-0.12008456198723796,-0.5934115415203025,-0.9817517011055923,0.88422652607938,-0.3530560532858405,-0.46822583879979107,-1.1197273945833364,1.1864308465457092,-0.0012731313546354987,-0.44094141171973317,0.3314890427131696,-0.3746940383526877,0.3027483294363803,-0.6149445657954274,0.2909532599155287,1.1712082068268914,1.2763801046375707,0.8808779141658986,-0.973358458387157,0.31674817419182616,0.4820255745168241,-0.8522950176424268,0.3732170566736579,-0.7170258222047093,-0.10313148532472059,-0.19973078119231497,-0.6442596335588328,-0.9073206667282161,-0.34423125364956025,0.6231120689316536,-0.7658717831719983
-0.25845342324156706,0.4868808383478167,0.5378136567400489,0.20838497820489868,0.8056455099598517,0.7501356159376116,0.8185160392294285,0.49220752773653487,0.8290740548876894,-0.6338025311758411,0.47139792206358244,-0.14487918131096178,0.3263287183735307,0.8601292607851522,-0.05956159985813361,-0.8484064993311982,0.6150077741450024,0.7776062695135169,-0.46288193951034173,0.9186486783327489,0.4923585929414126,0.42062618520951955,0.78234918272432,0.2958951324827358,-0.6297264212289744,0.7509460823353125,0.6230094057071873,-0.6157204126623668,-0.539966275406631,0.2214951576254101,0.5256553283872243,-0.43792780632044087,-0.44448133577911886,0.9257332186913425,0.6458741494587521,-0.017231266988397494,0.677380277339706,-1.058409312375905,0.6083344960360715,-0.5769888032683281,-0.022200995001201665,-0.008399614504027595,-0.5332099993077946,-0.25319090734806715,0.2768963609549052,0.27446266512881,0.6854392321546773,-0.411526234527358,0.4364423303747818,-0.6974801375573738,0.2723315976648146,-0.5304573150659856,-0.13260343550266443,-0.8742788396406548,-0.857479962227369,0.4951359577985398,0.20890700609898055,-0.6441475525485238,0.45438443961019037,-0.9578032081344593,0.8618245633759558,-0.9330830095815879,-0.72078383035839,0.5763859907078162
-0.4542475995539245,-0.8664356968946525,-0.6547352755353707,-0.720511902350768,0.7213130070796303,-0.7113854854965213,-0.22664402516431792,0.3792954430974582,-0.11472198588354299,-0.5874976003628143,-0.479685904740821,0.5466638542947769,0.7466074226089235,-0.23767710530302044,-0.2742668910010001,0.40804435512419285,0.07656830928096518,-0.15661172017538097,0.7622976419825473,0.005441448926617515,-0.03636607382963407,0.0878186356479022,-0.020643073806790934,0.020278446476401438,0.9860532332248332,0.17251798139047722,0.5598668601578005,0.17429505835555203,0.8306613951537144,0.6129907438788956,-0.27991023876717797,-0.6353993476242797,-0.6689770324623147,0.7150106111938996,-0.3148177883794106,-0.4569379873055161,0.34027654382740746,-1.3478865840119776,0.12623853007322913,0.6156895610457476,1.1196368891497634,-0.8763703113459028,-0.19822441143947953,-0.9492401728386437,-0.34466390914696665,-0.5046516035398095,0.30216551312943485,0.30099040981320874,-0.46077924627443173,-0.7128802039358247,0.4612288355465149,-0.08716408612865657,0.002507116076569494,-0.7465246391425031,-0.36558493512571477,-0.38518580440697714,0.9620056694913508,0.8840856017237597,-0.4902132781125778,-0.33854412230955255,0.6485148638726538,0.009752988481607513,-0.3107047558949258,-0.7410705907703932
0.9914535337828076,0.7314510357032272,-0.7303200789208905,0.8750974441276741,0.12408376475549604,0.5888382929196166,0.2695203382665206,-0.9992441685678604,0.18483954433435087,-0.023082660163658127,0.6344585637382805,-0.7300076787847624,-0.26594469601103704,-0.16414886519416988,0.14023441615623253,0.6324967248535358,0.47215361377637904,0.05398478967600896,-1.146308324917107,-0.33193211165510766,0.4320605069971872,1.038282387402052,-0.41820742219061974,-0.0902726482547048,-0.32418918933496105,0.0995839927235887,0.4754674526354195,-0.2775755096842227,-0.47718605001899705,0.9734301500774173,0.009987697846590152,-0.40706192349983855,-0.11372299261912831,0.9556270773096145,0.716543864773963,-0.20516521793343176,-0.4555095664382688,-0.6423873672753394,0.9434263085586531,0.9459551703349534,-0.7306941042260563,0.3540752704870801,-0.49160178775957714,-0.41734476385512026,-0.7469043552227002,-0.19872147173889917,-0.6701511705878219,0.9193613560582479,0.15655030270383033,-0.029128994351712616,-0.19110311120642437,-0.5449267172390321,-0.13134737018426731,0.34144917291938814,-1.1008732088264999,-0.7038357019071706,0.12831141460544965,0.7417139292068055,0.949768361132778,-0.5544515119560497,-0.7544534277228213,0.3696301106098659,-0.7334130612862946,-0.11042910454071905
0.9841678738766451,0.09376036802562342,-0.9040569204246093,0.39346460529687444,0.43626054975513906,-0.45129773083158986,-0.6977794964356724,0.9441869344768155,0.7545869616053474,0.9391651220507325,0.9397458353129625,-0.6842357350933461,0.528302859602152,-0.6245390786784697,0.6031763566855378,-0.33558690256881823,-0.6891631501621347,0.30653901799709826,-0.20790669572598486,-0.21745735924738632,-0.875383776083017,-0.43363566198146064,0.3502035104704686,-0.5260110367835934,0.17618635749244596,0.28985145289089786,0.6639970695110254,0.6611861139347496,-0.016989806758813324,0.300939358798394,0.1739765469580492,0.16732644309309594,-0.6012085713689488,-0.6458444557376113,-0.715803031576244,-0.8591568742917619,0.37282804130512515,-0.3549899558558808,-0.7127364500596967,-0.5940062685341487,0.5415138942986549,-0.669732284446709,0.11793858698528575,0.6836040175856894,-0.3022019264528535,0.355555411351735,-0.04297392577944399,-0.6793350473240436,-0.3435676439697307,0.3526577736305662,-0.39877761381058013,-0.19705018005457695,-0.879529048093748,-0.3490981945217639,0.7881668741748648,0.4401487902343065,-0.3417375276103879,-0.7852260867639052,-0.654578999269442,0.8074166024868693,-0.8881120902622074,-0.8067987793412386,0.18433249543775848,-0.1439616595803302
0.4215502244732615,-0.8742230025630408,-0.4355791283084145,-0.5847293865217192,0.3368185275489527,0.4012603883385129,0.21008743052452247,0.1557821391859409,0.4978743218911305,0.2735293640497011,0.5674748145805383,-0.7552438359683267,-0.38166825009157035,0.016606121304646053,0.21591959170738675,-0.3494005869698679,-0.4220303961610709,-0.9036263373290007,0.5313589484140069,-0.5365902487204128,-0.6769424326815828,-0.9991465892296179,-0.8342688529840494,0.7754958462354505,-0.12322624725697627,0.3117251854349132,-0.10693471449478278,0.5863637919490693,-0.9925588940127575,-0.6183132048287839,-0.6922983275106921,-0.7122536506337458,-1.1067276655334453,1.1021186410528623,0.6076217397117263,0.5709375055159402,0.1136788064284636,0.978675136795293,-0.17137186153807965,0.8465649703676075,-0.4550405493245579,-0.087136517444503,0.5048030612806877,1.0690845063093415,-0.641809660623742,-0.18062301830736183,0.9704935060635943,0.012626268903677794,0.5062136626468925,0.1283520585029917,0.543146201737352,-0.5741795259455021,0.4031554971091994,0.05631847433196797,-0.4884056079602612,-0.19471945273578997,0.013607093362257983,0.3673729187365707,-0.7509137925593802,-0.3413364317747559,0.3049204055768372,0.7381552232029008,-0.36707617047661734,-0.6358614616590058
-0.8569498853617868,-0.8797278324074396,0.1608421262919399,-0.5997457471906641,0.7702097223719807,0.39943077233834384,0.8850167249158701,0.5285384117509909,-0.6200374317366674,0.3353509475158964,0.4422822965999556,-0.5779743994440415,0.0005533849602899208,-0.9814496764471229,-0.05117551437921256,0.7873352666175876,-0.22301736875430908,-0.20614853125855248,0.3407763035374589,-0.0010310099249193666,0.29528353977715993,-0.08245770230412179,1.11002168355563,-0.2451711422958701,-0.1302431609162561,-0.22386711147066338,0.2397655719817887,-0.23338290347702417,0.3076063287659496,-0.7892609043930767,-0.193123008849997,0.6757447679878973,0.8686620563857177,-0.2091205209569067,0.06600487905723419,-0.42759506070466957,0.8098617284331148,0.18798164252957128,0.4426966508693584,0.4390300435258365,0.17720194154994534,0.6843737324206326,1.0089711762203066,-0.3615848949136338,-0.052670044666375204,-0.9212845033303234,0.5966349340310493,1.0856083442881834,-0.8249967771839021,-0.5984114939312931,0.7585415868030573,-0.6778691577287095,-1.1870497597098364,-0.2217918798322622,-0.6105644154827281,0.8548264047255677,0.1285780874901536,0.32547118349278104,0.8781324945631881,0.3524909689962463,0.4985095572391659,-0.1539661892485522,-0.4297576785816593,0.5783706591852834
-0.3273988330100172,0.3221748697564815,0.6071252120033895,0.05836069084556207,0.3362356886366395,-0.5810356924037342,0.9236694547548892,0.8811007938526064,-0.5324846245293158,-0.6552337870677538,-0.4079850656378936,-0.826130843346647,0.14075816381804057,0.03690666590538193,0.5330684025439133,0.2762572289459848,-1.104510230604951,-0.293012360438057,-0.28429302030583264,-0.12220107142117062,-0.3861968522246179,-0.7305151430966025,-0.06598869107563606,0.6781868991402015,0.4348151193768469,0.5093331481175193,0.5246197527746441,1.0045035673029499,0.7570737052465075,-0.8337094982796056,0.2946401141241111,0.6898472166005968,0.49775950808910024,-0.007225825928727828,-0.7979078472645174,0.4754314573957631,-0.3125937210435581,-0.2849250178236891,0.07860167200688277,0.29788363115152877,0.6755002646820125,-0.5475202507391677,0.4824783732974439,-0.5100231935050107,0.4641635747825377,0.6889312510674188,0.6183800399065856,-0.17099291631993338,0.7390220569561577,0.7634235244346136,-0.6574134828103363,0.27436601344582084,-0.4173393474937663,0.03780749247642917,0.24955258308296813,-0.8586244886960339,0.7116955709414867,0.2903750255142006,0.5424610589528512,-1.2399737494742171,-0.6255579048336877,0.668377218581158,-1.010426927165608,-0.23948092639207572
0.8926800515396938,0.1742370097095158,-0.6328346881816203,0.7042523699337938,-0.35710282022441026,-0.900192140895807,0.6008037016979173,-0.5856888663720743,0.340322403483612,-0.1460582566181306,-0.14558196803080847,0.21349124582324924,0.41447004667162374,0.26711567555952487,0.3132938425452601,-0.499616738158612,-0.917214858411547,-0.29779651984671,-0.3185579502378723,-0.15045627228849953,-0.37758927578640694,-0.886516303500021,1.3473517306990412,-0.24694184378245776,-0.24584595755068525,-0.18496680208371566,0.22913680082156934,-0.14453769264039457,-0.6315952883289878,-0.5319234711180554,-0.5682153178479127,0.5910203341244737,-0.9980102946703455,1.1290040086413373,0.5280826670954182,1.0871565583743816,-0.08714563330548299,-0.20338261070936337,-1.0786215448540122,-0.13582077487381083,0.641884383158286,0.342666250340549,0.7250947506286434,-1.0573139465804808,-0.7362545189908427,-0.16402351365978288,-0.6712260611272277,0.7176595737869045,0.7956156365180882,-0.5384676692892637,-0.8536657609272841,-0.8825124199005993,0.15499740349660815,0.32646888045169664,-0.6881687359475038,0.006549616273504516,0.28337622098516485,0.9350686762546043,-0.8425392878043176,0.026832147822048888,-0.8251994732860672,-0.8561445882081683,0.26895492042996094,0.14916727204605193
0.12117039377230267,-0.4358938625907396,-0.010290968071671316,-0.460737176574239,0.27998817606856874,0.8294224881546043,-0.12686194847311202,-0.03518557500435133,-0.7477386797899342,-0.830567077305211,0.7658440754495055,0.2879331604524343,0.9519625452955235,0.1902657074579866,0.18685621804853925,0.9676731875027696,0.41992608120387026,0.22620181687289048,-0.04618884602327379,0.06767198330064003,0.6063915637801806,-0.10505556404564789,0.3905980207682126,0.2676563710872221,0.12210060824075372,-0.5110366502847468,0.12875317138613793,-0.42378210379850184,0.769870111520155,-0.7620636596892639,0.11343295567329427,-1.4612268682518572,0.3522495166785024,0.47174459056425944,0.11131595955905803,-0.3011353251731945,-0.5579937465356477,1.0952352785853283,-0.4414130422655053,-0.4600378102431191,-0.0050564822723691075,-0.590042853093523,-0.9535629716345033,-0.5850773068317509,-0.3543635889160761,-0.9431508639767514,-0.7663562556675201,-1.200900608517224,0.04702155460641201,0.010340033137759842,-0.42917837949164206,-0.42312680567160643,-0.5484527098502973,1.2216707033852425,-0.6788865258848489,0.8191069112346258,-0.02163140805582089,0.24792764389403918,0.16022637214678143,-0.5921789175097805,0.22336033499158145,-0.9469738931582641,0.05114696021352167,0.7850913047453314
0.612521153072464,-0.7734404324729269,0.9957673057887693,-0.8513195696494198,0.4007148972964844,0.004344778996929417,-0.5376965203714079,0.6687636035653419,0.2989614840969492,-0.17956019350131647,-0.9218842806952953,0.9992682640054877,-0.17731552390205188,-0.5530929295528664,-0.011063981784029028,1.0792842697231604,-0.21029772191289384,-0.13286994148978906,0.2791703864227066,0.1269305303048765,0.4292118954300164,0.840096781489656,-0.6864057897539544,-0.49583493788834987,0.30161961252551794,-0.27943743854624425,-0.2873008488480527,0.0064503992829622134,0.19452748517855178,0.7904008469419104,-0.7317957337988311,-0.1432445353183492,-0.45695789783713625,0.1423064870949571,1.2407657325206096,-0.18627467413961976,-1.546423099454598,0.8973333147126097,-0.25228052992687877,-1.1860462200585953,0.1818488460790326,-0.7904490077366053,1.1357109044317855,0.8684553670619642,0.43838546072316437,0.030911012327669383,0.7256867164688403,0.20926405925249808,0.6283021032413099,0.7666378557599328,-0.42029404981051566,1.236379722891529,0.5192601816243861,0.1680372016142371,0.048364454180311364,0.3930367822701032,-0.1059472818159131,0.12390165624892314,0.37340752417544926,-0.34438524576062496,0.8454348928751834,0.17152628712989462,1.0480351557508254,-0.26030116693022554
0.8505359066873678,-0.8899645814735294,0.05933959485529193,0.4577261429168542,-0.07103578171808539,-1.103766824480234,0.2759021954265206,-0.7650801366240911,0.8145493381178701,1.067868558233639,-0.025594948452063265,0.32122764137342386,-0.857196404600112,-0.629189891137349,-0.03505327799560308,-0.0031440937121487806,0.6377742464055989,0.563254497774807,0.7468716663711474,0.848799907655528,-0.7129911496248886,0.6380762780687306,0.2508804833078341,0.13500582034208455,0.16788827132949732,-0.3305562864867797,0.06906495438368286,-0.5796454568538818,-0.810197649820298,0.8312236096549664,-0.11874276928057231,0.4006397609330235,0.055230927033785265,0.28081353543040827,-0.30059398091354833,-0.00041048444184916855,0.9959546422164394,-0.11676459070212195,0.9244820825328207,0.11798845754571571,0.41304142448447895,0.9961394382348038,1.0724551732315857,0.6893503003302988,0.3269217346035025,0.9841976410303022,-0.24184152468261289,-0.15202511690137588,1.179376314673285,1.0111297589134376,-1.1982048724287406,-0.5113044199555785,0.6529925447706653,-0.12056382253746044,0.9017902887735645,0.9310637928657122,0.9752410003368742,-0.12387456937622397,-0.9231096725208267,1.0541670277964583,-0.27701157120295133,-0.9783047283135315,-0.34744057786974386,-0.6553642068058609
-1.1286489800194848,0.4481456648230467,-0.06287322179512024,0.9750587151837146,-1.0009640764101284,0.17563083426253842,0.7542807668569643,-0.7002224009816256,-0.4557467371259522,-0.3453809445613913,-0.7698585010043734,-0.07469890090929286,0.39505234338471656,-0.2825451982706977,-0.3241849411438874,0.8528668685480736,0.16215062914455206,-0.7437461598248891,0.4070347432718428,-0.4572965239357945,0.48056802559555134,-0.17476720938570986,0.9240167699553149,-0.585409615051243,-0.7192787955710247,0.28781599272908903,-0.5058823460165934,1.0584914398248326,-0.40723048081866386,-0.25318758896497623,-0.832096779965379,-0.7220692223370099,0.8088371474164356,0.6804210811502127,-0.6126149559459743,0.8824307994698429,0.6495762009887516,0.6617650876771819,-0.833405314752871,-0.23743917290233976,-0.4547625065459256,-0.08594005093420952,0.626057060756559,-0.7844157187184065,0.549022472499144,-0.5968582557124134,-0.5746348169999762,-0.02913461082858867,0.2153112679536493,0.5937030715198613,0.40529095640216023,-0.4649439286128647,0.9180479392068193,-0.8437203929315003,0.4819743521880889,-0.9512238437798703,0.4246955480085602,0.48618236962234185,0.4423062419734764,0.8921532662475848,0.09061861110545597,-0.7736181071714912,-0.5738631978396319,-0.9031889921223901
-0.5350188468606221,-0.8754366613874729,0.7704949559332124,0.24804136257758588,0.5762137958557678,-0.7654132431193035,0.9188318438786234,-0.624396066252197,0.850617480779457,-0.046470750857032415,-0.8787391748619631,0.49831939700900274,-0.538125419395267,0.2935614071930772,0.20812327584626336,-0.1692548573542668,-0.6106086056370644,-0.6126937967686897,0.7128942745671231,-0.24829895376046046,-0.95704763667716,-0.17561273925670542,-0.3480553587402883,1.2270178941893366,0.28581314869058627,-0.6459188237154792,0.8856395865233876,-0.6162254739184856,0.8019660516742926,-0.35479283916885307,0.7327776755417019,-0.009067648096094118,0.8319349815392943,-0.5372103281923496,0.5072275868618698,-0.36873726061382844,0.009701588422421675,0.4970751368662831,0.6494227781823496,0.9839220033907894,0.6483884109404708,-0.39751751409946834,0.18386276969064527,0.6017228859140825,-0.07595986244570498,0.6432404257078997,-1.0101648988321452,-0.45443713495669,-0.311023135503351,0.3995472632889335,0.32099417357291044,0.7635739716852288,-1.1536614171704451,-0.7418229410320397,-0.8636019709693772,0.8366319592280624,-0.6911689544346353,-0.9277034348209888,0.3694610253938414,0.10051244505423221,0.7732175026311431,-0.34316943406367245,-0.07719103210508015,-0.43006158415031404
-0.06510850788349375,-0.7468863446715096,0.39930242104580177,-1.583340115140429,-0.15124446515285012,0.14385275801480424,-0.8060648472420835,-0.8097011339152705,-1.076461567434942,-0.8417355863728101,-0.26336917224141265,0.7719635238371498,-0.2697946920976089,0.3611246591134908,0.24947603206720886,0.4061310285347077,-0.3846620114302706,-0.43001371597027466,0.7812126704879617,-0.3876251765823881,0.7426275951375192,0.0402583611743935,-0.5788400275683891,-0.4125657105679539,1.085119345834374,-0.6050102122351393,0.09846915668450891,-0.9243869101732359,-0.0398648993046493,-0.6778814430431842,0.7018831100899442,0.6762256681107145,0.01735123601903182,-0.3522807262913394,-1.2595067545534793,0.9271813553453085,0.15801449402742349,0.1374983278075777,-0.7571270237205753,0.5305086536569057,0.5374387811983927,-0.49138054976048423,0.5170018361026303,0.6687635655846412,-0.7861716188748118,0.07629829887441864,-0.564362651178831,0.7255780325971263,0.42761545311212235,-0.2479313251550139,0.3338257070653141,0.2602602504125267,0.54164237250781,-1.4179564025833082,-0.7603315392948514,0.1626723920081212,-0.7397276245202113,-0.9870054561199154,-0.6439092109065285,0.5848523186611789,0.3853064536900845,-0.8887595596846087,-0.7918401554707086,0.3039672288247773
-0.8764707198247612,0.38778302783100155,0.22564793682655254,0.03520213656707388,-0.5919210387458402,-0.6055999712839608,0.9088177816348101,0.28168994264618274,0.4532635505543895,1.0745048767647247,-0.1999623180960175,-0.13680337919218497,-0.10816341803977164,1.272546341691232,0.14336439077543953,0.6439746696735705,0.644653029106565,-0.49888964185684165,-0.289237468348864,-0.5074538932564688,0.7674690596524743,-1.3175864878424792,-0.12641035382985455,-0.46516128270412715,1.0055813162319585,-1.0830705340642277,0.4375974134093479,-0.7649458783045422,0.14044122835575976,-0.21959491909089765,-0.8756747447235349,-0.7727475545238838,1.0283943499028956,-0.22369017961657006,-0.9317628793488058,0.05768954465996092,0.12007014367171302,0.43803028619016204,0.8626742616236116,-0.35762112999282786,-0.9990087485024937,0.06928446490900798,1.0733107158135662,-0.14867336036986226,0.08889358040579934,-0.997297516104518,-0.33498857628636114,0.26427952694196105,-0.6124356379342293,0.2500134869700313,0.18863032242415403,0.41318791180328257,-0.01707600745134039,-0.7308089993823647,-0.13740970545577103,-0.7133532717357292,-0.23902164859629177,-1.0817995213263407,0.3112035294035338,0.9323365212743266,-1.0712395712734484,-0.133313843297798,-0.11948258179647588,0.7526354054740861
-0.6026096197160115,0.28478321178093874,-0.003806741697562575,-0.6378294424839354,-0.61534385484455,-0.2678240908203568,-0.9541576568514399,-0.39965935374421896,-0.483932435220372,-0.09934023136100896,0.7260700091226628,-0.5034690609624656,0.09731690663535807,0.1415520118853152,-0.537727183484679,-0.5346123567335214,0.11580098255925556,-0.592320775663327,0.47725615070969785,-0.9286763658008468,-0.5678456512373288,-0.44326585506789895,-0.7395574778136389,-0.6880815442231382,-0.6738154670762357,-0.6707578334244945,-0.8883116773721356,0.4486242486954333,0.16334529451241162,-1.1903834353999307,-0.12152435968552387,0.1833974832964953,-1.1468344169466478,-1.262372957539259,-0.23915088618630803,0.7760275206492478,0.546284508813265,-0.11142439867791168,-0.8596890536742119,-0.12612179811072416,1.0695505631047824,0.1785933921285993,0.17434732342735296,-0.6450651517692761,-0.12073222270692129,0.7707475399061758,-0.4981875067874122,-0.1764141199153864,-0.47084378671497334,-0.5286921837318684,0.09420165657489883,1.1537294420768025,0.11174601483287099,-0.2723655134244301,-0.59655963482613,0.26007678093477166,0.05676075256875408,-0.4455304057089471,0.3112268495726582,0.10511878968528583,-1.005124253205461,-0.6167834855532721,0.4486588722205511,-1.1819792553408435
0.02084274428439231,0.8298824147961584,-0.7280799747370034,0.7366275905648323,-0.2818451000722844,0.8655825070529717,-0.10343001810082506,-0.5198787822815749,-0.49643145156348756,-0.5925377939845605,0.749088305201309,-0.5191348287581716,0.14652565818850785,0.24305942090786123,0.35160190235337946,-0.4526766910209465,0.7441370907824767,-0.6205609636389556,-0.749217324841846,-0.7767988708934368,0.041758165242280654,0.9931989654951777,0.7590742435772534,0.08704136997780715,0.8651948788420404,-0.4677381468827665,0.3893702058276589,0.8127540085701309,-0.5897101376699766,0.04519917985512145,0.6095592212865741,0.8209693537944245,0.36976765053978833,0.7609262947300887,0.14122942763077517,0.5476562686994167,-0.5592938941690564,0.7112732454814842,-0.9685119024861519,0.32312835204216384,0.30815458263919876,-1.0177536164266467,0.7189507129274676,0.8632867468636944,-0.5385036159407894,-1.1557727803305575,0.08992216425712032,-0.37189869596532377,0.6162906171418636,0.6013308564661952,0.8425377948102989,-1.1447346270646637,-0.8766839345348179,-0.36251746978762245,-0.18728791736700193,0.12573301882924387,0.14567773734281078,0.8712174003865052,-0.2790677067354058,-0.147343879632623,0.2101610327318482,-0.7891446403978719,-0.8054825110778889,-0.7334654513346976
-0.736190918077938,-0.7867880762124372,0.7664375093691103,0.46858214460436914,-0.9356393522995464,0.09535921265062253,0.043409494946197044,0.9658393953454134,-0.35318726048104787,-0.521057087926737,0.23059738996268805,-0.763273053038704,-0.7100107966251897,0.7255374716762132,0.3839925530361225,-1.0643531389998222,0.4005204923977903,-0.93566765667751,-0.1943922472682009,-0.5943848866328245,0.20068611549784865,-0.8531297657537444,-0.11676077786298314,-0.5012593077904974,0.13732139627722184,0.1899344667339096,-0.3573340645617294,0.12373676193422059,0.7180508304684928,-0.14257037147732515,-0.35245060060209776,0.28536324642037275,-0.2370744565642983,0.8889068780224089,0.886149079387319,0.4515335601451308,0.03879180109692997,-0.20920759147496862,-0.29017332299489373,0.3770879585746507,0.09868711742542721,0.2671224799927379,-0.16477533387531507,1.0302629667923286,0.211573276389755,-0.5371071441708202,0.29556909706565815,0.8624704453461209,-1.0513623852302127,0.8132500564874187,0.6180402721413282,0.2705576837961865,0.01255436853926911,-0.06282119184454156,0.23212425311841434,-0.07308384574639802,0.27982316887224634,-1.1605262918572337,0.3982342151524451,0.4472431981543381,0.21064988241682767,-0.20241726958771175,1.1409717973630968,1.020538159210878
-0.6750028198797544,-0.15296667905506872,-0.3947875060506215,0.5912676164392272,0.11458426192658541,0.06243938919519404,-0.7253217885524895,0.5063040321277151,0.2585662921159946,0.3217508587252807,-0.6216952327717481,0.34940758135839106,0.7441617318741164,-0.1731583174229631,-0.47773979352241436,-0.5452702435160055,-0.74460936892067,0.16677833229443326,-0.8823112385319146,-0.45856819042754776,-1.015383934852511,-0.04858295004164343,-0.5304285882796375,-0.028806933742967656,0.4600869283808865,-0.17855579446846348,0.47261094026830475,-0.670917582481916,-0.07015373097829751,-1.0457457889388884,-0.3868955357439854,-0.2926758741066617,-0.5732718006694434,0.6543558623617625,-0.8301161765944322,-0.459795466801756,-0.19002802687826192,0.1315749651618782,-0.3272438365035382,-0.3756422829367354,0.4208679428732968,-0.44071090858854167,-0.7274316838285851,0.9082323614392208,0.8643906365906783,0.7864647239972059,-0.6888782090689496,0.4741671919662648,-0.23935419127550422,-0.7192611438536852,0.8469845677770397,-0.03515923469418382,-0.1020949361714985,-0.23580576755677451,-0.6940724817207728,-0.7585314900565799,-0.8871609561255608,-0.7729461532294042,0.6690476397970337,0.18645049352882048,-0.1820393685219728,0.9999511942152115,0.22665123889815197,0.8189351978236978
-0.827992400672707,-0.6498159853275621,0.08037462254084766,-0.352534637555431,-0.1823983599823046,0.2542038783532361,0.28242030306900584,-0.9304042936799982,-0.9884564247825343,-0.16554290384298512,-1.0967578354856646,-0.22180559540629918,0.38072306105875753,0.518657457539943,0.8728418262320594,0.6878445204510133,-0.5907933890906275,-0.7281112614203568,-0.08928534861237883,-0.2052262191483007,-0.5444432980117869,-0.96314998620432,0.15451784406644617,0.9634552276771469,0.8282716013953575,0.659272149482268,-0.05530437837664458,-0.7474110980071563,0.48547261944148984,-0.8343227129556187,-0.28942988447534124,0.7537477714645803,-0.7545816624025578,-0.2627477249562302,0.4107655541148764,-0.7758793956740437,0.5154507642309694,0.009455189269657894,0.12123298944710603,-0.6315598273994808,0.6105266621391614,0.21207625953696652,-0.11781621176769418,1.0837460216221009,-0.07662232980348478,0.9297809144900121,0.2750839382180057,0.22915120195607186,0.18339090755813375,-0.5215748956822467,0.5788170556404539,-0.40161865962938714,0.042754337885780716,0.306803538413057,-0.8986807830540076,1.3519315521332678,0.9257975335173855,0.24762845213694878,1.020625556023496,1.29969930498754,-0.8506636164989748,-1.0127768034523432,-0.26619357281575223,-0.9878697465760415
-0.36190225931641906,-0.6844388365078253,1.3067149718596662,-0.126433794043668,0.8436333233017335,-0.7951798545482022,0.5861436091344638,-0.02120793461377441,-0.6922753265136663,0.006341926139625725,-0.3564128946236271,-0.3070358617808496,-0.6675795083654208,-0.6059852959007186,0.16681566373348225,0.14331298139226298,0.12628343337774361,0.43017425227117473,1.33055104248087,0.14889746972969795,0.013073745927359316,-0.6470144652971113,0.9864804551360806,-0.2015718770967047,-0.26504570523362664,-0.9472032619942741,-0.37165623170869383,0.541375260394012,0.4022465861185263,-0.7963600327310659,-1.0942926564246451,0.4605454800124969,-0.752198961789083,-0.5105978503190407,0.21688658049720383,-1.0483140070408337,0.6598714827792441,-0.993803975042541,-0.25206229443856365,-0.5278849790666754,0.746668781251092,-0.4017239883712859,-0.22290955227943116,-0.6760346286684269,-0.7346323547447725,-0.20787965893930782,-0.4782218703713211,-1.6311011394970647,0.6172426120682681,1.0038100390234164,-0.6464956679347765,-0.9997228273289148,-0.7632767660194146,0.21441152662481167,0.5108133298688879,-0.5057361754293256,-0.8447529256177145,0.43422498826685507,0.8038768553802793,0.1303974558749989,0.7690520152540892,0.6223456194962547,-0.8060440277920292,-0.3959251662768353
0.42960917186708586,0.8404480596895471,-1.3406718312091472,0.2808705600025669,0.9488785446302065,-0.3107329919749406,0.5395537118771229,0.5353646188091089,0.6869549313806057,-0.2168939391707565,0.4120388886867153,0.87307138261584,0.14484918666082652,-0.7108090984081907,-0.3007647737635139,0.08740844957206496,0.19873068312516004,0.6665221135851125,0.5335928448279325,0.21866766754420497,0.38758731062408636,-0.022957833140934344,-0.2201184898662912,0.7107630646426875,0.7870097976001225,1.2401467786649485,-0.16250489067554713,0.6709383415772541,-0.27055223955886065,-0.33217135461478614,1.0501963821464104,0.7256362680874219,-0.14666921602576913,0.8606207859480968,-0.11788948076268962,0.9547525832169678,0.1672415804660896,-0.5926776389227206,0.5521153569465449,0.2519226594780002,-0.07353375305644964,-1.0885471680663563,-0.059129973373526636,-0.21609393500325116,-0.23055367946329028,0.23520628990883,0.5921502500195689,-0.18875514564888407,0.12467895545045381,0.4210692080570145,0.9595953283041715,-0.25052831485253557,-0.2921299435617154,-0.00605713581027773,-0.42168203648558084,-0.7305946390059935,0.07338807294637156,0.2869644722855256,0.22400778236695368,-0.4846990153147678,-0.1619054316482905,-0.8797097303817396,0.5394815003635132,-0.270672667887254
0.0875349973529732,-0.5583560690216792,-0.3539898961061755,0.22197403524063103,0.3495757284544099,-1.0849680785205436,0.12364364430429312,0.620191721097664,0.08208875361949441,-0.4436191030406222,0.10927206692333266,0.4122006015269979,-0.5638709019627451,0.916618073808351,0.8893890887686197,-1.0928746081480967,-0.8139623512591776,0.15397822604679368,0.8572234542421538,-0.7250700775485989,-0.5332774050536442,-0.2121168510284295,0.6048183141924514,0.2975633286322569,0.8245357574806792,-1.0632297646494102,-0.13870919678929994,-0.39035240967765933,0.4179832605436095,0.002676847578231924,0.9681741262027798,-1.1052575862282983,0.11388566150725697,0.276221872938382,0.7891247566010298,-0.22874679618985963,0.32818805420383124,0.01838644465868765,0.9381956036431405,0.2607372151369096,0.6987197952005035,0.9799279603392215,0.5794909102632374,-0.7986350447418075,-1.1957937528705838,-0.42830631917021156,0.879412574744044,0.8102686554308552,0.6548504671097287,0.23872250246348764,0.3563141454489604,-0.06574752353807717,0.38089544399565817,-1.0359193772613196,-0.8904896727857153,-0.6922383155761607,0.6580551628886531,0.8090563383891165,-0.4600284636095948,0.5057803904446438,-0.5042923145337046,0.17066871097389158,0.6628044461108954,-0.7214075397234243
-0.4878975650547293,0.36385020723952594,0.09796471908824175,0.055384493211138024,0.003734847198819323,-0.9080722218778394,0.6840006036421874,0.9480924562579316,-0.764112869868474,-0.2331875032881357,-0.910637994827324,0.26542764699618404,0.6159339848516372,-0.9009219806491865,-0.5003131319827542,0.23712817108314613,0.8399546412233856,-0.4839228459304275,0.47198114165838073,0.8327547714414042,-0.5633398054284617,0.2676731005421766,-0.17149317425401764,1.0026503973740382,0.13870453755997356,-0.3056612541615822,0.5732709536753376,0.5744677168993555,-0.6642647895764795,-0.9713454173361616,0.8867390003404593,-1.2753311834287964,-0.6811854160326825,0.28736658580141616,-0.5537170798852431,0.1911951915966327,-0.5962059472455865,-1.03806691766207,-0.736428802956026,-0.6999494684996987,0.2452459848807591,-0.06450881167840782,-0.8216726559477378,0.9036717683397556,0.6566150778146004,0.46383162599813943,0.8507250103083294,-0.5285231537940612,0.9346356220219832,0.3444207646189513,-0.20873158314204435,-0.24891906583627513,-0.674304480252397,0.6560173566597552,0.6207316368877405,-0.5822718794865347,-0.04080196526104109,1.0331881129953286,0.2790622399395251,-0.03518787221185478,-0.8422719567277207,-0.9248565163278033,0.7318276582533664,0.4168521613171819
-0.45040235279263047,-0.413913967534871,-0.675881293463602,-1.042395093614099,-0.14027641352999362,-0.7596514251289617,0.8702557205465654,0.6681052691695071,-1.01556614204031,-0.2197948047020441,0.6254282111893701,0.23220889092075264,0.8275611048605975,-0.6602903330203076,-0.06484272622354803,-0.11935630192939409,1.0974446425491393,-0.061870351982726994,-1.069905723995326,-0.2551881240736358,0.3224288640844995,-0.2647868334771155,0.37974884023355837,0.10153676700289306,1.111535070395921,0.684458997971932,-1.186308257503551,0.7080520924220972,0.10699478948521449,-0.429293102838332,0.5758214845512833,-0.7412604924945116,0.08823822204740328,-0.4257550772533991,-0.15039801638288566,0.6664318114640239,-0.28229618302289905,0.49933380345795547,-0.3156112174062017,-0.1824265000200369,-0.09811247518116255,-0.5225649866770498,0.7569420846387661,-0.8423501572031334,0.9691511425363365,0.7741874143641868,1.1338108260646682,0.617329619750717,0.29801337623906876,-0.9804843719302236,0.5314436779040093,0.9418050315756581,-0.939046986196694,-0.421605984442825,0.9866796124690786,-1.1804572969457894,-0.6145752552651044,0.2704465564713081,0.5978509069443185,1.1515217975556578,-0.656295777266445,0.8644489509523213,0.6904891770900617,-0.3705390087464401
0.764120603684934,0.14450354046484928,-0.9542187342898631,-1.156405117736843,0.2940730352507362,0.45369042292179074,0.0803049087194365,-0.06195133091677831,0.6259829721886832,0.8573880126525435,0.4086512967812467,0.4860810465134199,-0.4997904659229928,-0.3170755402053886,0.3960547161466372,0.6260047688714938,0.7491109758536346,-0.8256983265938279,-0.2180605358861447,-0.3295082865141313,0.7948104473149319,-0.36828161563101525,-0.7933239617043739,-0.6900043193937416,-0.34156665701863914,0.7345296051401504,-0.06353619324552241,1.211312516376276,0.7816379909004693,-0.8989123708417683,0.8212290954659694,-0.23259180473801622,-0.04359924636619669,-0.5760913107040764,0.4043839408552311,0.6789845189244316,0.18197068126691252,0.23840598504626853,0.7975801036286526,-1.0031229108679935,0.5853513828339677,-0.7959219497497062,0.6551345236227482,-0.2996653388915649,-0.3687232548055536,-0.8824087758563007,-0.3777111402614731,0.39336308583298063,0.883616784913218,0.7337513135305552,-0.1665739904162987,0.8814331703401533,0.14444642787495926,-0.3088412530638814,-0.00018353936683313516,-0.46149622990139133,-0.3177918511389433,-0.7278156446441287,1.0777091904053004,-0.9205513668073714,0.8565057319186178,-0.7266616548807189,-0.9739760847910064,0.17530702210813184
-0.6351751092877811,-0.6076848819426416,0.3745561482940185,0.8636161955192826,-0.8838114117140972,-0.9522387328014531,-0.5566428814982147,0.38641322515451465,-0.4570297830735873,0.378971081013354,-0.062167956966115386,-0.7538531606155189,-0.44666086210704137,-0.44537957054500754,0.13001551724876378,-0.44324702958535245,-1.1938076004721079,1.0079893822883348,-0.5505720544443112,-0.3363130540101838,0.4751248021621547,0.18907741677546575,-0.4311436895013836,-1.0952502391476442,-0.03086290536707878,-0.5787228689662643,-0.8664019689532964,-0.753887390079279,-0.7985578900797955,0.6457679844850527,1.0022623870520975,-0.05950096495987809,0.4792150879822754,-0.8694652412542577,-0.0463163460788765,-0.6767427578496642,0.4299948654541277,0.028577864305771524,0.10440649974917361,0.15587706765689713,0.8496313861068802,-0.5910234178626325,0.04130122193055618,0.9005811255309496,0.7443658084428366,0.5371925277731873,-0.9035816864716,-0.39260953471945276,0.8972050699323276,-0.571864959876501,0.5778095817477448,0.7996937443416879,-0.18787621080934702,0.74546651715665,-1.0345159446875065,0.6831299885537583,-0.8066930026430935,0.4480753141348938,0.1257995909315306,1.4032917698532612,0.6744334841838109,-0.91678125538882,0.6764596903052127,-0.03191029054056578
-0.0702206975277421,-0.8362885195474018,-0.556099333478765,0.4438694267421268,-0.8389277594453854,0.13112667467315578,-0.8502436479778253,0.061844475467479954,-0.572052676450722,-0.5914433048808146,0.1799536396173292,-0.16600954872941961,0.5231498288851216,-0.633789856577046,-0.03705358886825575,0.4063472096722017,-0.4749252690119441,0.054421943438201954,-0.616881645584514,0.19302863145411253,0.45665016554057103,-0.17543856340750966,-0.5207575561975109,-0.31801733624147366,0.10327054439008396,0.8582673198978765,-0.47864254650041177,-0.41923207410235874,-0.6910063236742986,0.43150709353430305,-0.3558815189971058,-0.5811877229798664,0.34988569418073256,0.2527635869803424,-0.07619415228685761,1.1947082974808467,-0.5465529386908295,0.15927456972096207,-0.13517532968157422,-0.7806331954006208,-0.022213366409773956,0.10767899600234059,-0.7263067916919603,0.16752107922891726,-0.07042866565241801,-0.45821139087341073,-0.9593872516459768,-0.07137389162218886,-0.4784636837332068,-0.08313247687323753,0.8209305845397655,1.012678268377954,0.4149560325886752,-0.9500560861835332,-0.07800712087424846,0.13465470454972567,-0.6326180112309916,-0.8527311561175457,0.14103728591176065,0.10929541941324046,0.6967244207791706,-0.6217462324469133,0.7764050731979582,0.7762662885891837
0.49483720300127104,-0.1495602140574896,0.8708778186386014,0.6879495076872014,0.7574826377951069,0.5594150479071961,-0.9026685812319345,0.21753752791723083,-0.5781331830000165,-0.10257487686981089,0.5548495979452807,0.7037419347506364,-1.073131001137628,0.08316861894654726,-0.13304656957722583,0.9690994944013501,-0.10958214366600683,0.5990078620109182,0.5924368913790895,0.3732935546215762,-0.007472897752222514,-0.10769466016497285,-0.5326135925184974,0.2735360145495356,0.5806543211468963,-0.31174604028847325,-0.534975956141986,-0.08406139757177147,0.14423942174674304,0.5468486904568,0.7830717211735645,-0.21379584766975818,0.054495472796809566,0.7659952531939895,0.9637309347629094,0.08247724948446242,-0.5835192354691432,-0.6615434805607272,0.053449091579759626,0.5919751682563764,-0.37851047109243835,-0.9589612626972807,-0.6307397608342211,0.9294515428936894,0.6080773192304788,-0.5754910532279952,-0.6687210493350593,0.545564257618879,0.4540805718990101,-0.7154803216765897,-0.24018423980355755,0.6862034025695934,-0.3324722055889911,-0.5671993717550261,0.816330140830998,-0.400953551867775,-0.7652692815696067,1.248382381459231,0.3552392205565596,-0.24886067962636668,0.7556577819102759,-0.933928900492623,0.325695451236338,-0.5517770217470848
