-0.04690079204789277,0.06737201699313533,0.9815446073419865,-0.24316517922356473,0.6638658607878967,-0.16145020756402007,0.9609874405069136,0.18715002740308995,0.2267583883924149,0.2959855516045242,-0.03252686364276003,0.20482728572795939,-0.8565711555892732,0.28262265097990635,-0.9473738350374372,0.10312137034333779,-0.0924122706441266,-0.9092274579272113,0.9479574175940397,-0.6240649785720302,0.7585151211086849,-0.6782252948981393,-0.6333465246700731,-0.15491249110908223,-0.1612044936330912,0.07578218468524556,-0.0981231994700249,0.08622936805588499,-0.4556963135330738,0.589205880945773,0.57708601723096,-0.9361425799283216,0.148176236123726,-0.410500540063117,0.25598077303628597,-0.7952974468511891,-0.14875956885886965,-0.2774308954267626,-0.7731225737809657,0.546698571241192,0.81978112886769,0.5454423470043963,-0.36737379440583307,-0.8105058069047297,-0.4053864512385277,0.3202335652927699,-0.6580414249804762,0.8178713313098722,0.8002036644753499,-0.3794552576557082,0.09562660004491952,-0.7589476509941688,0.5051714458712717,-0.8671892563566879,-0.5453143520177486,-0.4896895483781749,-0.9611086966731872,0.4728357767087068,-0.7727824684877114,-0.5508316077432875,-0.07280364668339434,0.16740592738225213,0.9731319876360434,-0.9999979121722258
0.6801895957895225,-0.551201320235063,-0.5620323873702524,-0.12491183482541235,-0.8905359133058521,0.10866548600182435,-0.9268288783634004,-0.7127582035770161,0.002451703949754469,-0.394424678565759,0.3648346519446579,0.4709222889575544,-0.6119629332583749,0.24244432323069476,-0.029523092275002938,-0.19984562703919373,0.5615348842455952,-0.9155955151193143,-0.6768873356563976,0.08691720868846575,-0.8157353265061182,0.7683485362965252,0.676770531269562,0.39874657324300156,0.8145899052367727,-0.4104835229512245,0.5686880751003629,0.07170465330733755,0.9592553433739828,0.7815545352418298,0.37344169380715786,-0.25012672503272726,0.8977474402356351,-0.7318051604354994,-0.6483797930512243,-0.30198571294177223,0.1693814109346734,-0.4603830165678915,-0.7121033440412556,0.236681476015701,0.2599433992036768,0.8229514180183624,0.5722763913851399,0.6783348466594128,-0.29631968516244567,0.30304166085356643,0.5021121423680244,0.41692679038813063,-0.31780173220861063,0.7720516444803549,0.3038476401049317,-0.22299546266144232,-0.5477171309379687,-0.47231728728228983,0.005765459807949291,0.5846940232341011,-0.5387005360705113,0.42499689877209734,0.015643938591293205,0.9666906946898535,0.22012485931764925,0.17110056187224698,0.7300927040429648,0.8089987667746352
0.7892300970988453,-0.6148666680186905,0.8920132980617388,0.507165955826445,-0.2897950016167714,0.6844591660733492,0.2079284059329316,-0.9079225505680568,-0.41851057973680983,0.16467280581306598,-0.9095248218310781,0.021562254698359595,0.18173182518719155,-0.06559865983268276,0.9964067838430677,-0.7652946504442506,-0.7450682853072268,0.38608330534974633,-0.3610968436273796,-0.5241871807287446,-0.6460667210573738,0.7014943113319076,0.8936697071705992,0.5090864959176573,0.4158635276394209,0.2674235215867842,0.34306243098104283,0.9443058706485319,0.216555615805768,0.12327971443322294,0.21822120543623158,-0.5536892635865587,-0.7735917887022989,0.8791042457899947,-0.4332718608018922,-0.5835910038560945,-0.34256193951468084,0.6722101823638242,0.6817647227388826,-0.3246602538954506,-0.9193671401106414,0.3543078912343225,-0.9846916026174437,0.6681114583718855,-0.592240231619992,0.1376299836349686,-0.8498130169520468,-0.6490373895325001,-0.593522889660903,-0.8324636149512783,-0.014338099690657025,0.93308922815309,-0.5271395714793101,-0.8675449299405857,0.28346343826923004,-0.6073523174280959,0.38427743384292334,-0.531152713246374,0.6663734286567122,0.30320899176242255,0.5315763579605646,-0.9158559955769394,-0.06976218132099676,-0.09621407100719948
-0.4051715580279618,0.8733140581408119,0.468630294386428,-0.3812740378620705,0.34505050296507966,-0.618529219321484,-0.43967577581948847,-0.6972401622900899,-0.9209660473634256,0.34397134055233236,0.41352848770598527,-0.6773157094392075,-0.9850283337964301,-0.358491538019136,-0.354472378652372,-0.36187232155357374,-0.8678003778660577,0.23900091976622306,0.1955331330903507,0.5595797842743828,0.20835911514707472,0.9393745326073724,0.9530996494126587,0.13446288567376063,0.17175420784736706,0.8072786194890875,0.3379743634809047,0.5809066596071866,0.6205681155012588,0.13472507005181567,0.7811148291901238,-0.47929637893057153,-0.10778279357596365,-0.8478704427894677,-0.802917887102859,0.4614755467714504,0.9226204679627596,0.14829265887743404,0.1536126833910163,-0.8367779966081406,0.9803228446203867,0.5589429655449005,-0.7075951727102727,0.24544446021606658,-0.3159833911141292,-0.4819978090509087,-0.16456283010298933,-0.297287179883325,0.25444911110225243,-0.6316750797476618,0.24039062854380022,0.3113209701972428,-0.3843678179088206,-0.8286869670881354,0.4053053231570449,0.12769679690161562,0.9714307399415025,-0.12084022791534355,0.9863083494847364,0.9337738353576108,0.6975671183655938,0.8970693725899916,0.8681388557048522,-0.366436700226179
-0.6389690541626591,0.8446847360860554,0.3153663841553407,0.6288004072037601,-0.09474446282234239,0.7489519095261639,0.8312267086117568,-0.2996059786188756,-0.5317265881696236,-0.717835041147814,0.11380655681637819,0.5402560213901337,-0.6975175220562333,-0.7047507996125353,-0.7719381861614336,-0.4517497825303418,0.18848713568576025,-0.1499159222332429,-0.5531494350653798,-0.3822163975713482,0.2842385295162939,-0.3706876212327568,-0.6168625083113597,-0.004484716413506895,0.7598441722305582,0.399974339887166,0.43341988051709923,-0.2934257077944338,-0.8170696730785099,-0.4678857228095854,-0.5979890047811323,0.6496007683079437,-0.038157919992391154,0.28860894279474514,-0.8555159941671071,-0.33233227553859424,-0.03589406342924595,-0.841352368524074,0.4936175140216388,0.8734127587190641,0.8664041718205211,0.8331767586770094,-0.6885618187682454,0.41557228723831363,0.8853045195589144,0.9587878541345138,-0.7154287027847188,-0.649415598904133,-0.709709850202886,-0.007620519283460192,0.31221487440823914,0.15229000081690391,0.6625748082680172,-0.9869313794017862,0.06706331866719628,-0.6810326482873945,-0.6313365578884058,0.3431226147017381,0.6595671553920377,-0.5821613682810225,-0.4710347205271024,0.8606478128118629,-0.049389395839369854,0.13775513293041008
0.6197220047249639,0.7320157146957966,-0.9423749908318835,0.5622865783307125,0.9242756971738519,-0.7466916735706466,-0.7355909530140856,0.9268265481900724,0.8010968192319206,0.483525837549172,0.5843727698254984,0.577935682658963,0.10675625199368932,-0.7217384881305786,-0.32925680930689905,-0.24436233596120638,0.19265310739240626,0.7989576844209507,-0.5829605503543012,-0.6237220516883095,0.228558875157284,-0.09953871626484356,0.8621449497906204,0.8084554937347714,0.25492786314188454,-0.4260980135758914,0.010079018719548527,-0.9854201033141379,-0.28415775765310114,-0.1877572550731288,-0.04416273308803853,-0.015354869270562732,0.23819592269787782,-0.758655423414301,-0.3597051096449413,0.24571302972135678,0.9197117342267711,-0.5009101175229216,-0.687922135982213,0.8202878563665574,-0.16915223658744893,-0.5136166708095977,0.36661305645659836,-0.9112442197100927,0.936161643350194,-0.12464561420933662,-0.6184258708961121,0.732062987898197,0.47367126860320363,-0.5914252877388382,0.9968014279598181,0.34935559174178255,-0.7196252648400234,0.9615778323656945,-0.5003204654936129,0.2822139274768951,0.45981730753835737,-0.6056241823327881,-0.06453055816536302,0.8735283657486577,0.41244737266948217,-0.14186925127774064,0.7117490366126318,0.3073381543851583
-0.628423369341981,-0.011592949838462596,-0.6389013337053497,0.4391770585856991,0.829310631783706,0.7305855185275021,-0.4729075736661901,0.2811010355271628,0.5218418375613794,-0.20954684304344307,-0.93848695707485,0.5322679448982195,-0.8464044110565678,0.5299772165444143,-0.5427368755182935,-0.01245680193113019,0.6120500119339536,0.4411055449359762,0.46395197671497557,-0.8071569410818797,-0.4885423775316162,-0.22189178577459323,0.3628947563267997,-0.3177498615180492,-0.25259204769016486,0.7097147635235637,0.876037033486931,0.8378573347598997,-0.9217267020616371,0.9627622626637271,-0.020153382851025414,0.6950500927920515,-0.5230092002697937,-0.07768208109628061,0.39333974301860564,0.06686423199888769,-0.4562518317477018,0.8703287634900019,-0.16914024104271452,0.6961522870664412,0.7436663880715384,0.06864556449230808,-0.9993955607329066,-0.7478386873304028,-0.9607364439122037,-0.03833051661483089,0.4027859972140626,0.4835963006168098,0.9172547535700468,0.08320359796462351,-0.8706813733478371,-0.8132849220324294,-0.3182841083879684,-0.5856087571554658,0.7540080961129707,0.8374834743105173,0.34755938657022445,0.784966098031505,-0.07053772934949554,0.6854874242053961,0.641485805825559,-0.6053630260171099,-0.5415402044209343,0.2242235370607062
0.5992523303117319,0.09771656482222757,0.6687013021675801,0.11238012317855373,0.17893400448551677,0.10526793037077953,0.9669853973950915,0.8867955173411621,-0.6751908315221393,0.8001477966012043,0.36203906156922017,-0.6657165761731183,-0.030544331011339576,0.6991645119349565,0.13590789487810317,-0.8227748647993949,0.9797655707384467,0.16691623417969614,-0.9338177630028224,-0.24624057539840494,0.5439956325459705,-0.6219649208059437,0.061014098722165455,0.11511951770843543,0.13367197814138687,0.4723852193075453,-0.6209548190389198,-0.0740367803473776,-0.9772907561005555,0.29572336172306035,-0.328376989231415,-0.22911400849356145,0.04580961726067634,-0.8661932509631438,-0.6944017086510328,0.06682602283877781,-0.43746427518136644,-0.912856732502302,-0.975151687170636,0.6487206439771782,-0.6448042966361707,0.5026775460670334,-0.3810361468132981,-0.37099715485905405,0.4478302176742994,-0.8739538555285686,0.5472961558999272,-0.06347163916632459,0.8565205173371764,-0.2956550145306316,0.6780738807276905,0.9183555932088672,0.3331581678933071,-0.5719177255951584,0.03516713272761396,-0.46070129819764616,-0.6059390834553451,-0.22241133263768242,0.9532504651714826,0.1928483832701069,-0.2150672351877616,0.990022502067393,-0.3165019615537761,0.08980690879330155
-0.8087912947364966,0.5841701382317841,0.6027493591032311,0.04446972852134912,-0.7846911531557568,0.7612134114553708,0.2152808430076003,0.671278569357495,0.6887000170293127,-0.8448506515952574,-0.10938582649831607,0.7215992990859514,-0.6061822947039532,-0.5268684215887105,-0.784231818927039,-0.48002138234760006,0.8483079509540028,0.04171813405757563,-0.7281343694860392,0.21148776543917647,-0.2556887931994367,0.20115710740434012,-0.21032399546131808,0.28963642585669014,-0.9571900240700126,0.04951171679648603,-0.2592158487193086,0.27448265577071673,0.7899536552545814,-0.7635875089771265,-0.5528753107417204,0.23448518728433498,0.1715320550499433,-0.4451865562602244,0.16943016981985526,-0.706427856534984,-0.13257750128055856,0.8639151598628538,-0.3993485693558765,0.8199648310889724,0.5237838584312682,0.11319807336898013,-0.27284658031720044,0.08739983153552933,0.7540208115865061,-0.9649843966283085,-0.36202834203382994,0.6496528633210552,-0.1422701238012658,0.08877399759363858,-0.2670597538159811,0.37763898582869504,0.5755667257443942,-0.9185400722093886,0.14577738083952974,0.4250627095311217,0.6941015828460926,0.20788344167507766,0.7730080844461855,0.26670547596572836,-0.3362157592159192,0.10337146120592111,0.9058891065459482,-0.5443732009658422
-0.1825791097449616,-0.6756760948091536,-0.05444151023700261,-0.7699225247617727,0.7796761243522239,0.014797955168163401,-0.6922631911389547,-0.2642412926676412,-0.1164834902659364,-0.19978157608376756,0.32622904203289194,-0.6702980539867682,0.8435957222200996,0.19734955039637359,-0.10437140754512653,-0.9219107393678005,-0.8788495812223671,-0.2267294746989046,0.569932883186947,-0.06783830066563135,0.29888912470042484,-0.06637669286859094,0.08239491748106276,0.9856369992178844,-0.25755953256271535,0.2855674704052147,0.6712235029182863,0.5256795576715305,0.5869812560692673,-0.822714194309099,0.04069238247879081,0.736850076815637,-0.8414354657160352,0.28267400698802203,0.3299008218684172,-0.8420890927263758,-0.568079635247406,0.5221571250532886,-0.4182598118141938,-0.7842685172745327,0.2839333317374133,0.28500413806259606,0.9616802591687241,-0.5797036432686411,0.16512981899855328,0.1492708091968431,-0.3161196316094046,0.3647384635476658,0.5775141809993347,0.9321128250711623,0.005015121150198754,0.006884794192361099,0.29576419085631933,-0.5847516972218318,0.6375810346892483,0.5184816981001372,-0.49993353049021505,-0.37329346056123347,0.5744918905662211,-0.14428270269656052,0.008537323178281042,0.29119107183300663,-0.17426841672156024,0.8374584221007204
-0.3544473381018509,0.15138415303773733,0.20806174503753905,-0.1933583948082227,0.8902130871897103,0.5748301577104571,0.6680499484527835,0.5351676624633843,-0.6600694012651145,-0.4038315055817072,0.2715431564242119,0.7185752224760993,-0.6288146179801464,0.3091356072632532,-0.08881878981882396,-0.1476959100483486,0.44132074300394764,-0.8245321777944767,0.8682888610656754,-0.5125580417161832,-0.6597567533282847,0.7571150503322477,0.1062460570551218,0.6804335094743845,0.6206654239887106,0.1389000360849908,0.06734143436867046,0.09062197640263592,-0.9259428364803179,-0.8464277879019513,-0.7205229430968425,0.921911734138275,-0.47545687279448545,-0.8373149633695032,-0.08937635687454293,0.6987764959699787,-0.8983332527513299,0.4281623270153896,0.45524061685961925,-0.241800853948416,0.6114828356702315,0.8074556598834339,-0.6814580531390733,-0.38466590480876084,-0.025546420774550604,-0.15122770836627875,0.06949472493151032,0.9142600360772064,-0.4718742926826758,-0.8575513137704682,0.060487791341152564,-0.2267560331011682,-0.08135731991160267,0.14690121907219655,-0.6081727376293959,0.6621609227318936,-0.24585853521070877,-0.9985255849913199,-0.5493448775325271,0.0434153465694227,-0.2766452504921679,0.07343296909864994,0.1401903557886024,-0.5709237415305617
0.19578284615959451,0.4161200592371559,0.6010819502219402,0.7508540715499887,0.18790828622997524,-0.3518663504351911,-0.9959295482821582,-0.42034205468004493,0.8253367732968875,-0.6032326447058385,0.5411210475570043,0.7005104053515536,0.3735430976698748,0.9294328599388022,-0.22527298812106822,-0.7517333236024475,0.16103334375886003,0.145201382235276,0.5042701480592262,0.6076735118971619,-0.8262650957652145,-0.9678114777309144,-0.6014725857222973,0.4123641871304198,0.3825715519814159,-0.7186741561885237,-0.6847661199959065,-0.6182152372832694,0.6519668978652309,0.45530856000530706,0.33878912512234205,-0.29171886936577596,0.8961690288219961,-0.856121821838068,-0.2374621568246349,-0.18021893874282124,0.3564636938519028,0.6568612092971648,-0.563809915969808,-0.3279087660651647,0.5561961615241136,0.6386302990232711,0.3283245885263817,-0.009622279187371019,-0.17249187100913477,-0.7259826266771872,0.6588367917570592,-0.8007792345308538,-0.3288933160894758,0.5714611805405099,-0.7075845762725175,-0.6119841817771363,0.5253386748842555,-0.47457345416075647,0.1380245249762817,0.009718256607848419,-0.2244931453743244,-0.2100546097319973,-0.3855876495264112,-0.5785078713069425,0.5166896604830844,0.4098478337027003,-0.8096317707650043,0.07599889266561877
-0.9471124519999774,-0.9546176914683224,-0.5730246563204264,-0.11097653577994349,-0.6604377614794836,0.62340909735469,-0.6244163297514873,-0.34042571043736425,0.14542863091241487,0.4329468281384188,0.16402650343348557,0.9891512877449975,0.3968627804110949,0.7437934848374477,-0.6554432183829295,-0.9938545919584152,0.46358652978233383,0.7225728624641778,-0.8730606762923261,0.19754965799401814,0.8690874726922939,0.9260877157282261,0.22175927823851538,0.27132275465526456,0.6176863562254384,-0.4773143272862752,-0.7290289764405267,0.12433663087676061,0.9950643477630492,-0.1145850153297936,0.7314519420798022,0.9462610022984377,-0.4250463381953071,-0.7407656616622436,0.09287314525374835,-0.7437347143298871,0.5830386011282691,0.7146304905596879,0.7623520288647312,0.7161834113276613,-0.2413674041754712,0.8679495359766025,0.8464694326005306,0.5573514026563751,0.24204866460726082,0.6247024940892467,0.39124632850045926,0.5434094501179922,-0.05407618440446571,0.9273713149690079,0.7783250018416072,0.08747404168838835,0.19894054587573784,-0.28066868217799734,0.9278676117963767,0.8199781107033892,-0.5436416966761275,-0.9947151088271471,0.17919544891629524,-0.9438209361206453,0.23614680051925863,-0.9045896598234751,-0.5927253228642433,0.5873804293591767
0.286921785866624,-0.07945177127502379,0.6867227121862487,0.40268199041939146,0.8672324923668586,0.29289931797894586,-0.3450799490150225,0.9083120509451794,-0.7609981611604053,0.33036516215315936,-0.6292153816752823,0.782999905847243,0.5890998918583272,0.20916581884152796,0.5878429589205063,-0.7684017232196567,-0.6107100377888164,-0.3699858855103457,0.3427667103153562,-0.9559082604002107,-0.31409879606938595,0.9988909561421757,-0.5189692141117792,-0.9654416334198117,0.5265238165963324,0.21667940350621073,0.5889877034486743,0.4528953434824683,0.20703615358274385,0.5082098339628667,0.45510167302378113,0.39778040943036963,0.7710492038529237,-0.6988890114992301,-0.020365023587215925,-0.13420877861661773,0.3162823780629265,0.3533191583826769,0.07691718553732119,-0.9791627104042973,0.6845348227425436,-0.5899331736962139,-0.8951917713572193,0.8301709096864736,-0.9319611421998828,0.5812427054269989,-0.19430970889578392,0.08565939202912776,-0.5885831589508803,-0.6076896845705306,-0.27157944968690595,-0.6156154764713131,0.11264753227663737,0.6310086913506592,0.7178475167604277,-0.1496711505751378,-0.45456256444376186,0.9035936718130793,0.8713893557848362,-0.8624135803853215,0.7336355252345537,0.4336832910890731,-0.9802890756347487,-0.7235143531473334
-0.14023801283839754,0.11633464904857904,-0.3763279113822293,0.5349778978823954,-0.9407700536231078,0.31564588099103097,-0.04740517213311746,-0.9556319697929905,0.06477527298664132,-0.5876490359133222,0.5216837161374426,0.06858421815078763,0.5467203171593122,-0.12513966379847963,0.35840516045430615,-0.31139048737312813,0.4959227318260042,0.10199723382238557,-0.82685706659377,0.954760153194725,0.8507030508162972,-0.26889788320404984,0.8069979870897477,-0.9451884964255237,0.40877772497099807,-0.13139513058852526,-0.9896053553728341,-0.8428190315384625,0.2512603735880894,0.5955231573278885,0.21109922603884312,0.7575839323881997,0.6368357267854663,-0.38617532447898006,0.25884258513059955,0.535804185935006,0.7982704235512241,-0.6121963205930887,-0.7086345445027014,0.7786071431049382,-0.4468291297968152,-0.7019082917965176,-0.156173055550763,-0.5185377121632007,0.9089980164043314,-0.6908734447534715,-0.012344346732743094,0.4499778235979628,0.9864538710280919,0.621853101198399,-0.5795680996125305,0.49595723752655774,0.14655081710636364,-0.5852187317629209,0.37293142998065076,0.07178532404424187,0.8802170424310685,-0.2852212053790735,-0.12204456624317594,-0.5665284419629519,-0.9994736852061774,-0.20571370685544066,0.6319150819402113,0.4945086614050278
0.2852331143763882,-0.1204544316581102,-0.43910852321364024,-0.20346495743247872,0.7335795221083465,0.3077334395526723,0.6961713309392494,-0.09728459078114393,0.12223500390201147,0.6737718824378363,-0.3219631681833457,-0.01255050130730595,0.05787926995354753,0.768569837682427,0.1458644198937218,-0.19631160399159842,-0.913883507819836,-0.8508607301512434,0.43969928541646675,0.04265518451686279,-0.6494362010711705,0.2287204447367397,0.2481991664694143,0.03717841311813008,-0.8024271510009988,0.4214122707605952,-0.9119925826849444,-0.6754912742076757,-0.7069236249006052,0.9861422801999506,-0.5871593034216984,-0.7142788408778964,0.08373880846817339,0.06562335255331253,-0.2060826765030348,-0.9395425356757696,0.8724299540680673,0.9776108694955941,0.45613105275541366,0.7711933057622062,0.6592400722778395,-0.8100359066492147,-0.66951507881825,0.5218809033298379,-0.22673310264766067,-0.009717283780953156,-0.9651532490320969,-0.4303076587126651,0.21907213002397885,0.10479013083444788,0.22561921060107437,0.9844563872840759,-0.268050152209927,0.13269193557419467,0.48131924321874986,-0.6004918162481103,-0.6844625330540577,0.30348173381049026,0.397442886399229,-0.8079106208760947,0.9150824660971568,0.6342829906279825,-0.19623190137669977,0.4272370305498878
-0.9004333587891442,-0.8238911588668072,0.4391116936180175,0.9204091747430783,-0.8635545463522236,-0.6584576099215891,-0.043182946048710535,-0.6617527454163534,-0.053945420055326876,0.44973463288992677,-0.8542747225040044,0.011470360979639604,-0.25174223218266634,0.3714662523230341,0.8101747899315905,-0.8925602027714847,-0.3643551088521384,-0.25790063701936394,0.11884066443672481,0.04204651607934018,0.49659443927125535,0.8115166357448107,0.9432801708465348,-0.6809683461214018,0.15866786767998975,-0.008000339401107226,0.806279275586377,-0.18152370855740863,0.7517382595059896,-0.2425655132568465,0.6931183598247181,0.05048308103686794,-0.06399808421610009,-0.4566749069896041,-0.1824267049847057,0.8594856248103073,0.04345060538953116,0.9934109615366264,-0.2879159291932236,0.4898085413328468,-0.7427612634417058,-0.660198823042365,-0.23498740945308705,0.8939488072417154,0.8543701134449362,0.6306862136436535,-0.3815089487891885,-0.6850802099326829,0.8873937651782935,-0.3534071406778445,0.06046792212763341,0.2387434133130193,0.7243546995797381,0.41579021015511564,-0.7966715369666815,-0.5571483841103737,-0.3951632492541808,0.19257674439984207,-0.46916833323771656,-0.9314033604003589,-0.9280608406413837,0.9738277257676788,-0.08872135878904963,0.4430476299570494
0.9439077126100903,-0.5833937390343744,-0.9943303258905369,0.5271235595916743,-0.9727141353873812,-0.31283823073789496,-0.6108481543518456,-0.5955173462992216,-0.5562364801620605,-0.3866753740937403,-0.9756182121987793,-0.668750339714169,-0.7667517132472075,0.201263854147111,-0.8858731244264362,0.125160677100997,-0.2383973962501551,-0.7602650555264114,0.22903026734966025,-0.4643991735427804,-0.008467694057288755,0.6939266194158531,0.20232272017712116,0.44098571618184224,0.35894949189006287,0.22575001508547698,0.1732691441119203,-0.3348822913708529,0.08787955415326287,0.5122695113427442,0.26900042051534934,0.4131653006486986,-0.03322847363748349,0.16221945136164706,0.9544880623134775,-0.9794529385555006,0.4380890037059888,-0.014748726912217291,-0.013299447527576502,0.8862030738438953,0.7068789298683431,-0.8404191518916424,0.2768309965271931,0.9116195143596924,0.8934050666286053,0.7187482008165076,0.6630537570135107,0.3833411262696602,0.10904753745350515,0.29072583097397753,-0.3825754068353937,-0.2340760814844196,0.639141458168053,0.292286773982815,-0.3367471515646554,0.03585066098246581,0.3717078666992595,0.7387117632504696,-0.8570377548505677,0.8259348966602469,-0.034489003921641226,-0.8393381820936587,0.743439940571067,-0.388481940315774
0.2659238510063251,-0.22130784623605293,-0.17186783975072317,-0.374923585296981,0.3729865045204461,0.6385443905886958,0.8889620733844623,-0.3140502169161836,0.44605739065481975,0.328035658596189,-0.8460456013403939,0.11622375122343298,0.7758429697181712,0.20168697651010659,0.6077444573422894,0.2593293966383934,0.16849078583868238,-0.46512110765023684,-0.23664603166531406,0.6930617479705177,-0.3458334964952121,-0.21215414202787253,0.6747721648591174,-0.49497804133744405,0.20721956430728872,0.19390550001263973,-0.4616455870166991,0.02140388390486958,0.4939547963267683,-0.5835156611642058,0.6191751868619533,-0.6318686000618927,0.8630043005320727,-0.2656538039309684,0.4340234417369979,0.4624366307345358,-0.526054845970849,0.23509247589240956,-0.05085485046958005,0.37145983980315767,0.22026492022648392,-0.5359601356316053,0.08024623734287495,-0.943673605550007,0.16283217757281787,0.861528237421725,0.8800255982163099,-0.049759787723411275,-0.22021296506021826,-0.5832364741679303,-0.5585765245517949,0.35223255811670806,0.5016991971020766,-0.29614659300330404,0.2938528007204,-0.9098111508206577,0.4240203218198304,-0.015099753031684315,0.5898885632929312,-0.017718900810257843,0.5824789949830178,-0.6562841034381799,0.035950338057851194,0.36190248445878703
-0.8692944674184597,-0.1115709812521457,-0.7608617420730439,0.5067983212129463,0.8677042284731102,0.017159131883036194,-0.7137373171853778,0.7945947372584796,-0.6448983741107337,0.48471053207742076,0.6647383896355887,0.14070633099871888,-0.5528973661070717,0.27531931063010284,0.9705797695041072,-0.313596592328788,-0.4391789677210227,0.9336755866014119,0.10751567702623199,0.6730913941728307,-0.9897344041005998,-0.1424206849714611,0.6316892319100036,-0.3420343983465537,0.7825953495934286,0.487496748953373,0.7694523409441667,0.5291462602688706,0.10669495491690184,0.617353728900331,0.4371019136745895,0.11030895927589102,-0.06312270761737127,-0.11125844293520437,-0.051880708048301694,0.5243261577394591,0.8758134172177492,-0.8397000872389864,0.8437044940779599,0.5191954768583433,-0.950849152305324,0.8119501178214661,-0.7981815338240432,0.3783432290086186,0.03217572669924307,0.7249446041437781,-0.9645228365147134,0.8178350252114381,0.5331129043137166,0.6803426203638898,-0.4628571671369828,0.41901548950891065,0.686643068467522,-0.7599811276539183,0.07775186778711984,0.07911011446057126,0.13361484444078475,0.21784218721758997,-0.3781179145076292,0.2537653603910146,-0.5563000173659272,-0.06811652016626835,-0.1741483990863928,0.6800052048784397
0.8381891358635205,0.9293594457521779,-0.791226438292828,-0.8845216603960202,-0.8664045874803961,-0.5017115383698678,-0.22671099742681755,0.7282474641892043,-0.7916980037230494,0.928630322248873,0.15452418967496762,0.4152289848046218,-0.2993083699601198,0.47984261063849276,0.5997057368327683,0.6929898116358268,-0.9828469061687806,0.2098181101142158,0.5408667108442551,-0.054559537539151215,-0.19841530904867066,-0.7676370765348897,0.6919579662522741,0.026554248933152946,0.7392422176360327,-0.7903869055207686,0.47891953613563376,0.41131048991127583,-0.323172431309825,-0.44457974398069067,0.128209548913522,-0.38299122554257115,-0.29956944461853485,-0.03226279563188039,0.662748730952923,0.9233614532857732,0.018333800433128156,0.6644206582057821,0.1225319454205267,0.4122862406766128,0.8324773834535197,-0.24156510601918302,0.9772589558551323,-0.9272738065988932,-0.5094991773272313,0.12127393762038574,0.7844815161206491,-0.7666220853816139,0.8540284395621596,0.04594495584599412,-0.46317831496544226,0.6587480587693646,-0.1509179878008684,-0.8010973352468636,0.1546211666197146,0.9222210168891092,-0.7684261340101994,-0.33905625104781345,0.12377812595191728,0.4332585605955328,0.9125540769946545,0.6734447850045939,0.15749305506328026,0.5462050925387913
0.5113349129310485,-0.4576030161878004,-0.7030367144308745,0.8737608037171036,0.011860365380844451,-0.6121920083255716,0.4865942277895454,-0.3103193200281804,0.4404540316768879,0.010131171679868656,-0.34022004028577535,0.1633278118269812,-0.7480671904974627,0.28897712269716824,0.02471309345315431,0.5672898047037103,0.17600344404533463,-0.4976518734505979,0.04227270395388727,-0.40598039072735137,-0.9306350053682524,0.9439066100359752,-0.678914331991572,0.9461957475328231,0.45004382901443996,0.4379394764366402,-0.6111504484706922,0.6813163859607267,0.4774659221894417,0.6131385708460075,0.0953119288969515,0.03233717267670677,0.9078524051836487,-0.2382394127187446,0.1683008707118523,-0.021965889540704442,-0.056688082556764385,0.14257439411355755,-0.5451327839554043,0.67760243279898,0.5874999970844146,0.3739566608585707,0.12057649311751883,0.5109714687288909,0.062115829076710094,0.9156890727752729,0.8557348820255699,-0.8336752718258436,0.1702649427719669,-0.7864948130366078,0.013031255802252062,0.7932344849779909,0.6307211723394379,-0.16236061665814883,-0.4549361710653834,-0.9174981616796045,0.4801318082299608,0.14697511655399187,0.7073068968809402,-0.061987387547927764,-0.022828295409951682,0.7140321226266919,0.3804562149533126,0.7170039298640305
-0.2970267733334151,-0.5543928642200586,0.6062646381012793,0.08914794073012144,0.23847960438202187,0.49410905827000917,-0.7337177105053339,-0.02810132196155557,-0.37618274962199805,-0.9072247843695931,0.7336646758021603,0.27505416567564245,0.5571228084421982,-0.009553715979157218,-0.18385566403052822,0.21889354884603418,0.6981481327273014,0.30609554423473684,0.45180819115227844,-0.06767050686122889,0.37778268871958964,-0.030274875259001188,-0.3792503402698688,-0.039461820452552754,-0.16989228025753156,-0.46851260578251486,-0.6795088578407245,-0.7309829316571923,0.362892652336527,-0.6506031849978544,-0.7610962295488484,0.34826323374810175,-0.7016068651005305,-0.6261368823682989,-0.35698185233927116,-0.35693067800934597,-0.381818190449146,-0.709355408621535,-0.655626000969503,0.47095103817695394,-0.042925721098557856,-0.08086436558493859,0.9159913262502375,-0.22413743585887147,-0.9292185080048174,-0.7428896285747684,0.1449805828194255,-0.3075866061454804,-0.7872324842860519,-0.9569044253427721,0.4252287225807807,0.08340612798141778,-0.8981802259527303,0.8243562410585439,0.5025905394387051,-0.36349249267429684,0.751040349029368,0.0936010344480438,-0.8887518131875312,0.28055514371689516,0.027188077550385437,0.7837895825201466,0.8884466898340699,-0.8163800675188504
-0.7896485761563607,0.5216390558792399,0.24095711325961933,-0.0642861006929909,-0.0892499698579039,-0.01659444520396236,0.4032061316600519,0.7694219441048369,0.0023739166710083914,-0.5150049610535037,0.38804257659993935,0.6486495580768226,-0.01579226730295913,0.24651865664823536,-0.1142595627265095,0.8619907557536968,-0.4035363208743057,0.13732453499352615,-0.5383156604889141,-0.2718505707300163,0.780702673711966,0.6981189915407302,-0.2833079674644705,-0.6958624960436499,0.11149647910823268,0.22555103612209004,0.9170473357541786,-0.87118628627212,-0.7722475476314732,0.26029401586941026,0.6383910389591185,-0.2807395422441983,-0.24935166328163016,0.02840531029366944,0.7280141998079595,-0.7405624847940067,0.47093818840778034,0.07217116928373657,-0.002339233873128066,0.1490316984680069,0.005110935316265497,0.05608110237797437,-0.3117872198437248,0.22696683919874472,0.34841768238952464,-0.6380540493925206,0.08108090681434055,0.6134122557704087,-0.016431840544728127,-0.3291448621964581,0.33082201971362735,0.6679401546967039,-0.4962024323537575,0.2905088454880207,0.5938323859886243,0.7702576534178849,-0.4571871260654621,0.8230874064600153,-0.3087145175424326,-0.41728285210671157,0.7749320985059549,0.5413647820877925,0.07178508476990597,0.2364867042296983
0.30136695575362316,0.6903993020360022,-0.20056101761650358,0.9969679743382376,-0.08980801374583769,0.36327655781697077,0.5834700969451756,-0.4549917599415345,-0.1571098909073918,0.7732480133456958,-0.4165021255337771,0.5808514964972218,-0.7492858238269791,-0.03816394094304565,0.31809308896575783,-0.4913613692796166,0.1144277740554358,0.9206961095128321,0.2553467346913705,-0.005858436239529752,-0.4768113913957859,-0.23198577033243217,0.07901171507729488,0.45349274524640637,-0.9691160529007448,-0.43764526928021397,-0.8178221259912595,0.21773070293515695,0.9744860694590329,-0.8431864873138817,0.45167437952820366,0.14312272051393493,0.04847836840026787,0.5487370230543442,-0.9612780233716585,-0.23752981039499632,0.7918202731202681,-0.7966472517072476,-0.69039641926374,-0.49444632502431096,-0.992024591096287,0.05981535676546068,-0.9941091193275653,0.8711029192048594,0.19071024267213144,-0.6146925614852281,0.2653804777566202,-0.08359689681067639,-0.9250043052909254,-0.5110943572956717,0.16373755521694755,0.6011195964764375,0.9777725320140562,0.8603173396971138,-0.6399283237231523,0.5409246781326762,-0.14497842478284206,-0.030601670130633307,-0.42074721582935326,-0.12258731118890931,0.12470016393118888,0.5649668206697749,-0.7408960381309904,-0.8543970901850264
-0.0589445669779638,0.7712854445695665,0.5770950277979419,0.4082718766482807,0.41434492707358395,-0.250316016534752,-0.5400651932510332,0.9761610759256334,0.5118124926118399,0.38616984581416447,-0.5256208153003892,-0.04000420295664542,-0.6313752625637938,0.6644790993398682,0.6015907717153579,0.5849929491297632,-0.6017874715776073,0.6961556941184821,-0.7270525944003317,-0.5054339798881711,0.5889997795144502,-0.813489346702831,0.2993218553643582,-0.0322125034413705,-0.8524409501619254,-0.8715073592227189,-0.20622094882676234,-0.9589906729532354,-0.003170949831589942,-0.4287076943188022,-0.21090184793952282,-0.7503271500815185,0.2363618193646273,-0.11747355417070748,0.20950906692027726,0.26955633615736496,0.9108295896314413,0.8843350475141367,-0.0642524096369832,-0.10108438646785434,-0.26343356942704266,0.873923984800457,0.7148831667597773,0.019127082039139154,0.3973217069047863,0.15057621390053977,-0.5847953593164164,0.582777245882885,-0.2710185836828505,-0.6493192516219657,0.0326647103811768,-0.6962568897806858,0.32265061518217686,-0.9844417932887306,-0.376445575921172,-0.22629471722701755,-0.43134144311634737,-0.06808777534433341,-0.5013177091580241,0.22021404649285836,-0.62242761161423,0.7981669434462886,0.9782471690162049,0.19306654814388913
0.08769778526180327,0.510033550992256,0.5275741069897546,-0.024796492122973746,0.07451483444712981,0.0591911046722422,0.07105967149792947,-0.4904777048474447,-0.8248092851906819,-0.27331079023937566,-0.7332817931088547,0.32790151479492824,-0.16489119526717144,-0.9138540297944953,0.44291768722140334,-0.66538543198348,0.5906799407498073,-0.7142451982275053,0.32582393334241333,0.6602987156407858,-0.9321782462493216,0.19197269477409584,-0.8220023741418008,0.12079020296560361,0.8020219981117984,0.7757721214847333,-0.5219196973420273,0.9352244525929165,-0.27358431069690403,-0.278377563655249,0.0736533708182241,0.5992631499427747,-0.372330068376751,-0.5542391990355588,0.07987693929224693,0.5513080882790167,-0.22992660733153647,-0.895816439252823,0.46207644712109897,0.24346167377978745,-0.693544997185948,0.5252490986538694,-0.6831378529073995,0.6270463742004391,-0.8323730639913787,0.8246159146083707,0.4061979805171141,0.3876044205973721,0.20951611931811076,0.9551586802422094,0.2813600332180697,-0.4074651590805001,0.2947051405755532,-0.7396917833456782,0.7603503091317692,0.37575753166300707,-0.23783674599605154,0.3770699679302041,-0.6578230766663207,0.5297941053838031,-0.2117013805983181,0.6139488799697899,0.40188800465743846,-0.346206766069834
0.5085200907394909,0.595045664181896,-0.3445800871571869,0.9016033982744671,-0.210775629188378,-0.08143494377146854,-0.7441214847091164,0.9064916057861894,-0.18828306555866647,-0.21553309949741495,0.9935256455174828,0.3976288093415421,-0.4626514127319543,-0.4196396089827479,0.4142154695772684,-0.018431511073110585,0.7805855923089255,-0.15435714241996412,-0.30619984856256854,-0.9735026277582521,-0.07604267900755146,-0.9680295338967979,0.295151313488754,0.5931034127917629,-0.1052918044770097,0.8583572125829184,-0.44486048364352904,-0.8938928672745288,-0.3897587381986687,-0.5700157815961204,-0.5086155830588257,-0.7948141455278965,-0.28404526401230656,-0.9888686581533774,-0.9761082169531501,0.7927135356812534,0.9361998997450172,0.2945397884360883,0.2794653210322082,0.8568651219166414,0.2510388937014232,-0.21314244304788765,-0.6045523059217,-0.12289585852188134,0.20643613899753,0.28822243902466704,0.05178853604167233,-0.9773785343152819,-0.4127911725868656,0.9951734946582691,-0.13668987156115242,-0.09642820226392024,-0.6385857044893177,0.62578115879825,0.10376425702770886,0.27879952094132565,0.5143198912701823,0.8346160559406492,-0.3526178046141484,-0.9741627876209975,0.6964387866604693,-0.30552749635466414,0.9350950598353356,0.08467821713106094
0.46118579068465837,-0.40195764359634234,0.18779144628983535,-0.1946841026653452,0.8753694738409521,0.027061471582545904,0.5340902935627343,0.97683881077682,-0.9514387226989414,0.8659834658284482,0.826499985814481,-0.3340243009566659,-0.3322477303958129,0.7522424903164115,0.1381298859716109,-0.8453080403069579,0.6008368885452255,-0.8259331194624846,-0.35584336974728514,-0.8081767862164548,0.014717081528006215,0.8089583762426378,0.8193376590579504,-0.192384763501672,-0.8062842932010639,-0.44801492017496614,0.6184589699706995,0.5178003755968581,-0.41015531832571694,-0.8760266991411223,0.10652630972244626,0.7207305441296936,-0.5716540104438743,0.4156378139352066,-0.43712015223280987,-0.9801902571557493,-0.0931481592038943,-0.42153352513715814,0.29688525859469794,-0.8488313843424911,0.03316662500856782,0.5982075652331462,0.9188723812358648,0.4811018026786287,0.9581600546042635,0.8349241654529374,0.17595316856169219,0.23163718325238958,-0.15503369117267018,-0.5801518502960143,-0.878651768933681,0.8599434778184631,0.438971457632205,0.2606229009913188,-0.5275432108147633,0.8689021703732578,-0.5596405622511618,0.810087837987761,0.9758492498406539,0.9778731027625736,0.28352209483111457,0.40563537264031346,-0.024037133420224954,0.04885924660060725
-0.3208946824235681,0.7982720950048623,-0.7874862087273333,0.6105913637672657,-0.16802395432464223,0.5061492027815009,-0.6930638711714423,0.7504612791654592,0.9549482914233414,0.32250706974747145,-0.36293292031209945,0.27817229613105443,-0.29304348471513086,0.42587887677062986,-0.279912127907604,-0.2542827037741662,0.7851040954329085,0.7907677944847105,-0.7280944664132993,-0.9790132899436772,-0.4264689713351393,0.4433663258616467,-0.9083180572910678,0.5544489935567984,0.47647300820867167,-0.8748337565647515,-0.19942608721760924,0.44083048191308416,-0.19876793374793222,-0.3651886123834778,0.06333293860236977,0.057439862841496714,-0.41935046420290467,0.6060020265454131,0.9377972154441903,0.5650412493653305,-0.523533232497652,-0.40277087074422924,0.3752155403104569,-0.1967599608862738,-0.8085872818980042,-0.8677914643374491,-0.19294384080771998,0.8381966159354364,-0.6217338174650409,-0.9147140433976864,0.4105422352406738,0.29599926163263035,-0.9094843710196752,-0.2011144872009254,-0.4104512813793437,-0.032601484127331215,0.6025032538502002,0.5210206613975634,-0.5209789002429255,0.9668565511974723,0.9552398599294172,0.6565877233927011,-0.9388141302187714,-0.8218125492557131,-0.3480015583130571,0.4401492492510095,0.70446916851473,0.25993396333950436
-0.15936277757478545,-0.18879463094568205,0.20222360530630112,0.24884099066648036,-0.6861742370652284,-0.8288562636586436,-0.3127092964295357,-0.8695674561193449,0.4046447515687981,-0.1428336546665403,-0.48304534491786133,0.9078680880719154,-0.45551653201273945,0.2977301372994081,0.9326332231721222,0.8244721939355637,-0.6390047658522178,0.9011532629357257,0.644813348817606,-0.7264569395974392,-0.3713411348700657,0.9142917473723251,0.30042893140867477,0.8239081229506466,0.5906594544369581,0.7999656625272185,0.6993669248525665,0.8284538748716523,-0.8998837117434606,0.9801826981955559,0.5733053747234975,0.5970283252818838,0.4240280880894669,-0.776188520108984,0.2282464303796885,0.1249864246267951,0.37881787881985196,-0.15550373421231378,0.7475031276866062,-0.43916962177449337,0.6491641574461171,-0.8630750897123753,-0.8382006487317242,-0.7807866848244043,0.13705550918697385,-0.22592898211816537,0.8754064145688816,-0.9549982074777545,0.7444639168208511,0.7762798446854187,-0.8267200025104815,0.29030212190663884,0.08903876533370014,-0.10831107599461576,0.9095300051345108,0.010390839920397577,0.7976865946482425,0.1592161731194528,0.46040819178409054,-0.747190647799477,-0.42564012028934317,0.46247231137200306,0.7883142159822019,0.5401177854387365
-0.9841051243361261,0.3438139632579489,-0.6176559588812125,0.6067655489426436,0.560167397274659,-0.3245320658533408,0.4814080941368313,-0.7075789263311929,0.7243005023836047,0.5292953589237703,-0.8111345840753177,-0.6765968987633086,-0.6323431623636964,-0.4474103442637536,-0.351139999665913,0.22841086285422385,-0.5360917888927705,-0.39198122587226414,-0.2809815845264225,0.24012818712313577,-0.6425516623068519,-0.8099398375431746,0.8163448940270608,0.05154332453092936,-0.3870457534326468,0.8186763910185884,-0.7488431042391663,0.6744055847755663,-0.9060416196866867,0.19821075609676186,0.07099227314978496,0.0649314395229339,-0.3912678415528783,-0.23150553996931023,0.9343826722717261,-0.16291708529242954,-0.3987483604631583,0.22890859763006555,0.29372840500099384,0.8584959982779838,-0.017182883555785233,0.11845656344046307,-0.12899586393113793,0.9977269829572257,0.7501177791854392,0.9703955364900549,0.3856013741071196,0.8766106929803226,0.7338658389702706,-0.75532227262628,0.75208386330809,0.5151940364295169,-0.7247026685494364,-0.9394450386269548,-0.37158579551962045,-0.13299514651272637,0.19119028177063613,-0.8471275371677773,-0.0956245243824394,-0.21493260615873466,0.16753826855451925,-0.8496013932680848,-0.99276361986894,-0.8186675697844756
-0.7187566701909613,0.8772162470533607,0.1641038711322702,0.4706317817711958,0.3316020750149642,-0.5329951876672805,-0.5132508308823713,0.7458629786766775,-0.6223729992954239,0.8788823540300585,0.5768908229214673,0.26992991105246467,-0.4275615547610758,-0.0595017896855532,0.019250772355972723,-0.9320766028408505,-0.052343386796919855,-0.8241342049513629,0.6405731171579185,0.7081619019809955,-0.8000794168509415,-0.8142446231301517,0.9630963269171751,0.09671624724674244,0.3737273137417043,0.8187273821778658,0.2375243566979961,-0.7155238603700889,-0.5265378453975307,-0.5083882302627118,-0.5940240611207348,0.5673318871841824,0.41016390444483797,-0.24410439801731898,0.8221080483571137,-0.49966602717071273,-0.17628376873736173,0.011778548793053956,-0.9332748572008751,-0.48243227491601615,-0.8760580088021042,0.8287694156520666,-0.32253642088024836,-0.1732196285034695,-0.9337054585903513,0.9639416523326962,-0.9720493266011079,-0.7137639618648801,0.07861857248190063,0.26455829146262144,-0.8245505826929089,0.18403791225557997,-0.6319245528497486,-0.12209770872502901,-0.10175451785694634,-0.6853848531883977,0.9743011213943362,0.518496743992924,0.19355080091433918,-0.36463687208648965,-0.38114658781931476,-0.6622377752070017,0.07792058063816931,0.2756361665529785
-0.6349682322520012,-0.0015262288229551668,-0.5573559946419131,-0.3305622476746144,-0.8551272041185571,0.18145181973757496,-0.13365095141051309,0.79632831523665,0.46745570916859003,0.10174223403738658,-0.7061340529432667,0.26515795627809635,0.09382939149269998,-0.3726360934285702,-0.504849118525027,0.4826043992563447,0.0942211308232368,0.5060232815764611,0.5693451229174908,-0.6392823378192958,0.838452428124925,0.33701319160409415,-0.6157622984305628,-0.03161655819428799,0.8681687717168047,0.9420606150572703,-0.8794983798725096,-0.9326466681551926,-0.2632007142908179,-0.5693493279463109,-0.48788236199872337,-0.43011324416129204,0.7127665153133744,-0.3947625462435185,-0.634111450927169,0.6574226837997861,-0.10638081490564644,-0.9845305925577059,-0.8342330001184355,-0.6460007175464386,0.07232218340351237,-0.9455197994158571,0.7445800193332579,0.6802295260599307,-0.40372077284758556,0.8828633015787437,0.3055130178735277,-0.06616377194264866,-0.12939822074811103,0.052698156943914,0.0937470711211581,-0.627804351440175,-0.8231466813704953,-0.7095255437064041,-0.839718308905872,-0.9771115237886576,-0.6686989395806617,0.017299938096535517,-0.008937678675699168,-0.06863077471402823,-0.6587089587571429,0.24583779817383777,0.45066281519626283,0.36002664942001616
-0.46986911414094057,0.3502596097119901,0.5050277645771777,-0.03918436003665482,0.5091241699701492,0.6309728160171171,0.9843928201297758,-0.07631942020137572,0.6181210227873359,-0.10955405933364637,-0.46863706978466046,0.27462706557698113,0.6731477769543186,0.87504207579076,-0.6581793191148559,0.9626916271960382,-0.6666554295711173,0.4979007351618292,0.6964497702860049,-0.03838521174483822,0.10368299759895838,-0.9825200726679002,-0.3849558367302792,-0.2190198719218761,-0.310552437616916,0.8180540289006328,0.5049052843303434,-0.4427294909076145,-0.39350504965176647,-0.360186322075172,0.1700993750203348,-0.5733391688945109,-0.5611047636842244,0.8752583628411148,-0.1311299023516843,-0.44352182452500233,-0.8386838012704678,-0.13805194434766288,-0.795818511366323,-0.16627751413886882,-0.42801279154364424,-0.035550338992260455,-0.5104264600745321,0.3649569746103758,0.9924474474860461,-0.4024153562235677,0.5990258550391176,0.042029384543893045,0.1632993933484388,-0.45199513937004343,-0.041732906184324126,0.39062897454111756,-0.553073241443413,-0.4271460188154952,0.1472210984500013,0.4032104907301839,-0.3450103256088457,-0.6269141016356543,0.3191600690884575,0.7811340167839449,-0.37781098339917674,-0.29884097662501796,-0.8120707170116654,0.8753753453173889
0.8258620968946109,0.6462670792804903,0.29902209556459036,0.7032713593848456,-0.030807501194422215,0.3752376122014087,0.5550447994885415,-0.6839031821189197,-0.8999921089644383,-0.04334359797479603,-0.48833782797316694,-0.6555588028963277,-0.8176148453255341,0.15505611031746325,0.5478547617141591,0.7844196283809772,0.8674776695236734,0.877507880649655,0.5884590494308275,0.8040491926425919,-0.82839440711889,-0.8411926178955291,-0.6721439858231815,0.7879093392419723,0.0724885767018042,0.09845040856006615,-0.48913054712452597,-0.198261595619039,0.48967534510696353,-0.9816867740394775,-0.11958271364748785,0.1335495334632808,-0.2851176663714674,0.507238805731502,-0.31059633253375396,0.3968076689786193,-0.4458236380520777,0.5748819429379353,0.981751954862301,0.8909561952208178,0.7755436291263365,0.30762507902635816,0.314102595959153,0.23704324414815758,0.349204255795877,-0.9581227063469002,-0.8730018657000389,0.5830760256608993,-0.32737387586038924,0.7044667097828909,-0.7416383627845589,0.22391577916130956,-0.5431989987121661,0.0939424938390161,0.005786849487848356,-0.520964924437459,-0.05664795437187631,0.13676786764769444,0.47062293666484867,0.16285507050339953,0.2614564287334309,-0.21868377186860677,0.6462380756864716,-0.16031180566626513
0.09080215931775881,-0.38678865007042673,-0.5540971998589357,-0.5157112822903016,-0.6884503588089919,0.298133107587218,-0.10132175634145146,-0.9280863099772263,-0.8915213957982058,-0.993946100995712,0.46341115260506527,0.9298317135573517,-0.7920416596999462,-0.5766530283894546,0.865078090036902,-0.02345219109679242,-0.31737133018543795,-0.6665047647876836,0.6690240366998732,-0.014436380759467404,-0.441730853931134,0.6159473926945827,-0.6118460364454545,0.015237812877558987,0.020397715012564932,0.9803756079211057,-0.8828039225823134,0.9637094182813049,-0.16118785720100326,-0.7922213501778359,-0.9016638206495822,-0.6836992823028831,-0.19657413694333958,0.08243431505818055,0.8620773907910793,0.31389859080642357,-0.11021941124276413,0.8078582392996339,-0.2020165135538139,-0.7316274901525492,-0.9401375263950564,-0.1701558012535591,0.43076664050710245,0.29160286975322314,0.28959747552922166,0.9743967223755035,-0.0473854499554236,-0.5211749057765203,0.288163932808734,-0.5505989409809382,0.0012378435885720407,0.7026731129144259,-0.6296765967039764,-0.48700349345958815,-0.2572384654412243,-0.029020014615431355,0.20955453550736358,-0.5695485574945924,-0.3157341694514513,0.6103830259623331,-0.18407204206319605,0.9721949283612616,0.4463334124906271,-0.2610119382213312
0.9539072848697705,-0.17896025273268568,0.09446588492906738,-0.4126739085781659,0.32018195674229255,0.34681549434499725,-0.9423451871376181,-0.9816229623466213,0.4882120179980427,-0.8371672108320234,0.6766454477966504,0.923638907001054,-0.9220553292409588,0.3860564976327081,0.8004951979887858,-0.20588766529644054,-0.35631593537109474,0.42648148731035307,0.41104859792530624,-0.3591856053594962,-0.23489702786459477,0.8457493192528278,-0.4420193853184913,0.4253769647420216,-0.9245317408735885,0.5437008890147454,0.38936933401975193,0.12428689109931734,0.6730261526709296,-0.16551406776758149,0.8674761264541719,0.3535275240657094,0.9864790159558181,0.2392343101617962,0.905856909535083,0.990084696504463,0.19699854641099712,-0.025733111373676287,0.7296144123970396,0.1459188365712616,-0.7557628227071205,-0.6833220990693496,0.7722928610721533,0.8436430397968313,0.2297234911605308,0.1373540580111956,0.4801509691974353,-0.972082493521006,-0.032297331588675204,-0.41367416032176285,0.5564576718691838,-0.017796102218535337,-0.8966480980384688,-0.3971329105374757,-0.5958489821590007,-0.8653149264639322,-0.5651034319538257,0.02398285938277267,0.26461534836333445,-0.5498691603577568,-0.8226006457098598,0.46366627296341156,-0.9834415992806098,-0.9720168837697838
-0.7980548022381653,0.19335059870429006,-0.8447647862052672,-0.23343219967822937,0.27896177979076997,0.0657822546121789,0.7470055349459834,0.8328045715875734,-0.8986274740061333,0.8046579873318611,-0.5121467203286638,0.955614476881331,0.8753881042097853,0.9737723864220196,0.9192070488717887,0.7744842739675133,0.5892689622242937,-0.20429649676833428,0.7669218315112398,0.4711708285816578,0.9381222647523877,-0.6290383017667014,0.5915899201916575,-0.9706713952428805,-0.16353399422342396,0.1961086260742011,-0.659617548087325,-0.6151776323744877,0.08450525275306897,0.1206589774180602,-0.7199078820137526,-0.7553156919028507,-0.710063499395214,-0.2877335183870149,0.1519288918906747,-0.638611590488293,-0.001332769775400644,-0.7968167713311707,0.2707609178542949,0.24869996349883694,-0.4418403084985125,0.3145762933218388,0.3517563610907448,0.2126904804125962,0.5705006023480503,-0.1593402072967649,0.6845709862952565,0.6472905537435634,0.49083100146516534,0.3521498854286589,-0.030430831005921144,0.010208882762023697,-0.10276576853653974,-0.34194530053189576,0.3691812290838823,0.8108184113029204,0.4057330144025537,-0.3966855947093637,0.3542310048760482,0.7762650555022106,-0.7840973695841202,-0.503063363610309,-0.17852067910340463,-0.7745255242878728
0.14193177514111932,-0.5934225760251817,-0.8480149350229453,0.14443965948466886,0.1481165826340638,-0.20074696312421025,-0.5884338698217719,0.43511051536018397,-0.7183294905344515,-0.03743306852249617,-0.3853946648433493,0.255720255514289,0.7777730336672548,0.9392564278468836,-0.8278648646043609,0.6987635975174182,0.21316901796887633,-0.3827041918092853,0.13336106991036112,-0.918231390866225,0.21879358856527942,0.1787962866693935,0.8700784883828969,-0.8967611049963247,0.1522535038052064,-0.5069345227660043,0.8311735975451813,-0.0881697092664031,-0.6545700933390677,-0.47299012628217385,0.6847204124328583,-0.2986268067115325,-0.5765811958389295,0.3244616416402919,0.5084356196103648,0.9404246828650891,-0.12742449021656688,0.057451258884142264,0.9070629187232302,-0.8756635217364075,-0.6729728615073229,0.2065860241136417,-0.1585447210728248,0.4963954982749934,0.40513670058794715,-0.9528083629896138,-0.9836897440185197,0.2170444489316472,-0.21857940424508504,-0.4731730069005451,0.5108407439656246,0.17848208683102018,-0.4846672345514069,-0.6909437744912752,0.6927447016400174,0.958622335031045,-0.26614339795981,0.7107556726832382,0.3445434572115096,0.73957179875374,-0.2577119074183447,-0.21383195057420923,-0.12248414240080407,-0.9502803146648668
0.046734938118609515,0.7826279317245095,0.8741362673416564,-0.2508148388413476,-0.556031037659733,-0.5475254136185523,0.3957181064797526,0.013818219853344083,0.6648173160548019,-0.7969001912909321,0.5659821879554812,0.2931006004595107,-0.9965544453763233,-0.3130806426290855,0.30454084495371014,0.22045052187815428,0.5530915031682127,-0.6264944800348269,-0.3438107135400712,0.9185030322865335,-0.4134158364718108,-0.5673249465478225,-0.07610795347541943,0.7005160496754561,0.8338798678790813,-0.7719210958183969,-0.2674325515103544,-0.3048142336150874,-0.9170103092588349,0.9559238947605471,-0.6518757257718126,0.20294425565999452,0.06260554542467833,-0.021160484446830496,-0.7585650763110079,0.22323855009803828,0.4544104107578706,0.9897068220621619,0.3138253148993124,0.9886481959660249,-0.12568433338118412,-0.8643793355979641,0.6524752816690189,0.6246513577060744,0.048073325537370426,0.12469003495899256,0.27512090568712155,0.6051037819827474,-0.47701592630557266,-0.5062957720559618,0.9290788946783568,-0.38220893786201127,-0.9446267631084995,-0.6247868165493939,-0.2905744560618537,-0.15269344006195085,0.4709372341729563,0.8580529592661763,0.1767900261826707,-0.08880701105451028,-0.039908438941212765,-0.19926331801222186,0.7452422057174257,0.6937769190993852
-0.8229660369167178,0.5347539199850895,-0.7597148225524437,-0.916277156196607,0.7291293280970084,0.7323666426504443,0.8494007024331738,-0.9123884960281305,0.8343254370168107,-0.6420206441071157,0.03248212043417209,-0.6964227194447337,-0.9204228662177993,0.805546448826109,0.36308320281513295,-0.30167891234574884,0.5599855875990236,0.30925586222415014,-0.4540108355093695,-0.0994331424836763,-0.20703866386080283,0.9714781220135886,-0.61462053396209,-0.9282580466375328,-0.7034903134598318,0.205727705492166,0.298037049378008,0.7423003903802845,-0.1920069709652623,0.6341076502142382,-0.4435878496654271,-0.2434611521378287,-0.47640492184638794,0.7582825818471135,-0.8381927859409029,0.4893879476265075,-0.29136361543776035,0.03176607120711994,0.19820601195840237,-0.2929665926540077,-0.2665440274862083,-0.43449674441154085,-0.48768638439198675,-0.5907994028461256,0.4110948858986829,0.18212395251879565,-0.27477260147744587,0.008561684143398862,0.4367875318564647,0.36393912409977447,-0.9360396634897972,0.1171655970633867,0.11773016698936889,-0.389567118485185,-0.6955811426828955,-0.4276085001790413,0.2948013806044334,-0.9608030547958915,-0.8922554488424359,0.8071147079520378,-0.5164418302780949,0.15457149697119954,-0.7000354958871953,-0.16013874894431868
-0.48030809537731,0.4534292233998556,0.311629968399465,0.3884086780525364,0.2906352729801933,-0.4548432071669146,0.2221615935636072,0.36450941843906537,0.1761803009359153,0.47818871806294183,-0.39231352946180587,-0.8821612753889516,-0.2292267255200342,-0.48400956466069855,0.894636391798364,0.26466970470336304,0.06763816164832748,-0.2464441989186159,0.8705785996240945,0.6678831103806204,-0.6634781304127055,0.9549851048797202,-0.7212447110372504,-0.001766665186956784,0.9761582705579963,0.08725829095171411,0.39731693789527256,-0.35052833504581327,0.2414643113017514,0.17802773480245215,-0.8280868340957774,-0.09423325118420967,-0.12313000293383447,0.24630964398901467,-0.18843920816686532,-0.3281493822359345,-0.0486251226152421,-0.2333364803768887,-0.5098704452067948,-0.25983747569498306,0.4358250895603728,0.6740887615141204,0.44734395626873447,-0.87471938309657,0.5183861147330886,-0.7791832538891892,0.3800245262614368,0.9426831426983078,-0.5200403556129032,0.8558229840804632,0.1900946991719421,-0.09582803519952932,0.04096526872675632,0.8267162510144603,0.7887654275782519,0.5215378224015557,0.8472365820655656,-0.45831084313140047,-0.12756247023955036,-0.6864992848708569,-0.7609073996179183,0.5558011585128941,-0.1507645026877389,0.7370299737179224
0.18962645451725835,0.5672579948003866,-0.40852710155083916,0.5189131418265269,-0.8269266003478619,0.6505372494569885,0.6266066929739449,0.5902992811932992,0.468736382379922,-0.24927734591011252,0.564750213273751,-0.8345604956834052,0.2464252167657861,0.8347079103672628,-0.960105115902302,0.937176087165084,-0.07473064005457974,0.1758740375487351,-0.6705934658130421,-0.9302658731373847,-0.7618579553970974,0.47134780367547147,-0.9644303717432832,-0.5018371288434649,0.6139685787502869,-0.27928522548802825,0.8150711442100467,-0.4263801168339334,-0.607809327373221,-0.8931755245174868,0.29318923936237007,-0.6595640205764726,0.7167192796130128,0.5097177897111711,0.410286609982063,-0.5532973726898174,-0.2782897534799993,-0.6716883537005267,-0.8644852766545628,-0.237610031741202,0.27981200606443357,-0.9943751863624195,-0.8441641726333209,-0.4154119825009175,0.8425961060546361,-0.6404270091688686,-0.5781649886995082,-0.02236196233324672,-0.24754417703153386,0.15896059405307628,-0.39725380285038847,0.8160285791152941,-0.5930118668557574,0.3336871873574718,-0.18360437913362238,-0.9929619487575778,-0.5978165297316973,0.6505737527234994,-0.9624372036522795,-0.7910828489899788,-0.32664550177531826,-0.6248403349568363,-0.29389133029718484,0.5891523997664654
-0.24738017379485777,-0.04077067809562274,0.6685497984876321,-0.5694106282997848,-0.9399364345064569,-0.42257756113715006,0.34516444800466584,-0.4087428491533711,-0.4190537365949516,0.08348972926424847,0.6686593698730643,0.32227481882496734,0.27910556086167415,0.8060603153610324,-0.19850131822311212,0.20220816107714268,-0.19540730328329903,0.3413666672904363,-0.7282171985559551,-0.7811436031506409,-0.8527476171773201,-0.4015847648340145,-0.9591945887645117,-0.2998008895118722,-0.8246418815563581,-0.910431747773764,-0.9077398612090013,-0.3001573338415482,0.7853197189515562,-0.4547559663257925,-0.9231271613690408,-0.16690929153845113,-0.564841915319025,-0.4357940993556435,0.6826315263030152,-0.242495721417338,-0.8539690315500639,0.6454722286146848,0.3807538602698133,0.9269224191547747,-0.7984356625800457,-0.3725354588740051,0.913593965140113,0.5231425297322339,0.5559867401588559,-0.14666940852200017,-0.825696956940766,-0.6884160015545175,0.6531612006169474,0.031145749649062804,0.0791936747580193,0.34118828225133213,0.3820420739091164,0.9311059904399752,0.9434623180693567,0.766277705920227,-0.9052148310651871,0.7071590509747119,0.23602535757381626,0.11350794384931562,0.15730221792390076,-0.5501200369847876,-0.299098415191033,-0.17080966726308522
0.48672261081373014,0.6994874458159861,-0.9270836481733296,0.10501314405560147,0.18843448985779254,0.7735665528920843,0.24300438456653484,0.3650802707462546,-0.7672312048072465,-0.056773524791080776,-0.02354235959803308,-0.5196507752489654,-0.3354066280131829,-0.5838918299903086,0.037340088920260195,0.6993943847196717,0.2255662628897923,-0.6951887720947381,0.09055956885718364,0.5229175690391328,-0.8793707209329977,-0.3958957044883058,0.6223948737917129,0.7295645354036993,0.17488433781131163,0.030682869454538464,0.870534262741004,0.2814074463920859,-0.007950854780567562,-0.9426848418261027,0.32808219383648907,-0.9071256219737118,-0.9037806952271457,0.061042560115981415,-0.08636232880268113,-0.2247831163985774,-0.5106099792650229,-0.8008988821286795,-0.11488895583759895,0.11212098893654776,-0.9957027653360073,-0.11773783634496393,-0.13630553736044204,0.5444888707362128,0.42447023200012124,-0.5912461246135974,0.9244171515552211,-0.2793615266668441,0.618894882739558,-0.7197778400006869,-0.24318565647935064,0.42593985499079223,-0.3198289028379042,0.8966061793331888,-0.14997080482020997,0.6098980867777037,-0.24108637700626523,-0.7236927997619003,0.9034506044612669,0.6050890862082177,0.28752424150075817,-0.2540859762491119,0.04272460897247021,-0.9630136383188257
0.7742590036868326,0.6514054443134825,0.10813687718102627,0.5486644410619443,0.5397806690417684,-0.636675358063364,-0.6275880597111181,-0.23169197311886336,-0.7385051630850106,-0.20291613701656486,-0.4864636227980139,-0.3597370623092824,0.6089284405261406,0.9622734492554745,0.183120675031599,-0.49997066451573335,0.5694691821257916,-0.9729325942494873,0.052832536388810025,-0.6291796747525273,0.4191399324406784,0.619409361544903,0.5014225002818127,-0.12227617603515273,0.2837769753345041,-0.09350200908215389,0.08144677542484136,-0.03404509911663678,-0.056890212968071285,-0.6742305882039401,-0.7943784158655514,0.36276353230531533,-0.20026423284337946,0.9920269639186761,0.022862465001220134,0.6139994623021066,0.8727604277409067,0.5528392746667976,0.014395417861163162,-0.538477101917755,0.46206953548060703,-0.5988511869600566,0.9738670078666571,-0.5685076190149094,0.6110349434044802,0.8019905257088742,0.4440882388337015,0.23783801435729135,-0.1266636461909707,0.5084984022673544,0.6935899940780086,0.512397551607997,-0.8646549386089859,0.5263609410463987,-0.6492382762536733,-0.9521541043905413,0.027821152930768367,-0.3761262074428575,0.45784060272376603,-0.2998977509533878,-0.4142626823587534,0.32538249135498765,-0.010842185548941785,0.93424855394616
-0.21842041971776505,-0.31548273207221955,-0.7844501835872975,-0.7198119161057988,-0.35997271183107604,-0.8447000317862612,-0.7874865261983022,-0.6946037309545885,0.6628744792389605,-0.2930480789333818,-0.5717532355104664,-0.5969422706482821,0.7255214426404133,-0.2532126533373049,-0.5144264686356486,0.3441946522354462,-0.3343601042471107,0.5639668783308749,0.5946153184260314,0.9807542497562671,-0.14069040723802906,-0.6028820215664457,0.8554020576682273,-0.9544098833175658,-0.6550901820604924,-0.30659686034771316,0.9551282710773739,-0.19090936532714853,-0.7853618983798685,-0.45735961647191914,0.4851336249155733,-0.4083915085420782,0.3037552970845907,0.25548415402389835,-0.18005204423509968,-0.8575599020013838,0.41270785176338953,-0.5189160792057563,0.8703376133634293,-0.4898728272868258,0.20318450910122743,0.6360465692535457,0.17490467252108588,-0.775764939152058,0.33361953379253695,-0.8207330889986961,-0.9267476449847047,0.3695961766189084,0.8117705859135849,0.6307403762849784,0.3257621046143746,-0.04516154595456756,0.8998202686643202,0.6971464255189566,0.34764991708471316,0.3310688542561586,0.5745391145822449,0.3650977992561393,0.4637758374204253,-0.7970031469466412,0.5715981806506873,-0.4597318821957619,0.4884341138488677,0.6524212701442631
0.16273771208535193,-0.07856198779002899,0.6449070128706478,-0.9289380235462061,-0.23775905667018438,0.471289219472115,0.3643496311079095,-0.6719989864184079,0.9224035395965147,-0.7214104713737473,-0.24613549065761542,0.7975655464831484,0.9808599404923808,0.3116810457945738,0.6314442692866571,0.6106241314083307,0.30791893065200426,0.07482566069700947,-0.37682939445598107,0.6416657172919995,0.7006264378826732,0.15633671582899544,0.19263063871822528,0.16732525435388612,0.9531830387954798,0.19295664015432568,-0.7181908672247377,-0.44872296863251604,0.013911281230657435,0.46644694547955146,0.20436613133613846,0.4895200045227903,-0.6646271718506593,0.19270024487449033,0.10684009236075354,0.9655094471412895,0.8246567754571259,-0.5395860285697878,0.7248212607530045,-0.42044183667757085,-0.5596991798044995,-0.5467488083893277,0.3663663881713277,-0.240540464294428,-0.25194192148626526,-0.6935257683782117,0.4529839318843394,-0.9333708629441604,-0.9207994916194848,0.17720843420639,-0.34416721983537557,-0.8929292858632272,0.26366790552124564,0.38043118215812965,0.647174316810257,0.5695583077539641,-0.8400724084358631,-0.2966281860705884,0.6332099822292583,0.22874761457847037,0.1431914513147532,0.6983730112324442,0.04529325627315761,-0.8512366070425907
-0.609499468498012,0.021529975949514002,0.9485061544891564,0.022486695921346778,0.16279766112271,0.26568011717875173,-0.09006527318348145,-0.869451779233011,-0.8274582846923659,0.11160594632762577,-0.5988710183507344,-0.7739540551770385,0.8906719474654483,0.680520327707264,0.3497047705069549,-0.8727607995680278,0.7989147456811914,-0.869380553913754,0.0622143538080735,0.09788748560218785,0.2535053901364497,-0.37452816532363653,0.09744816985658677,-0.45021007636429955,0.20292595376217615,0.5599070969638655,0.8490223454827668,0.27105093109821166,-0.007511463568680821,-0.47735179361586755,-0.8464145947418946,0.5989803813544967,0.4907760063812503,0.57844458663736,0.4237670657779793,0.5376557650764606,0.16294374663132372,0.30802501597931364,-0.08381291119427936,-0.34195273494858025,-0.9808063731749073,0.14102426567837067,-0.9661342828368433,-0.5646399288907147,0.027205364099018192,0.533683258307341,0.4159851389145639,0.17521954392512673,0.958519025393922,0.7998672818902812,0.25617497230749975,0.42023433357804807,-0.5489017888425145,0.44054015931768276,0.7057445186766538,-0.24968017796246733,0.5025197666947949,-0.6289678388818118,0.2786454660099269,-0.3400158396974391,-0.49171270964977154,-0.5511795579966916,0.6607953534686459,-0.008220172769326517
0.06586275411570575,0.6634589189023283,-0.940319891776461,-0.5977970326601563,-0.2266089246771028,0.9155646905507622,-0.6640919965153946,0.09312241680140709,0.865084160071828,-0.45334167591808616,-0.906561635600668,-0.9895865158603241,-0.42698953764007697,0.6438649378821522,-0.5639588955118979,0.48013108998393594,0.2993859842269748,-0.6005834733413957,0.8929801068157439,0.7075207661650142,-0.36390862098309906,-0.8286929658549942,0.8550554478578616,0.6271586111726695,-0.7925669459838458,-0.37033513897443826,0.8467738082981702,-0.9566866003224799,0.2803273550715908,0.6744168305648754,0.33175906453205517,-0.3219997760628772,0.6999685900091539,0.6220857237163555,-0.29154448125544463,0.7137419892484034,0.32867472423981337,0.8397238406595153,0.4978319877695563,0.10976383411318813,0.6406178701474359,-0.07788985184975727,-0.31165092098085223,-0.2689760364361067,0.5142331826075341,0.3051805600073234,-0.7354192891412279,0.8098062297868098,0.16133611413388138,0.17768965796380964,-0.6626846202073864,0.9505704777977633,-0.8641616672693426,-0.3944245388269412,0.6489624028594494,0.42265061512458635,0.598303914698517,-0.7882998922860549,0.10034736980535497,-0.049387969520332975,-0.8678526035825089,0.20580553131256285,0.5890987678492949,-0.41621444965809906
-0.6455661317098889,-0.7688973375833823,0.5614861540066554,0.18419194238839598,0.9123065407299507,0.04181358058529905,-0.8389950069117449,0.11018509668034482,-0.6798195554279771,0.5218321109355464,0.3996162334028137,-0.5023488902880902,-0.9365914055206437,-0.9451128347571507,0.7329050393793748,-0.6199504425144537,-0.28718754538630775,0.9895543270814857,0.9113198210913844,0.8520637105863988,-0.27498537372666787,-0.7203063692566689,0.37470609675435096,0.119750459930277,-0.6485456056199141,-0.1613088428202325,-0.9634053061041639,-0.5934534389492079,0.13018446268727724,-0.7302948077833484,-0.23315479026932917,0.2641405690400189,0.46923345212488665,0.09800352832357606,-0.8217934257113517,-0.2188456683773352,-0.9088357099527682,-0.28123777533428806,0.16149096234743943,-0.9976347028089514,-0.9082703085645714,-0.553329141347084,-0.7265677375585482,0.6779713483035963,-0.9587668540664822,0.6660949195888444,-0.2292566385923156,0.6434175015734109,0.38528755130217296,0.5014458500788492,-0.1680297812367515,0.7772090089627341,0.9348909994283481,0.5674608643894266,0.3016526547692129,0.4551229962191352,0.8642815487021958,-0.8663320790368838,0.7589915593526662,0.5590468366319545,0.9615288447859351,0.016018415438889377,0.4742873497112685,-0.8553933518758301
-0.027137095324562654,-0.9716319958419468,-0.1834371243307844,-0.8717585631303533,0.7165465311997807,0.8720608117052386,-0.9643194141921083,-0.4790769271603703,0.0947547756431506,-0.5264352467692548,-0.8915390559316396,-0.8608975911922141,-0.9750895973864708,-0.15030011325137105,-0.6293031382970997,-0.4018301547362628,-0.025898962238366074,-0.15903337750221813,-0.9514277663060637,-0.3879521760489335,-0.781845750728154,0.6701542122842692,0.6118526205160568,0.3603473808875224,-0.7586685689510386,-0.6361380895688402,-0.11764024127028327,0.5395794616638918,-0.9682248038080659,0.8674820064811346,0.10401652859034383,-0.32965394040904994,0.6216809773125493,0.6227260389052056,0.7044654011176299,-0.7819369703146164,-0.4620322790270819,-0.8569791175624837,-0.59731832438409,0.5954971335934673,-0.6313208726794075,-0.19024687930722695,0.5479976525512751,0.1665202526849423,-0.19175122401011513,-0.9722948118947943,0.8409510030028602,0.5895970855422608,0.07825203366455868,-0.7888632375546019,-0.22142899444877084,0.14880689181365092,0.6746512572090975,-0.9692026243309477,0.22214292419347825,-0.12710454315630249,0.21591692096877568,0.4791517176935238,-0.22892657431741958,0.8308946601132301,0.4136420189593133,-0.40407695423457013,-0.8374341416233795,-0.36032753829102937
-0.38092187239227115,0.7634800217498761,-0.401922511587506,-0.886853505514059,0.5237864565475956,-0.9884675803093339,-0.5888017106876953,-0.5073817019241644,0.6215920591001383,0.240422891721785,-0.08920329580749131,-0.30600918161140456,-0.527794008260354,-0.34160183289920787,-0.49100736526429145,0.7928832660700633,0.4628877749700462,-0.5072652523516907,0.4758743502671079,-0.14003203958685484,0.26809079600509556,-0.9736061987842957,0.23386419835441674,-0.02117241900243383,0.8731265404889363,-0.843574661694749,-0.9346373685312712,0.35347122756702576,-0.8431652424064184,-0.1888286747979473,0.29126428469481125,-0.7507293804765955,0.06616770109726211,-0.2036010890375919,0.5485651951317594,0.3437330420745057,-0.586944286673903,-0.6157160839568419,0.3351556894944405,-0.09637871393485398,0.031858796314898186,0.6368127559815593,0.3043314869291145,0.5740003803613065,-0.5472425526154945,-0.5343966233850996,0.25775505246749875,0.47505712489329865,0.9099271094251662,0.28967290952631575,0.08219939091422668,0.9068608053442282,0.6035014252127564,-0.7802561736844291,0.15927236075532947,0.5128952544567946,0.5963707346004483,-0.21276392950957868,0.2288435230415129,-0.1789692079011167,-0.45671182880659855,0.8668565794721061,0.7010198900444755,0.2365562818791831
-0.7008173697552116,0.06481870476336682,-0.9301256245878633,-0.5256292506048617,-0.7216850549192682,0.25443381080101113,-0.28556701716447086,0.8307900526574452,-0.8906858746762438,0.4014941597805126,-0.32231771996500624,0.2195233183086005,-0.008123916412049015,-0.36314527686587983,0.9903776371907478,0.5806174614524415,-0.5280411706245582,0.5337052636767621,0.5820618109572702,-0.5218470937984727,-0.1306303317247539,-0.8589296393188013,0.9635023577536814,-0.008275848256074747,0.949583514649549,0.10524757841609045,0.6482057056794284,-0.5578396247557167,-0.9541920362367391,-0.11963842572413297,-0.9858770628907227,-0.49309413214027753,0.5976397736567258,0.17251195098476946,-0.086269087670239,0.7188896894354155,-0.9262835056501908,0.9458399096952166,-0.6187011992262068,-0.6302373539537558,0.13237655297852458,-0.8479968654964334,0.6919192779098247,0.9181609793923848,0.46904837010922984,-0.9567048247780001,-0.5832614968856342,-0.06370799244516401,0.9262351081044464,-0.19079182968626807,-0.39368483989593606,0.03955053918524243,-0.5229329250964834,-0.12610102081178187,0.655253698206008,-0.8196684118795747,0.9175889756799132,-0.13069632759621874,0.16686033137445078,-0.24576038915868859,-0.20642295306337521,-0.0690154135891965,-0.9316539748228074,0.3749922969254631
0.8769160644670106,0.5953236313503802,-0.47521126655276325,0.24161927559691598,0.49529922118688274,0.8738468122880423,-0.25172061878482554,0.32929546782302643,0.5468151172426479,-0.9834472600711781,0.14043396223649207,-0.30241234637565184,0.40721731567013997,0.08490213279392633,-0.17607441423943238,0.07385968645772278,-0.4301237958477997,-0.11857855768637005,-0.8279894736778932,-0.05960246615761222,0.05291517755100128,0.7692243199356814,-0.3525753273998149,-0.8751812017855618,-0.3169597307310825,0.013869352797833301,0.5094605517971091,0.09046497226681671,0.04724831881460134,0.28584237608645946,0.86000727166138,-0.8325226535564316,-0.2957219024718243,-0.15401092755802948,0.0734345018045035,0.4283164992677069,-0.5478245670383977,0.3443891045173477,0.7077131054094481,-0.4184894886679065,-0.10468287669722631,0.3179581499695341,0.6290443750338628,-0.7992861988282629,0.9832667432244553,0.9532250401788624,0.6901429951544815,0.9086696580291811,-0.08517553747304252,0.5078155028190776,0.7640866378665985,-0.3598128900652551,0.0788010049692307,-0.7275375475812933,-0.18149643707627572,-0.6188169878762602,-0.7131631513878087,-0.8581338597515242,-0.3485574380329799,0.004463347922501804,0.7384424570226726,-0.7545576984998688,-0.2120549174901527,-0.8128985992497337
0.49902658326581517,0.443320385405247,0.14511139834471765,-0.8695345913826262,0.7797126418751998,0.35478362397648566,0.47250377092541496,0.7467269540644892,0.5427681185960866,-0.13298268187617124,-0.009753152150432598,-0.42771821557293177,-0.4322031342126127,-0.786550625610803,-0.45363952250286177,-0.7163454539895795,-0.21102955714790705,0.7160958453754793,0.865953131436243,-0.7834505679864336,0.5949222229437074,0.36711685048092413,-0.23765902753134416,-0.6128664909828392,-0.4725186003899795,0.5080654841683119,-0.47109604363298785,0.0056064091884016065,0.7200671143505091,-0.9423406404134034,-0.7803758256787174,0.1709410654016894,0.19651861774423263,-0.6930593691863658,0.18386788979479074,0.23123572132649106,0.26556552206199235,-0.686823787781601,-0.21841031077581463,-0.9431917236697664,0.7267325140400442,-0.49141585419973133,0.9552335540108536,-0.2339966460814622,-0.7429655997537661,0.2833627321059089,0.7811600335512798,0.9275579000634409,-0.5138425540146461,0.8638847860990233,-0.5140294814561153,-0.8938427589662159,-0.8240345065882497,-0.9594289923789099,-0.7556168012845845,-0.4457041002452229,0.54526979157169,-0.2775317650650806,-0.4569509965969605,0.5852013081757861,0.23399902361164382,0.734440983463511,0.7771126824433323,0.27010901727258063
-0.19766273722890082,0.8956679370615295,0.353308527283146,0.44534436712520575,-0.21092698034720114,0.20894009696328641,-0.35416000320261953,0.7530130728490565,0.08222252656951978,-0.9250282077173242,0.29543015247158655,0.6864996789368396,-0.1594263605243369,-0.2391799534731367,0.5718975925366898,-0.4168105538528941,0.8644859557819129,-0.8099311476226758,-0.6538279186430662,0.9460533535038367,-0.8465525464547496,-0.580896853371039,-0.41680774188206327,0.7265605370415731,0.2539001154360092,-0.4272386899658298,-0.4084683861174552,-0.3224330845723451,-0.9569245887811717,0.5292355804131144,-0.3156598337649179,-0.1845564580045458,-0.3366377401891276,0.5278465700399597,-0.7049381268701786,0.6162761441202342,0.5194070465110767,-0.45519070644787774,-0.9936377036394768,-0.8343175753339338,0.12170096601145186,-0.12318844885252411,0.3472942129429928,0.8708388756766761,-0.8142424546077938,-0.33076934687615345,0.45783192566687547,-0.6719757836403839,0.3962593699408212,-0.6736426906826567,-0.09067667863966,-0.8572398623013215,0.27470095711260933,0.8494568738681516,0.75972114861443,-0.8849231795697694,-0.8567894032270451,-0.7101808062447281,0.24755139616619282,-0.08560492110620688,0.4924959589673916,-0.9697384993968641,-0.8038019424365168,-0.6909869279130274
-0.7049075200763746,-0.8710011793645576,0.5254495446783138,0.9712648456535866,-0.8103992472971882,-0.8864456657676272,0.18745406348413307,-0.19491119375049926,-0.29532366759785655,-0.5889513055924709,0.5276192970018982,-0.4462908484734669,-0.7503922251424431,-0.8591452141649119,0.14508482554473723,0.8231735599480197,-0.2598583051317169,0.7120253150755913,0.061888454663550085,0.4427896308103516,-0.07570309453594581,-0.5943508117206568,-0.10995622711564557,0.21515269342396626,-0.04251255262857545,-0.4390872592406607,-0.30774185784970465,-0.7604141815877543,-0.15538228489254946,0.1457959512772955,-0.3414919120172677,0.8294296333293485,-0.6341715687682541,-0.8621662869501445,0.16616441758026745,0.6093269167519457,-0.2750075894805859,-0.6546795500668805,-0.25577253005619727,0.8138127181776051,-0.5798642892828778,0.8815601703556017,-0.004681970137869973,0.38268431419035975,-0.9008794951369412,0.9343624374921229,-0.2338743829088743,0.8897721346128851,-0.09738249788221043,-0.16877745826290091,0.8277974145040483,0.6681496006019545,-0.5070172534594364,0.9464181414001345,-0.8099949754516591,0.7874908835208727,0.21982998471200843,-0.01277086923789783,0.686575300322374,-0.09025766534805868,-0.6377014419595357,0.943138231517356,-0.5073125517087831,-0.07762447581222087
-0.4424503337270982,0.4636247756827565,0.48596609461076423,-0.807902791778486,0.05240366864757395,0.12140671218631915,0.9886840596327573,0.958353513427411,-0.5403732076910384,-0.3969939921031216,0.06924436379973065,-0.3336295074356457,0.9549350583876608,-0.5010985329875481,0.35534132548935315,0.19171371242942503,0.5999326909569516,-0.3033263064374683,0.33854436268532284,0.11267238448844497,0.9031075460550197,0.37941407733091426,-0.8885254740167241,-0.7610790953595032,0.9870965544657033,-0.44556377460458796,0.12330135384336316,-0.5636565673177669,0.10839788271597062,-0.5951798409393838,-0.2526372331157323,-0.5868196229529468,-0.023860121851377647,0.453777224726176,0.2657957143793268,0.9259097383269341,-0.30926889536700863,0.8565580853501764,-0.012745794703177049,0.22349403311888993,0.3800256407857281,-0.5074599545376193,0.15627001003821595,0.4042542575713821,0.18627058057043966,0.6734739313145421,0.453628635713768,-0.8902019772157228,-0.6290251405444263,0.42420822854312545,-0.46500330336909745,0.024513402914705162,0.962402458022622,0.7955046278197786,0.729999473125202,-0.7943086165868429,0.7529909646740698,-0.022381969803746404,-0.9357756393995713,-0.24216439961146752,0.45011371885396856,-0.8802235696893228,0.7719138579442952,-0.5063158727393291
-0.6345531540173404,-0.9653274844644375,0.9771938958684938,0.6667430469013835,0.5747415959832729,0.24822065007521932,0.10814282405501952,-0.40299473787971296,-0.9402453147620757,-0.2506210839142726,-0.9043994322959024,-0.12718103852003027,-0.9815131413908946,0.20569139989886343,0.553794831303625,0.4162997883916326,-0.45569677713525336,0.5073978876244647,-0.3787241102377754,-0.1695263026863265,0.1792767106561819,0.5045499079244367,-0.9675170030379032,0.6846707412913056,0.05495955148240084,0.5717737810431742,-0.5201281328585106,-0.05102422573646681,-0.5824432007751237,-0.9600278969768401,0.23900784561346722,-0.053826442855210876,0.35491263035630727,-0.7117141856270801,-0.7806361522628675,0.056429728715401195,0.3601529225939366,0.5169963513682969,0.13199966930088958,-0.2599533844119324,-0.3259962440288777,0.17293786527625832,0.811068524940628,0.7094275232885741,0.7441225243275529,0.3614835397103937,0.4571527603121892,-0.8125705077859031,0.8974787995442819,0.5050204946516654,-0.6676765637527402,0.231014651163161,0.7438969819452794,-0.9766390089026191,0.6478705333694612,0.3565894248182626,-0.008964907698731261,0.02470567862278128,0.7298955863658985,-0.4002191132884225,0.4258020571508021,-0.3862158395835662,0.9823724127869884,0.22653989525677742
-0.8657635022904555,0.6931338661615625,-0.5111728819555104,-0.9872330594571643,-0.2437815180345042,0.5445148735661087,-0.06972569013546437,-0.43302863944069614,-0.8465157865057638,0.8232433132306674,-0.506019670184034,0.11200229773028947,-0.9537367586482932,0.13654608132320445,-0.053335059904763726,0.8186262989220006,0.6901978109465441,0.8820037318930078,0.06134614313489917,0.03123325765303009,0.21897675881048118,0.21153987747915948,-0.6468860055490733,-0.6388943974011498,-0.5341238548391751,-0.6148751508587407,0.09439143684835316,-0.27395859285659263,-0.8576087039556799,0.35891443446622895,-0.2728548059866205,0.023691740715071186,0.7848321744251876,0.46520983643699054,-0.16361789324949294,-0.490570755601478,0.4189635177721691,-0.6772566976870094,0.1873900013936327,-0.9125923377221377,0.658778721726152,0.42289203241094,0.518926337249199,0.22399878895628844,-0.14209436452843516,0.5474254655179893,-0.4621846507345042,0.15121162301760815,-0.4536292653339291,0.48626556935175125,-0.8738650119466349,-0.7573209298132513,0.03824970862679944,-0.21268381308355888,0.37571578675105566,0.05203305274939507,0.45330334852594234,0.492938867670524,-0.2937179868645927,0.576227672495855,-0.11050984165305655,0.5575329320683098,-0.45451104526886654,-0.33342280469113583
-0.1704579340971013,0.11102826356435425,-0.4214922625334201,0.6969403832158689,0.82896531600567,-0.327732622799338,-0.7073009816234177,-0.7770406220706594,0.29352819363862714,-0.4462473660240387,0.350065923674443,-0.5138379156914288,0.7302197400349841,0.2545925584763582,0.5476449396371503,-0.3429512616913071,0.972166712597974,0.15029844845107454,0.3977233712205521,-0.8502689971946853,0.9612158810954379,0.8597581135066912,-0.9154107233171052,-0.8943721322005078,0.9868410258760487,-0.406350740024942,0.20369624805146902,-0.5185788410465755,-0.5876564076769815,-0.09013787200699741,-0.21899179603794328,-0.5490940155745581,0.21749060910864104,-0.6777148872892143,0.6822817758630442,-0.9836455517427645,-0.2747299184189276,-0.5567900089099078,-0.632477638732837,-0.5192986870064911,0.6554016595266494,-0.26386506279909194,-0.6586604484822935,0.6173212144914166,-0.34093294300655086,0.7912216577012572,0.16832430846049573,-0.24892045979763333,-0.8944950140186982,0.9340334900067926,-0.293630552595465,-0.7043391932906742,0.8401200813917133,-0.573620029352852,0.7862263108892145,-0.12560615353144788,-0.548711820148756,0.4252726756011995,-0.8821178832001197,-0.4825488734090855,0.8703588207361532,0.8942761591612272,0.7224038823070038,0.5484712659978697
0.2959660054215614,-0.42896686165489517,-0.6145823294465096,0.4206432278425212,-0.4949948201490515,0.22815218147551009,-0.805358210371538,-0.4016338292210877,-0.5015287479979711,-0.6797501519920297,-0.815729459617961,-0.6749468959972447,-0.49175905954866583,0.6938081920503258,0.1499512639378311,-0.8244076601260255,0.9594953888864204,0.6313186561962345,-0.36511003932370634,0.0647717340875642,0.10166734342538208,-0.5520240621140331,-0.5428613485078555,0.6625336470126626,-0.3441333296241973,-0.6165261087669531,0.32703701156058185,-0.35768076054744036,-0.5305710290661922,-0.465895400524281,-0.8360394502398913,0.7714553713211902,0.6648162191667504,-0.8280845090079134,-0.8530270122837396,0.5762545162202011,-0.6616735288744005,0.11974818511450791,0.13566308880569178,0.08871686096588682,0.7253183095213409,0.15923817541200203,0.6348098858719475,-0.7758073302373736,0.8038281895112009,0.6913609149077136,0.2641352529820411,-0.5769600577930489,-0.3957137386189893,-0.0520259073818119,0.7014884784371649,-0.16008380836547076,-0.8060660452239932,0.6393854890119184,-0.8199720060353279,-0.8431857497534689,0.7708449130291544,0.3542201531376281,-0.4231214969033521,-0.06463707830503962,-0.2860008432877852,-0.3661109278606105,-0.3096879695045549,0.746900964786547
