-0.384412006090987,-0.3614952824120523,-0.3325639829513196,-0.17578072698832647,-0.8463179768803464,0.324693331657782,0.8157903377832207,-0.58605405246076,0.12964979454217462,-0.4961534706012034,-0.8256087331061079,0.22115806070454536,0.1408971673435062,-0.6294516743264975,0.6407458214746011,0.6741788881926913,0.8785517728804415,0.2923143689315999,0.6499048035027319,0.23076207974799479,0.10851709499053475,-0.4291245826938347,0.9197194972685101,-0.1415376394374357,0.4224559721150718,0.2132448798408546,0.6014447065827844,0.7143744237223426,0.5602646778882316,-0.5651047927470334,-0.46536007505273236,-0.6625819695046751,-0.30230561667394373,0.8467142770549798,0.7360520597137867,0.5284078252231019,0.9856978199609672,0.6096521336082379,-0.847984574828754,0.0022188280080457368,0.991567335767064,0.22916717652601015,-0.6838555577195773,-0.5503534123458376,-0.10987421337675052,0.7428888732595937,-0.0628598057824421,-0.30641973663989863,0.7831791631867691,0.8830723744690929,-0.3647651225579995,0.19318511871078003,0.4390169343706676,0.7746368249528757,-0.5491196267336027,-0.08209302773100546,0.2692422317119041,-0.27164180543501115,0.7505761945751301,-0.05165774548158453,-0.5429685406986331,-0.295853976259821,0.38416199700920317,0.4191962184224487
0.464922683804327,0.5217277083335243,0.25992632411908745,0.8041687741028549,0.7045694774140601,-0.6167344834246808,0.601442336648188,-0.7559823761910303,0.1443295631229562,-0.5354514111200162,-0.20595659365620111,-0.27389397413798355,0.4838717481241295,-0.9344605373897987,-0.43794901140318565,-0.9150279729448625,0.4656290927975597,0.7330907712642334,0.00781235709664635,-0.7777181884534838,0.9998480028193786,0.10157018772580106,-0.25372693404375424,-0.5825824731403246,-0.3523247667830567,0.7642207931436167,-0.9936312388828492,-0.2857349816912742,0.21509765440134984,-0.2909750473549526,0.8790126595207017,0.6342010002750829,-0.16174225021747612,0.23424533690059124,-0.02198402063442284,-0.5187398113301718,-0.46468897405965204,0.08499367400126201,-0.2130207401821822,-0.44196678883785134,0.8525034484517888,-0.455779202488938,-0.8885008517988215,-0.422057937326181,0.5671943206923649,0.07476717980817615,-0.6500234831078455,-0.4205560996561668,-0.20498781902849106,-0.8699826195091183,-0.6800292820911156,-0.5799849750145414,0.01708262123479498,0.4236508469192384,0.4219040175308635,0.017027392218011306,-0.1861544866219571,0.24391260182482877,0.5077087199528152,0.3669785131002328,-0.9949206896804041,-0.33933187290809297,0.9376194683626324,-0.014163163725092298
-0.8354567410309723,-0.46196209786140163,0.09623561433873173,0.4430666079245562,0.028972560530583946,-0.8759530922263536,-0.38294706708002213,0.04709749944564212,0.3379730955439837,-0.5742764477551521,0.9512256073044376,-0.39531967223100617,0.7550503832237268,0.1668060980867816,-0.8355734649339006,-0.7412763407628313,-0.04856868524713476,-0.5613459387761719,-0.7898954827590698,-0.9611529375439829,-0.21144611015022116,0.7526820750611563,0.25910473633166875,0.21517641290781553,0.7899594872661613,0.6894273045952519,-0.22298299972112257,0.9879161370002207,-0.7966864701805962,-0.4953742943539361,0.1474807257676798,-0.43394630381972776,0.3514207926550592,-0.054870969760223876,-0.6737713492490316,-0.031185766160277684,-0.39181316978694725,0.9917474440323573,0.8059879435328643,-0.2291031240806738,0.8720631168019675,0.019357881088623907,-0.5248162717929972,-0.450204567181113,-0.6799340578346671,0.928196253860349,-0.3619719880589567,-0.1536871485198683,0.1579252795162076,-0.9197509005416138,-0.9064397952012566,0.27194390644214717,-0.14575376789092975,0.8818079644126788,0.9274107425567295,-0.9829795264908356,-0.9171157820576346,0.7444802284020973,0.9809543187178205,-0.1795349049753574,0.31511164880822623,0.8771047343553637,-0.6501082898403014,-0.8940232778264661
-0.49796285038320764,-0.388793418546705,0.6685336267200637,-0.09802644440084096,0.07205323229489236,-0.6635423572165988,0.9661807993589719,0.7927977234861587,0.1482904593743164,-0.748844098428783,0.8078894971003416,0.7641771272315745,-0.9251113538113269,-0.3747424080613908,0.8948844879308497,-0.3994348777897214,-0.006725933942663742,0.07665756932703238,-0.20757546050137488,-0.5977102984231609,-0.3281408260077663,-0.6603819030730733,0.43857778590113217,0.8475511499750221,0.47043359485499936,0.5816525835567965,0.7608360040578255,-0.9703619257506617,0.8060971582727527,-0.6335265098695924,0.037119861574764546,0.22922433814149934,0.7698870704105119,0.8714921616972404,-0.4378893127799437,0.9192263943392758,-0.8664069503443634,-0.6334073412284453,-0.8395119741112846,0.278409104074238,-0.8101837160672933,-0.23946297954917628,-0.016149094753767246,0.9686427047045769,-0.8866574096000055,0.587908568962751,0.4780178254631433,-0.24183040280450796,0.41653566418973065,-0.42031985783583337,-0.25998143889567094,0.639338695670691,0.2913084013549496,-0.5047949848508066,0.11021576247332554,0.4702384158244477,-0.41429468411453674,0.9055876770219238,0.22839942259350465,0.7192010606344073,-0.9153421539139512,0.42524110701069184,0.7066419521439316,-0.9963658514453013
-0.9910868763468652,-0.10897520339096078,-0.6823242020038238,-0.5107351313375001,-0.31671636989453633,-0.22488403010068558,-0.09823983538284331,0.3527344008500357,0.5000513579576198,-0.8524185576907488,0.19261527670297118,-0.18782423116861469,-0.7917046036578976,-0.975357802450652,-0.6734734484188608,0.9476440840319433,-0.3347122202639765,0.6576540499624557,0.21249442580358857,0.3738354906637871,-0.03583427711584597,0.39273602299885324,-0.2970624095296155,-0.18586246596110523,0.3504979728781823,-0.14349756097591304,0.21632430985631745,0.07271765325922708,0.3160232417132116,0.6477323470325842,-0.83717813406752,-0.41491296168103564,-0.13049514939099605,-0.3117582129552663,0.6991977785946044,-0.8190962131018444,0.15703285941731693,-0.6282892201361625,0.639578008037468,-0.14249114856995337,-0.9436181059409795,-0.19104591244248392,0.36575409544635185,-0.32902224760195214,0.10834799276404139,0.479224882405074,-0.060300759709219776,-0.5886386452969399,-0.4545344973957586,0.7166142195071685,0.015529371817352589,0.30038851140833356,-0.7634234098162602,0.4837883848477771,0.2665983673948087,-0.8586596450408877,0.6565677131382064,0.7690440650022141,0.18277534878859414,-0.27096839703508313,-0.6867258559693283,0.17978087289698252,0.31869109904595544,-0.3996476879028128
-0.6421546164864631,0.3409547947525349,-0.046961636071159774,-0.7384604194066822,-0.02733227497718005,-0.039504809831081955,0.2497106185984288,0.6091993669324556,-0.10022620589931308,0.3121639830074139,-0.7380121981642003,-0.5579148272673624,0.5895687015246673,0.024021286009065612,0.011255729186828267,-0.31195339532308775,-0.7723973947286618,0.6499080883201078,0.016195320332732077,0.1484666500599756,0.06685989899622236,-0.23704800308969687,-0.5633089635554329,-0.5192395325824348,0.9778770335319309,-0.028508821401187046,-0.12062831129389351,0.6360045372132772,0.7163330805763297,-0.06960656875043925,-0.7958551462226258,0.2455396708271238,-0.37047853863186564,-0.6212808638315478,-0.0005051359378105413,-0.6352250559480757,0.8355171172083062,0.5711962291320507,-0.9162995333868289,0.7487426423168124,0.235767734751559,0.5772299739934879,0.7265469139712061,0.23414925987416013,-0.7884382832325594,-0.21877214083719765,0.8341731513569166,-0.8663112537739048,0.8042185059075988,-0.7678658001300733,-0.1382887213150228,-0.46975576206487146,0.1342691595271177,-0.19380482496208296,-0.48657803791847964,-0.0826500224686959,-0.4566266151327736,-0.9670294268562503,0.5707469627938113,0.11738080151518715,0.6852879276033845,-0.46557447069195756,0.9044337961251017,-0.13312696094107324
0.8638331648846911,0.560784649544567,-0.13750112882905774,1.0934223262508902,0.6755532428982709,-0.5728942682776086,-0.5128919893640742,0.505030170733002,-0.872987912140563,-0.6391692476931448,0.5713561497104767,-0.965411252462979,0.899262052916878,-0.9692059424169335,0.1930232632454893,-0.9906318323235239,0.3055470961501827,-0.76384209049032,0.7974520928063085,0.24985935880607335,0.12721477248526747,0.9683683951293101,0.9370959312520897,-0.022736839141958676,0.8897676875324174,0.5687099531861808,-0.09099397166516865,-0.926597360954553,-0.9245145313910494,-0.5775904353576464,-0.22101413453450536,-0.3038838680933167,-0.6548185110391902,-0.022981226801042087,-0.8178069408577275,0.394466334932591,0.7774362180822287,0.48481581017486614,0.9223707078477306,0.0670163105219328,-0.7235968904475014,0.6627887289906518,0.5520663782688573,-0.16593682707922763,-0.2731382636666315,-0.28985556185475025,0.5895527335866833,-0.18470470140980266,-0.7185571307764522,0.6924662116486953,0.6880342854643258,-0.1568684207280986,-0.9264467160176211,-0.34608774729983005,0.5431596687527613,-0.8277130659663354,0.2427670619945148,0.9760425108240982,0.4393597633215236,-0.23209636136614686,0.23328693963641367,0.2692226608510102,0.7172078659768588,0.9751460933910829
0.6859960077471876,-0.3108117479404675,0.2961350036913317,-0.3321069548111888,0.22438689938846412,-0.9828349947210899,-0.06233428368776206,0.4981616682364547,0.6569053606222353,0.7739975352039754,0.09682803070719509,-0.08037347660055194,0.7203518376014992,0.5768975338912397,-0.16167862480763295,-0.789663144314211,0.03242960966454422,0.27114984913273665,-0.6341556231919863,-0.09821443914838901,-0.6056006890385452,-0.15002397979580406,0.18784992689637514,0.1120550968616405,0.2833437810687962,-0.8325625057012762,-0.07287268125929502,0.2610634104338734,-0.7530391977359518,-0.002002161621547982,-0.9654713492813174,0.12739920182467523,-0.46711754059854815,0.8519952268654036,0.749736528706396,0.9423335598389517,0.519948545400897,0.3383771598596985,-0.9637830838995316,0.39501562481775954,1.0097114657989006,0.929274940119402,-0.5294154591732447,-0.08597306664573634,-0.8059721609281982,-0.6520995989008189,0.7225261676682206,-0.20069155892080537,0.1916340346482468,0.27160719763350527,-0.42393993369752914,-1.0443492726452528,0.057221648901740085,0.4033541516564898,0.528747989737606,-0.4038554372742609,-0.09436326105996051,0.734433485793248,-0.8965524251962875,-0.4269379775184008,0.46134943341956003,0.9607680251704038,-0.9516939819312091,-0.367710567271033
-0.01677704333655372,0.7671518444825147,-0.9526072437214759,-0.23368505057082023,0.7209887780005162,-0.35404516368304173,-0.7916283767449521,-0.6365475642705284,-0.22251830612986306,-0.7917166666055974,-0.5688797029846859,-0.44209362650878115,0.21348985631861184,-0.6164132076081839,-0.2623225610069798,0.5267016680130002,0.6434416060872878,-0.5492419390653707,-0.5691931972324702,0.3762411261520455,0.9954727007652897,-0.1789730137492498,0.06742946135166528,0.7387091610742074,0.6703626818667789,0.0929545271746588,0.4013474119021956,-0.10568635504299917,0.45459691244098854,-0.5859739101984711,-0.6635134730326497,0.972087300787803,-0.520093204803169,0.14944638940045052,0.7736866342357434,0.6718994028557366,0.9352134928430214,0.03584400935062915,-0.14606291632086843,0.363045938432884,-0.8976385239826099,0.42179668630363376,-0.44095775335244136,0.011226147262347164,-0.1871041583153823,0.9945098077096914,0.1443366259452834,0.9880888348129242,0.23226042435550281,-0.4276697359699173,-0.28893799432912326,0.4253244762692556,0.6034848616992223,-0.44907748342449727,-0.25580667477139807,-0.2015363079994752,0.70000418214035,-0.47299913861672527,-0.8090248199395484,0.776898385269511,0.12312368574598676,-0.9177129732874776,-0.6851224112209995,-0.3574426565822648
-0.9019746507200539,0.6668801373537585,0.9071558686829886,-0.6732340436587776,0.9377249160979839,0.06538578187322197,-0.849799256951119,0.972437897545753,-0.9324267248192657,-0.9674416570295998,0.9262592426746128,0.20924921382365724,-0.26569896933448334,-0.04146619751993175,0.03487691763683398,0.1824015265447192,-0.731963705069826,-0.48248785781875975,0.8488733957510335,-0.4714436624130096,-0.6097233427516928,-0.08054249508254263,-0.3805220938702838,0.5083610462098802,-0.5485449398498181,0.013130574881420998,0.4107379656314327,0.06944324185783635,0.4637392238751674,0.8387735557698401,-0.6974698175064404,0.8895758468099169,0.6172841584882358,-0.3867484200063223,0.8858205103374082,-0.8962229957784678,-0.5353659318211212,0.8944067344702007,0.7460094244071489,0.7398409128624432,0.4243167226896969,0.20864613331866666,0.23779217600976854,-0.9123141000806805,0.6017812739834756,-0.2751463300226813,-0.26485161002631896,-0.42570878855275107,0.09817324531870542,0.04354810041120416,-0.1621519771490778,0.963096390638843,0.2257966589466534,-0.14713063841856266,-0.287907514418555,-0.9135280194484741,0.37135127553700364,-0.6898537718703466,0.19651777180592456,0.9483621331150021,-0.45712795931862504,0.6568142326724047,-0.5439540310401532,-0.10778356781792953
0.20878677374269916,0.29745395150397314,0.7214655475032508,-0.734261510518986,-0.031396497647062205,0.5091359171686887,0.8587355446805593,0.9973104525616723,-0.3140351676552273,0.47769868149103467,0.17605855931901448,-0.9889399254811699,0.3228868201207866,0.2932700252570246,-0.08287733635877337,0.481880386181448,-0.15483190685269155,-0.006095391907856795,-0.6408725363688985,-0.17408647946753875,-0.19226757572202824,0.6416709646823149,-0.18898748852362957,-0.36724184207525434,0.3846469654940736,-0.9102790393966438,-0.3364465225384319,-0.063217362982255,0.6438152820418539,0.23688370223060695,0.6343522257169509,0.6030144701049673,-0.1967563449787484,0.6757330631665817,0.8464946232036419,0.1387319575589212,-0.221884872469845,-0.25529449360630996,0.8315826631787646,-0.6266097978931382,-0.8057000388956395,0.6125783894514634,-0.3073730625797868,-0.33752101010785207,0.2521339527357609,-0.4368026636518687,-0.03678644546476306,-0.8950494649870034,0.015557433796115738,-0.8458644205007697,-0.7184561649345775,-0.6286002463404083,-0.6231766896016366,0.5197828025414393,0.37830435463285905,-0.5980975276099347,-0.4110092209552145,-0.8051555592561055,0.4773527484864919,0.4708599219177436,-0.4831634912046274,-0.7263157330538879,1.0521402007355474,-0.323536983799098
0.0017480654384385286,0.29146033368989066,-0.20912410517810587,0.22942946154549837,0.8498177386381087,0.8193328705872138,0.5962508744257615,0.15850423550614123,-0.0798620604531306,0.6116827066129891,-0.7438250071945114,0.6196290911911202,-0.7100767107534469,0.4001687304954365,0.27472677156501946,0.5993102484359387,0.9286228962374434,0.2034800608656391,-0.5989622207875505,-0.7338082103399151,0.6808912808515628,-0.8940380269285013,0.9006104803914645,0.017141288607729566,0.7311836894978412,0.39937821347034186,0.8442570662041746,0.39674915378672393,-0.6699870968962207,0.5110668909275029,0.5588964120571993,-0.8369975674601398,0.7490458102542403,0.8076586390296543,-0.2012550985482792,-0.13555868116883563,0.05732837761431919,-0.6777507292324365,0.6495683969481809,-0.1586809022177018,-0.06350743047693364,0.24162203376843383,0.3376037329358075,0.4193906777371561,0.230088726622391,-0.2294431681480007,-0.10010041663680314,-0.7341545548945354,-0.6409069201647939,-0.6087889912453048,0.43569219763858125,0.7702683177265259,0.8880219641487674,-0.6777509409854334,-0.7432163168313473,-0.35375751619328044,0.30635390732936174,0.1488322275340841,-0.14584018345524466,0.6373497226985665,-0.36411886700514795,-0.00546826519982857,-0.5157797923512468,0.6088048791661302
-0.031097709213319114,0.4403614182220559,-0.6910976428175464,0.6179910511465174,-0.6261400529847378,-0.875930262259198,-0.4092883088923116,0.9334565410547224,0.6418038571482285,-0.7354262966500738,-0.10659472362994138,-0.994283156256059,-0.8019585791536408,0.6357454551421748,0.7464105800493201,0.5915986606770334,-0.18811568845800308,0.08282040711503402,0.5156209343464684,-0.935643371559864,0.367592108509218,-0.055983187106473986,-0.11046825706084995,-0.10267550803605063,0.5585903847494891,0.09680579476528361,-0.12373172193682236,-0.465826196751814,-0.0900502710535005,-0.27388941634436015,-0.42730801022624476,0.7799982912207335,0.6993173319868533,1.0353219164853558,0.24974223247164762,-0.09116634446095358,-0.24908583434043075,0.651913866696709,-0.41967021829107853,-0.10082980178313483,0.34014808299927135,-0.5111929671641879,0.3606416476037071,0.008192549469839605,-0.708958535859971,-0.5558974341740155,-0.2325103688314043,0.6882427455028459,0.06290160286093838,0.8951276729969857,0.09212785902163789,0.5539153769549758,-0.22721389670597003,0.9311175754586793,0.3667643489086927,-0.16955029262739396,0.386802766092478,0.4630599709299954,0.5005768643342869,-0.8366999449782324,-0.6752567250895722,0.652500923109609,0.29782154245525416,0.5419572001810101
0.13501594438870312,0.6828102911022018,0.8246152294238223,0.7291151879941409,-0.20907167811314276,-0.3066897292981474,-0.16906211438607777,-0.2479462773194665,0.17655278468608948,0.22879776980747657,0.6019693845050762,0.09279121181405836,-0.006037266930817076,0.2939169201738463,0.8456807606610475,0.7490728254268366,0.17218123936613372,-0.23127334183346093,0.5194539246139269,-0.9691386419675223,-0.22284942431620425,-0.812856522401346,-0.3888143891113507,0.4006236415460216,-0.6798788117408479,-0.9608112644275231,0.30292249999170645,0.04864223549653168,-0.8090159904008165,-0.40686200559756847,0.42973470878381725,-0.9529048331666536,-0.19146681887310768,0.06957115913578482,-0.7953026546946755,-0.3087836090283873,0.4678789035834501,-0.43437369186244523,-0.5701561257569383,-0.23685600252710115,0.03232587157193256,-0.5162350500103403,-0.49045544674252506,-0.6203669589131049,-0.05168731782581193,-0.4243494582891316,0.3313937704377812,-0.1874393382505668,-0.18226072858739872,-0.36023815409828397,-0.6977313226920023,0.9250301668925964,-0.2452837647415842,-0.8103828461329766,0.2000681665372892,0.11103909889059138,-0.6037869107009938,-0.31927966772092975,0.3965005275503015,-0.2524232204638375,0.08609932651360519,-0.16193999598634057,0.6375693319004292,-0.19166206410478148
0.5954671214133118,-0.6903086258199713,0.7484933203481443,0.23385715988723882,-0.17686447632197133,-0.918542006910338,0.4445510278253393,0.5158766664236727,0.2309304552040165,-0.11377402796311009,-0.9926399667691372,-0.6707926805971625,0.8486737962212996,-0.6457888015059761,0.02388184475247135,-0.46129515550868905,-0.8948142846197831,0.20803784234301737,3.758276174536945e-05,0.03807608848819788,0.4433000295186491,0.11123220939043055,0.2059068435603817,0.1971771671650473,-0.8755249482158545,0.6604961179777252,0.7931638529751819,0.8283782583100359,0.740999116242328,-0.34497882098262544,0.7352993989323835,0.7473689534830386,-0.4965144167316782,0.9925713985921767,-0.036969752912136444,0.3066044357729405,-0.7238268701619472,-0.0881005142667487,-0.5032879535243068,-1.0836508456777738,0.06572522182081308,-0.39384805819928026,-0.26392862424153507,0.9147630758979474,0.20193832916215504,0.4615353191363658,-0.9547032404387872,0.7596720294919899,-0.2785288360180176,0.7947347791808996,0.47706591747351457,-0.8980358343333179,0.6549656950772473,0.8490623137093523,0.32644619215722726,-0.5900059612977038,-0.1262636629822027,0.5391708375699984,0.6880791827383519,-0.2258792721625127,0.21802621323781746,-0.8116895849433823,0.16609770838602889,-0.9780518341467379
-0.956247970691076,0.8726156074780962,0.3280081300113292,0.33197382242206475,-0.6190028200656907,-0.6576114931215753,0.7804049062011202,-0.08263320038247435,-0.23853709576295154,-0.21608529320361303,0.9097908621174062,0.3980411895591958,0.2783016614290912,-0.4247588169345162,0.13255831533046125,0.9293390910978061,0.3032519895581114,0.5120077913459478,-0.2837906688490394,0.030811141466356995,0.5169539127626896,0.49464772894626274,0.6811226386377549,-0.07593164988433965,0.9562568029038592,0.28992498668835553,0.04070990298166732,0.7597465705011219,0.2979428500718597,0.3496672344106131,-0.43112722365277434,0.5732130721804929,-0.49215125848920716,0.4202537607343626,-0.9656391275694405,-0.09648004022764867,0.717630974158616,0.7484677316521244,0.09770641621489262,-0.043990772443403214,0.34674578451530125,-0.22422841108327263,-0.9017160288255115,-0.29139197589655336,-0.2622572080983214,0.9855326865141143,-0.020882411836511405,0.16519377214994924,-0.9063735197655678,0.34137429839816447,-0.2726366617525169,0.7413112393308909,-0.7148376146520925,0.642124893639626,-0.525595306815605,-0.39943758536610496,0.6570831555836667,0.5715723038163405,0.8662782700446521,0.03355074191970231,0.7899457229497546,0.9900946821190937,0.9023239823153006,-0.22070324627827076
-0.6505501634671504,-0.029610997496181346,0.9928158417464399,0.847549667480261,-0.20250745605468445,-0.9902914820139603,0.4169055901219527,0.9607285710737008,-0.6388422714363498,0.4859128425183106,0.10911317993461478,-0.36326297515107897,-0.20208535974882857,0.725556117276271,0.8301473626700779,0.444034686368884,0.11048586998296883,-0.2251088620993349,0.6808156298028814,-0.2502290212585201,-0.22038905635912398,0.15299857562811875,-0.9656019602487347,-0.7208352236970308,0.23891804835999864,-0.13470804237657497,0.2974142935091397,0.6721049620666071,0.2981548668477667,-0.6598564335023581,0.15967449671566003,-0.9384067824401865,-0.9000376980387756,0.40702842271496675,-0.21911005379836634,0.4888667073570083,-0.9310884426456223,-0.06321735931885608,-0.45451341990375993,-0.45314728506816615,0.6205861806093793,-0.31812457134899286,-0.3203954191252947,0.45776719725980564,-0.5909493396162377,0.4350314131912867,-0.31922669139896365,-0.5893796150893875,0.609127879266375,-0.4437964173165483,-0.10421599900247447,0.10921224721422362,-0.6469844962169302,-0.31903645675031655,0.056418332695967965,0.3228459057487103,-0.3068673655075267,-0.7499726502412698,0.04845337378117823,0.40050739644981004,0.3727153301315693,0.17152259058103647,0.9552227502832817,-0.6412101753908888
-0.11936598840039925,0.6169495629294983,-0.5986513499903761,0.7369354199442246,0.7212395460964907,-0.19815564499988159,-0.23567239875576118,0.8361254166021923,-0.3480370587730024,0.4142609185546191,0.5867543197269843,0.7777025689097605,0.8573867589006519,-0.5252535059823622,-0.623018650265522,-0.47841348794592986,-0.2996248457487909,-0.08745794598408807,0.06240042002806745,-0.3435679271490033,0.8645771730509284,-0.911786283869096,0.9136214422776192,-0.24223816837880469,-0.5659033738657782,-0.05917538382368326,-0.7389368182730156,-0.08107406169267883,0.9005248451371544,-0.9778625568033616,-0.19374547624333371,-0.8575593877881353,-0.052759023904195734,0.887536728135994,-0.9402605208712911,0.5796248484645525,-0.7831319840762314,-0.13517742877864225,0.7770083950823345,-0.6819099014179768,0.4324462142320924,-0.2881501136048752,-0.6914813389241588,-0.5412110162553396,0.5767733265688504,-0.4338736434359727,-0.8925740933182011,-0.4865996589453674,-0.09638989174380264,0.1424966084882513,-0.037661580456378435,-0.30794120649631385,0.22890006931276718,-0.4925189290850305,-0.13419868325841677,0.11331888788411115,-0.10696343286861798,-0.7014990815779116,-0.15067485801947278,0.6894890561234874,-0.8202627099471522,-0.8021436552037056,0.24763907846300515,0.30360957467549166
-0.962551085582668,-0.4064491866416209,-0.45277322160659317,-0.9376541693267044,0.4059908001185315,0.497569934346223,-0.41642847149450657,-0.5782804243710917,-0.1894038299278531,-0.06063263155699139,0.7978547475635294,0.6167820219220312,-0.6742295360492214,0.44729669140811645,0.1342405496721073,-0.700808996625538,-0.6414830563849003,0.5572199876948791,-0.44068786902847035,0.7900894164868395,0.8160328920831621,0.23823713542791913,0.6474275513614791,0.6949698494877758,-0.4198529114676337,0.28939008191495996,0.4626574711604037,-0.4670259905849041,0.056028817596894154,-0.8400792350487616,-0.5415897435335628,-0.7348893285791331,-0.8284921012991864,-0.7410983434353331,0.8231263440616903,0.29477027270584966,-0.11230015964565299,0.9014356639129273,0.08501764484202678,0.9493256388390023,0.7360179137371115,0.13311744504201406,0.17346642128624,-0.5817458264860939,0.37266150626834077,-0.8029903316567959,-0.756245130240091,-0.29530836539972904,-0.9056786236859542,-0.3096308266358484,-0.73504401408813,0.5365958164528959,-0.907853039483639,0.9251120663598373,0.9681345942471253,-0.022415599058543734,0.5693957707986881,-0.8745260737378182,-0.249519745881974,0.9318265698006933,0.44060309835457107,-0.00242012202388997,0.10827411680325771,-0.7650560217560882
-0.34470919524278676,0.1961767920486559,-0.7583940054214044,0.3824286068148792,0.11363814785062432,-0.199589069658187,-0.5012151872402848,-0.5088926264223772,0.7103545049457349,-0.059957067414174725,0.9801977556572969,0.5125139032747668,0.8258785259005605,-0.7833662575673628,-0.42504384260784445,-0.313194435644246,-0.8806822301600195,0.5699525692072174,-0.8627584678150637,0.6243197330625723,-0.8532326031885482,-0.9952456027535193,-0.1578662295530595,0.4687163872981548,0.667919934582367,0.14141774544277608,-0.7343752692664727,-0.4712150320452946,0.39827905321910473,0.01852743418255165,-0.6572134538139192,0.5531764413705589,-0.10059077611369771,-0.8215498384921835,0.10795615463151953,0.914109563168761,-0.9207284216797418,-0.07831439017721409,-0.07207770395728663,-0.9756464740446653,1.0456952999618987,0.49943680364398446,-0.15141471555589775,-0.16659166098025247,-0.5888261511513824,-0.9144107205126268,-0.2445693282663841,0.44891090161757985,-0.8517035357170177,-0.8971414755001996,0.9422265974615442,-0.35232050770508083,-0.8498834863444653,-0.642039878655783,-0.7106358497659024,0.2201462320047467,0.8956259268899252,-0.24388936953756146,0.38590615284772456,-0.7005831542798255,0.39731007769743937,-0.18419220727209606,-0.732842535386295,-0.11381063094586064
-0.06973614725280464,-0.27843642940878466,0.8039014610417379,0.18434397174501602,0.5501748455874009,0.5411356553163491,-0.5430590661087744,0.16533336258409514,-0.7130421555479083,-0.39343998042828043,0.39840455132393515,-0.7498150451219077,0.5216967093706755,0.820120029774259,0.41381903726214686,-0.3438381695870155,-0.04881144973779494,-0.4058588623549719,-0.573232522029856,0.37294960247958064,0.7151873020293746,-0.7137222026137064,0.1842220790688449,0.5000691889658713,0.6954776412746546,-0.1742851097690883,-0.5262376961063697,-0.8239119927447625,0.5148408384817595,0.22351463787564668,0.4880310150318514,0.9596847968124809,0.5469204104290204,0.07558167949238359,0.253653786377194,-0.6509601005033054,-0.21692292400317648,-0.9981109903321945,-0.658598656951328,-0.11728535505485027,-0.05761650464821777,-0.17204096478964193,0.9260202476798021,0.6862774282500379,-0.21559796223833327,-0.44363325935163345,-0.1958811714858732,-0.5128066050359762,-0.7857174138249869,-0.061504421134879195,0.916300984983736,-0.5007331652742042,0.4073710783571136,0.720577780858793,-0.903522030570626,-0.010287928572170119,0.6616331342516397,-0.8509452577623737,-0.26408739577562007,-0.49290982349259416,-0.991521222975545,0.4273316009743682,0.20614376819665625,0.14777326372973798
0.5485347351050951,0.7299150133390613,0.07563811420919353,-0.6619805814955313,-0.36347923170578533,0.7598781485244184,0.2443367198196693,0.4859296739964267,0.27427977689423755,0.5130341976140511,0.24937229854109422,0.6782814068914611,0.17219365376509166,-0.6190428140785773,0.5406467324203088,0.1437857955298245,-0.718132723277153,-0.632123290823285,-0.8733160421384278,0.39886553970759414,0.9832552760862323,-0.6467449891783235,-0.31906085220858627,0.8755361221489009,0.683497063288903,-0.035075770949989926,-0.7774792961534833,0.0829780360915576,0.5044360652122073,0.6158809741239148,-0.43132554633153175,0.7123087179457428,-0.7846673405219095,-0.008589060352774958,-0.406687185480318,-0.4496099653403949,-0.1781399739460986,-0.6774313193805188,0.7133178254092416,0.0038050363076838067,-0.8362879855916172,-0.3404400965371708,0.9485819727348082,0.021351814511897604,-0.24347527401154312,-0.33186294199938016,-0.49365402582477613,0.47682965484675144,-0.4996007125211128,-0.8835798766149336,0.05993144838413267,-0.3025322162392903,0.6602387071430718,0.4398007162328892,0.11314060335091947,-0.20989186309331176,0.13243322448902184,-0.5615945442018686,0.37747248515654286,0.5400972410445959,-0.027593879523270637,0.8714492604111355,0.3138275212778584,-0.9884145261547936
0.06309312742628514,0.09325997768143046,-0.6404423299250517,-0.3114815379222762,0.2556473650778541,-0.8576743561462168,-0.04176596665407195,-0.8395014400345051,0.2952668416689983,-0.22738338894272858,0.7367040692418885,-0.050816162638443574,-0.6356611615568704,-0.47541611675526285,-0.21537874002905433,0.7027529338842813,-0.9885350451197032,-0.36216495542232896,-0.4754879443127069,-0.2265494519752852,0.9464029687925473,0.10733307014008608,0.7480453779912839,-0.425070084779243,0.3062140004848102,0.927311364242634,-0.47240320237880407,0.111098204914023,-0.010395886591253012,-0.2576293785919537,0.23539216787624984,0.7121660723973957,-0.9325471381197277,-0.5718553987903079,0.6769266429251859,-0.3262179419344935,0.3215623203046578,-0.044376904058381905,0.9926146587303206,-0.250296527097831,-0.6329559304814362,0.8860910667382935,-0.8691682942387329,-0.21631220738660217,-0.841559577270222,-0.33393348622249,0.15630425577144738,0.7052200726144688,-0.25117421661951966,0.35893704467140575,-0.5912292176611229,0.6756851826052523,0.5665438372302096,-0.7370847385829327,-0.8546020500420066,-0.010816115112034813,0.12746108239426435,-0.40877346503706,0.7311135155642483,-0.2147019802308987,-0.06864901351145192,-0.21580489387953072,0.9464582622792506,0.46092145372150156
-0.4632750010836777,0.05595747161355469,0.23595585723238366,0.45297395335691526,-0.17147386902152273,0.885833691357534,0.6657055270758463,-0.3487222969414381,-0.561597103388237,0.14992040656169636,-0.19280964690001423,-0.7422966690087698,0.21716815711430848,0.057699567134065516,0.1722167914473529,0.7952469398779123,-0.5377357741481359,0.3549390803280188,0.32872390198636325,-0.32693884300972376,-0.024721594354714327,-0.41443424882100954,0.38409827391816354,0.5373979289238593,-0.8402123155447125,-0.48353198489555704,0.5729817259781356,-0.13637670439164973,0.286929294315589,-0.9383700288629944,0.08806566509536595,-0.7142309041892487,0.7801276052146815,-1.0782120071635992,-0.1495399986414796,-0.5304769415835675,0.2260939389279506,0.18162938953817842,0.3374474588099683,-0.10636947432826793,0.2287291968430154,-0.4003463503717073,0.302110723650699,0.09698997056864678,-0.41596289777493056,-0.9554211614925114,0.9319801121102615,0.6075378382298113,-0.24072608722317113,-0.4993830957023062,-0.8240148716237787,-0.39094833587996924,-0.4616221711121993,-0.0990411381761982,-0.04327689491335751,-0.24185149243711512,-0.825991123344858,-0.06699967878291556,-0.3599892832765017,0.7056550701513522,-0.6783127639946507,0.41470869945326494,-0.3978630347607719,-0.6780779488592692
-0.27139329691931846,0.5065066391796489,0.12628315585192085,0.8672776212948379,0.5263600210371406,-0.7198815848421898,-0.7950098091913078,-0.4447549774357109,0.912808179862253,0.579317143376747,-0.7148133317429068,-0.7154160487423595,-0.08517744043219855,-0.9775866447733348,0.30606377052263944,-0.7547997091810297,-0.5517709885451363,-0.2503748719742911,0.12916115649332838,0.037147175829257195,-0.291820000763652,-0.4273234017313632,-0.48009087622683233,-0.07929151174329352,0.954186097491253,-0.5205426414356662,-0.1318297939209664,-0.39471768695218046,0.18402760362520687,-0.17225499845094872,0.4079019591296964,0.028457140870153275,0.7827322419072402,0.38273831583530127,-0.5793974033564502,-0.6428982981746676,0.6635644715385494,0.48527563407873653,-0.45143275882047296,-0.8557459909289059,0.6359423643778443,-0.5875376605087226,0.6656916877494958,0.8640326784851429,0.4941892803539914,-0.35713098453085074,-0.6092903888072307,0.6437411541265194,-0.39081686855486786,0.6666239713227016,0.9994552129201795,-0.6380287107382465,1.0553547405588366,-0.04158273480305619,0.2545549183129585,-0.7815469765801799,0.4974307484151548,-0.039892857662948256,-0.9789269819698918,-0.8221057378404222,0.7664247831568367,0.3738243462666522,-0.25233951019882617,-0.7599635971623675
-0.9876700201776463,0.2882929709188691,-0.9888635073909533,0.34254138350200414,-0.18829059543589977,-0.3891666109352372,-0.050978055555950696,0.5374085945209104,0.5725228827043547,0.30149376129804617,-0.5566192949745397,-0.2860943970349452,0.1590261952748362,0.20867719752080482,0.9889214864029174,-0.05161944300626664,0.8284767733237168,0.583652798305307,-0.21034662655704106,-0.7211258857814606,-0.10422588920519904,0.2996991897758159,0.040668923345675845,0.4550800985916368,0.41988405159999087,0.52868410334446,0.9551628707305382,0.3826152687402653,0.4081226008347334,0.725767335001609,-0.2757306363041119,-0.06545004878451521,0.9102220184076906,-0.17467973014711302,-0.2816535419978745,-0.08685307944437937,-0.15874229886237035,0.5830260429398908,-0.2754945184495481,-0.7360231835925204,0.6764067638345497,0.7396768469737749,0.0364977126830921,-0.7275422339095496,0.7761077292969436,0.4213028106224166,-0.8865317274692939,-0.1427400979129554,-0.689260600331755,0.6801132615521122,-0.5610283944096353,-0.28318710915834977,-0.2560147762499507,-0.8876310697839533,0.6815258785888758,-0.20842723025360305,-0.1378615434558741,0.8754118246405687,-0.017554561356337928,0.08092196566917798,0.9169712670624932,0.922107280161685,0.20045665465392748,-0.20059441360491292
-0.5592254528153973,-0.7880378367260743,-0.10803828735592269,0.2330190598934756,-0.43841230769416195,-0.7385200846209121,-0.5256256292925159,-0.9989687405930998,-0.4165371424303752,-0.6933192292105581,-0.7730179520769211,-0.9268452796936768,-0.10505056635388565,0.2112589510996825,0.16891963298175944,0.7295713640695354,0.878193236135409,0.3297536739096376,0.552063864059334,-0.34028537541654447,0.460451372512628,-0.5447113023195396,0.6927566069414146,-0.585613417305745,0.7549915452902425,-0.7931310369239424,-0.31710736334858214,0.9976532020986264,-0.8120228952377067,0.0050322691692406,-0.4086991781146836,0.4098928245750404,0.1397586176670147,-0.901694080828056,0.27580651224011277,-0.42660140564890137,-0.25965322930733503,-0.13894513765770866,-0.07321830543756946,-0.34519999521773076,-0.18080205242881964,-0.09927827391166,-0.4087082740564385,0.5134359325713655,-0.12376907696843875,-0.17499172497931936,0.2842533450848681,0.9994333453271005,-0.5100875733761194,0.47148256933242383,-0.1545276111533933,-0.8848075436784251,0.030412214499684564,0.023257049924495288,-0.6705955874931833,0.396450662382698,0.9639927997753459,0.23053994024483648,-0.17229500803679487,-0.876886313181283,0.1434093863527819,0.7749756071153888,0.3686307016191106,-0.07771933354098648
-0.424173837041232,0.271678109064129,-0.6513468430712948,-0.20391699805909536,0.9735968030937872,0.7462950024091577,0.9290401624900686,-0.5294733562693237,0.7083710872083824,0.08335647525185941,-0.5839874774888996,0.885327893844982,0.9277769069905251,0.23881505248410506,-0.7696996167111003,-0.5558729769077668,-0.9455346508971663,0.722548362220389,0.9563543351778667,-0.05979765454434238,0.4861733304230791,0.6124292634418682,0.2920789416959184,0.9064184977506019,0.020741795511586947,0.8428603784967188,-0.2662564583511866,0.9603887130223441,0.2125247475778087,-0.22079521686608938,0.8457804523548924,-0.8223319524074304,0.3233320454666835,0.4276386401458956,-0.5764160273512504,0.8068575425787483,0.9636064902851773,0.6325793081195235,-0.09890777650325022,-0.8958669272880049,0.2244609373212485,-0.21710862252239926,-0.7330705084148224,-0.43801752710978303,0.3031835998679837,-0.3759403327748784,-0.2579589037728237,0.6059307507775351,-0.6484767177828543,0.6966177987348325,0.037357964213387884,0.23673732820649773,-0.8642429591779555,-0.7958046806662866,-0.9926886402461261,0.21194453690547999,-0.3793113816607594,0.20155921400890908,0.2961020585303884,0.6981213236264494,0.6396861520666346,0.4898688006530336,-0.2076508561253978,0.9548816406078051
0.9724053535464978,-0.849296167802736,-0.22873020201056282,-0.04052851610540631,-0.12776121820344621,0.6869200059274383,-0.34163890218132953,-0.46556155769266505,-0.944272492803762,-0.34267193743819213,-0.5521537928946445,-0.4091130929334612,-0.7666231658054088,0.8710214636432554,0.018906434772045122,0.2870164287082857,-0.12055330866398806,0.43543172891770954,0.6438557658692805,-0.6787956605913095,0.15138764875676536,-0.905715103651102,-0.9238214973397756,0.6269976988941273,0.3459026334684925,0.9812246244370963,0.20991916179600284,-0.25288946014665115,-0.8033043724455156,-0.690681075071595,0.5911571974947347,-0.20611129280420926,0.36460656473334185,0.6785940060348885,-0.5619981342375324,0.4489656093939316,0.8217349234875588,-0.20361036027838653,0.25739259302031725,-0.4619543177169878,-0.25714574001348955,0.9649911951337264,-0.3050585359498752,0.9461338675552109,-0.746738654602398,-0.16811631668029658,-0.39384371538577323,-0.059771474752870146,0.5470175828258601,-0.22021998500942797,0.6776060982535177,-0.4933793743621182,-0.8440663415657179,0.7996224236420622,-0.0842421397973277,-0.2928539721285379,-0.2269704073008576,-0.8845933531046968,-0.4194336143450397,-0.4419486457700641,0.3292802900645504,0.5751876818647512,0.9364001286073689,0.7164158663870068
0.2484672363279823,-0.4470117758636558,0.5560892209223176,0.13192468456499284,0.7173096328913993,-0.5677123528265793,-0.3926731559315102,0.7118323987443878,-0.965537783259458,-0.005195887179088032,-0.39154017446830497,0.6482473481489992,0.803647936983162,0.8548871682867318,0.6351169847676437,-0.9563299993077039,0.8462685005177928,-0.6219148982649423,0.738928991309957,0.8329305619836189,-0.10117708272302228,-0.7483262103157151,-0.4285556875341816,0.8362103759910693,-0.5267274523783183,-0.3932827938402814,-0.14879220022643724,-0.7247334633582019,0.6837566034809341,0.7282930871959439,-0.7894343908502677,0.0285935832709463,-0.9539375259317739,-0.5873622196512054,0.4954261275776308,-0.8893339563113905,0.8102445101609266,0.7372574120372932,-0.5959313396363992,-0.6051004516351381,0.47199884459128816,-0.17502833968908216,0.6810038778770973,-0.9602482399328969,0.2257169579230509,-0.7553692170395794,0.7012971571399529,0.7755780873757867,0.15851349606411813,0.5968819061543471,-0.8114008876681793,-0.17102678521775583,-0.4775722232511108,0.22098868104201275,-0.18916500831814287,0.862954931499504,0.33721808893325367,-0.255727845899556,-0.8210109089393938,-0.6171051198648911,0.26348736342012474,0.2217283146449005,-0.15718555111960275,-0.010374771490827106
0.6060981288757581,0.9345140146520605,-0.7379666594365424,0.4439585594219022,-0.1338552852587449,0.2766618789750257,0.26689327755680936,-0.3869871272622625,-0.23374191491264606,0.35464346963446913,0.5894875301848033,0.8205163465799927,0.10868896948396967,-0.7405263731985328,-0.9864356094896363,0.030683964100570504,-0.6587589087871568,0.9516928847707053,-0.8819926640312545,-0.32321524544892655,0.6863435880022719,0.9997348697493096,0.5556194678394284,-0.7076426738421251,-0.7383473404581411,0.23394731219918263,0.5671070820437436,-0.2882726362650243,-0.3127648448098075,-0.1377945260056136,-0.30942871940958927,0.10751474607540024,-0.44863726892540545,-0.09801366354102092,1.137618997873339,0.2682754951893896,0.7266158328819456,0.3419078651380123,0.5929514075796738,0.2691735797499002,-0.7071697732285649,0.6958214943444445,0.21735180134469845,-0.0038902578863702075,0.16258767511208644,-0.8355276265961442,-0.6645408147035454,-0.814389543706195,-0.2600282301049721,-0.2651754590696396,0.5905643095813553,0.026633935859861735,0.7369061090701734,0.9201194578708268,-0.9049586050135112,0.6846684824085545,0.162857092624612,-0.8771901038478729,-0.3900425602843125,0.5304082611901728,0.40268937137096295,-0.8794157591356659,-0.26731070319463224,0.6891230023470802
-0.794839999091624,-0.6123050974351607,-0.7627890094714982,-0.9970013941778708,0.7639290321226773,-0.8596714295580092,-0.6045464827797804,0.5267300748225898,0.20598525341723928,-0.7960855917707956,0.007091572365759191,-0.010540188374298154,0.9596861712723777,-0.6752182840341221,0.7527846599705756,-0.7157228607030643,0.6906453840826627,0.7943896775148374,0.6144635028266325,-0.6033052788538118,-0.8885732854508888,-0.653621167996389,0.5255373162174057,0.855844871836166,-0.1284505039285322,-0.6743028152379618,0.021752491561619403,0.848359387075935,-0.033321405680024174,0.43022097827180805,0.8526066306916324,0.018599329811258336,-0.8664968387814268,0.004834152412260595,-0.8624350334196436,-0.7280304035398972,0.3837907153549145,0.12042340500673276,-0.9913784211085441,0.6135532397342005,-0.09582845195131484,0.551565941988716,0.9925755679570021,-0.7619338891980678,-0.5501083801823814,0.524633800322519,-0.028372161762942882,-0.1072154519632409,0.8983655635573917,-0.6099468148265421,0.2591070027715485,-0.06909444633254136,-0.7347498555598657,0.9446776461208211,0.09788661220212677,-0.13597480014593,0.4093057526213415,0.0941250202376398,-0.5688447127824607,-0.9529093551846048,0.7059691819597758,0.5161001032293606,0.9218388966319335,-0.5405130835039902
0.37686119497372084,0.9969311440019399,-0.23435927047113503,-0.5461226535976271,-0.9383257919895163,-0.8644982586302554,-0.34958892839209077,0.3592374928622757,1.1337798877637333,0.3819406869701771,0.4049841804504435,0.3887377173777389,0.4691636192805886,-0.14188255836422048,0.9533349493765821,0.8040967657226614,0.22405343924809618,0.6683170036588706,0.4778241726572281,0.663687041714953,-0.3247361182963515,-0.4812817132372893,0.4707207836883356,0.1754725551712233,-0.29870382181693755,0.8414191505644866,0.46409970328592265,0.49786198909412516,0.60606528756564,-0.4165943208552388,0.9635302209852703,-0.3221099102770084,-0.39474338240675455,0.7138291672295982,0.9788260442106533,0.7424894570537681,0.06455567446047766,0.21077732009586536,-0.38274702915981673,0.8443233094852025,-0.6196813618801458,-0.11880333821357203,-0.7168045723913339,0.11070984150867647,-0.2690591020071045,-0.5386284271178405,-0.6837898351059597,0.9883198402739899,0.6692044541683018,0.342294828198104,0.7349774529063622,-0.45794802126035594,-0.39729206880725987,-0.16162290356133613,0.43344715837400516,-0.33016968536692115,-0.12263912202610988,-0.7324811106126304,0.5634756775783485,-0.45354927572626824,-0.7966715173297509,-0.5777609063766325,-0.8132153089242149,-0.17978485250484977
-0.4484977231930687,-0.7319440853077899,-0.7976469137650157,0.8008166765381589,0.3721057172383473,-0.36625273931497127,-0.6834960149905529,0.9523329608174564,0.23994793263912806,0.9899178806412867,-0.7292100966067367,0.9854528102758684,-0.20713797211725327,0.7182101955716786,0.3457410301807793,-0.7142444806067108,0.8659681541540207,0.014185066797891999,-0.7434980119468897,0.5289675958118976,-0.7201985842266725,-0.025018222906153798,0.33435741687378795,-0.9489924234085598,-0.10850484693950335,0.31262545316548607,0.20158384002154484,0.5823933182573262,-0.7877466409919569,0.6218451244842993,-0.6827789411259246,0.3951642057945446,0.8991549804176442,-0.8456884969900902,0.6573902728370539,0.3426114906569848,-0.692033077556526,0.38172400877693446,0.47518801455380233,-0.6790315450534803,-0.13339174403197762,0.4799912286120418,0.3689379600874163,0.5380611960521404,-0.7961664249413909,-0.7992493588431155,0.708689919668694,0.4369878344367457,-0.25243495997991716,0.9342079890153023,0.8256887847888308,0.9320831081793219,-0.30845124404351787,-0.9133149434598973,-0.7319597013831127,0.34731088621047257,0.9894443566415316,0.37064147219659027,0.7329535379846897,-0.18898631149977319,0.1611404236020369,-0.10853827361928525,0.09579442124119586,-0.8545062710184086
0.04755568369619945,0.0577536862976169,0.0702543904782511,-0.27640480302094894,-0.24546581914932752,-0.9681833798617072,-0.6646753113748871,0.6032393656223836,-0.8921540008462703,0.553350832651567,-0.5525610677073975,-0.996265162153851,0.6739312298699944,0.4251112230685672,0.565617941150875,-0.38337948970504865,0.6339095822958098,0.27127001642544135,-0.5384109521101508,0.6471946285699266,-0.15851782890566568,-0.7516435223700129,-0.4591566309671071,-0.2637956288211709,0.1632770230051579,-0.5659788506414667,-0.6082719074386808,-0.051181112994079625,0.6574841222800809,0.7039099123279755,0.7936500085098912,-0.642949446779413,-0.11517418552610614,0.8558903406157388,0.3317297710904772,0.21595854730154396,-0.5662724493253026,0.2353580540180793,0.8689264413945008,0.5730804276460775,0.20652824352529664,-0.3098044681087257,-0.37768829846883745,-0.4193592198731877,0.4043074696895337,-0.18474956738776305,-0.5830505365937084,-0.36654141212042624,0.18877899639371587,0.8500944761089755,0.695328119187232,-0.1615288948253646,-0.599526430815412,1.178045223180868,0.6921721072695652,-0.20302448696383735,-0.2001831050013163,-0.9737402086356297,-0.3939766991866507,-0.20533862271132297,0.754333935936921,-0.6806119955479366,-0.11467136870438321,0.7321609712243471
0.8816031925315015,0.9986181047149185,-0.1770516450584032,-0.7738414436726304,0.253368030181528,-0.27140301750312235,0.9785414204948415,0.7821019071984623,0.1797644559837368,-0.5815583190056153,0.2567360031198751,0.06021468913266634,-0.08314207495632209,0.8789187531794855,-0.4459789003164658,0.6909788431133999,0.9394433185067164,-0.7942563971211518,0.6912529246855947,-0.004754588280839744,-0.39574083401956006,0.056756128776743964,0.4217466909605816,0.0699716353839448,0.32909835289783995,-0.31684728884762037,0.14681261841751225,0.5883899940723536,-0.35304851023042017,0.6067433913381388,-0.12613881838228047,0.6868335187149803,-0.2519950943888931,0.11951816669868287,-0.19908204677303143,0.7489610357984657,-0.7288645984044761,0.5956377805820916,-0.7910552001552431,0.48024974277653376,0.029397000946238983,0.5501599564152386,-0.8384381640169931,-0.4600368427396977,-0.29067678183662027,0.32213114044783075,0.24398864351899485,-0.07054106201884314,0.18254599961817086,0.9655409003454893,0.9168311026597054,0.30560772205051,-0.8344476668913807,0.54364287236132,-0.14994818215710803,0.9705646262496093,-0.05745644138064754,0.4158994864136998,-0.3989952183102128,-0.5129583201283316,-0.8997994556907927,0.3017138680511575,-0.26710605977115554,-0.8785021624803286
0.15678713331832173,0.6939080229421855,-0.9945551368896286,-0.5744431425741183,0.4892148398121239,-0.3029241379630824,0.5267470025782426,0.6014079239239527,-0.17261632691127926,0.3531356100145582,-0.5131953111497283,-0.5503484145578272,-0.03311256601786372,0.9090233075037262,0.5428231286917309,-1.0143449083103355,-0.2050227548773782,-0.4237942191271591,0.48553730313977983,0.20568819262401483,-0.42637725240384,-0.20124667463177404,-0.821434802434978,0.11596960167252507,0.2614939935524092,-0.09951377322983879,-0.1646926974733618,-0.49508729413321606,-0.8874517060290958,0.8235963166029394,-0.6970969975935994,0.7566270137601283,-0.7649843689183105,0.6775815176865945,0.044991566532544436,0.445717281015481,0.00463384794127486,-0.12861510222721195,-0.7313951141787123,0.9092636410146053,-0.13205112491575988,0.5268847167070849,-0.8675081998910277,-0.6951565317561148,-0.15942747427866477,0.0913467369539771,0.9859938788980902,-0.16095224016377568,-0.17788493942816208,-0.5053742930731051,0.6999171576497278,0.1241576077395751,0.9902867164998417,-0.6475458741562334,0.6659933451183688,0.1527333030649598,-0.13873438264819193,0.5383659675939267,-0.7078602971405321,0.47640053000340665,0.45101089546437007,-0.8146299117755018,0.3153123895714527,0.24120920154936076
0.23623514397791046,-0.7867319997069322,0.9205376395669118,0.16575783480472417,0.3979867935188146,0.09271624882829799,-0.15132144921437152,-0.6518628247294889,0.808733315310386,0.03370048590698116,-0.6855741796286572,0.49557805253947107,0.6965028115438701,-0.21429830358592028,0.6523751303718417,0.5211289025740755,-0.3982065890830757,0.8446401412274214,-0.5316177312849419,0.08299062614595076,-0.06920339834946732,0.053122331621495045,0.13735416766875974,-0.8623477743528438,0.019660864438395098,-0.8216474724604164,0.44886559807668625,-0.5547462011463331,-0.2805474427826024,-0.3078122268278376,0.24230794867306438,-0.859311314882365,0.1641899803770066,0.8342620210839764,-0.33472465416236663,0.5478661128633968,0.50531122830433,-0.1256390820922324,-0.622372104419923,0.10776792127269941,0.28631918817836066,-0.5089202769208041,0.09575029137704431,0.270160388863276,0.2626413181636107,-0.7693321311856616,-0.016456693446427556,-0.07582519878583782,0.4247783345891749,-0.30132196246520615,-0.1080454240513895,0.46338316888458797,0.4595386255684517,-0.6298069590360353,0.08899975672879434,-0.20237086975976792,-0.30471759018953676,0.9027579147880591,0.9900608419906409,-0.3815258460444628,-0.7007003313452211,0.16853941351112867,-0.1664903369897437,-0.6238721881351834
-0.6632487866264456,-0.46027038933130604,-0.036032648257146915,0.7730666522580585,-0.9474175069792024,0.13372043434037906,0.5788234489912605,-0.901042743336756,-0.9441709936127556,0.749631549985734,-0.8265488566650476,-0.32554893564652887,-0.32412468125736704,0.28396680476177605,0.1535107741128292,0.9746041178793392,0.2565682092794752,-0.4700703089072343,0.8084952012633033,0.16279155734018125,0.2993222211070541,-0.6785557028564702,0.3385877666983992,0.9314736558188312,-0.3559962202813678,0.07428953679787598,0.2721789555831051,0.39149254619149876,-0.28023536082653466,-0.44546125686062255,-0.7857730107976046,0.5015596193266691,0.17980118719688476,0.5145498372683488,0.465627374553818,0.5817826227357517,0.14663549374719786,0.3718613506264685,-0.9539939580221046,-0.21826769852570593,-0.4648620674751309,0.06271176529678213,0.9223698296419719,0.027147573903020472,-0.17846580723336292,-0.4466113557894609,-0.16233779243342328,0.3652342280810821,0.1967592151728368,-0.6144352602900376,0.7181452278516214,0.15503099527148012,0.7858598028787538,0.17900496452967274,0.8158156754836499,-0.05665154935887928,0.33724894104033465,0.3232676513114743,-0.8890059837957904,-0.9639827191035928,0.14342777920866578,0.8937409166951176,-0.7966385746408853,0.439890924577788
-0.6500193798135356,0.773104294966755,0.04509235006991408,-0.3106096007442509,0.3654083357542688,-0.4596485027892203,-0.8263809116443686,-0.5569808185226093,-0.6602952264091801,0.7806633020243836,-0.4988623284243463,-0.6047274083094496,-0.035442878121302535,0.9226848817653783,0.4806317466221519,-0.887101637320636,0.045728374725547694,-0.33031680711899636,-0.4260756762303428,-0.8591147399106116,0.9740000258202266,0.6574899670593284,0.707933977269835,-0.9918201116394549,-0.955997943470769,0.06580567939182536,0.8195833633475322,-0.5251527978076653,-0.45523434790162387,-0.353676065441322,0.15472241530059316,0.39868595089526493,-0.5842125380433731,0.7494783492304833,0.37527787880454366,-0.5714722285732914,-0.3755039573338066,-0.6875037057812704,-0.6286849284294209,0.038912893099388945,-0.3745053194238752,0.9006122131407897,0.06246688187420313,0.14471370034512354,0.6074554687336902,-0.05580764514119474,-0.7318839187860102,-0.5404160924492116,0.8303111144079267,-0.9120641217893426,-0.3918635979833689,-0.2623461537924936,0.7846045051845274,0.5485539726059512,-0.8903836852206792,0.6626962922322126,-0.9532453916150878,-0.27305160889164326,0.5466445872143302,-0.11682244892823124,0.6500670099058001,0.6250282957920155,0.8478769115922324,0.7208800367741697
-0.8120819423099586,0.06987404677452336,-0.5678461317217143,-0.029911478488086507,-0.021775311864326685,0.5373670442513845,-0.0718991119545005,0.40910426591994575,0.031966034054034864,-0.30739845414291245,-0.306041205696414,-0.2698252145489546,-0.5724840249926777,-0.150783514765906,-0.4515106500069954,0.24490935156198423,0.28020635889109524,-0.1255800467647643,-0.28693316633181154,-0.9214823249356328,0.15802433375655656,0.41943341572681203,0.027998606906176726,0.43375608814489763,0.35957832602717565,-0.5736442586362631,-0.038831431808209915,0.41830775612191373,-0.842779802074511,-0.6585636674306712,0.024415031358143713,-0.577649098702018,0.5084950528277208,-0.8582643107375998,-0.7151778024423974,-0.584195001629956,0.2949386861436456,-0.9725349895508504,-0.07294909149512546,-1.0657329601761467,-0.9178615944825885,-0.5180308195861383,0.3971018467473393,0.6292034824570578,-0.045555286061609745,-0.8548351442067357,-0.7747524064264317,0.6533501598094318,-0.3463816127432307,-0.13157762453462807,0.8289438951560104,0.9402121018287037,0.5151784569900077,0.507653535977543,0.3165473659055267,-0.5533158023170746,-0.6474450207984079,0.8176828753461396,0.8358190495318889,0.7544944926290109,0.566180330087942,-0.22049875444056033,-0.4396053716453536,0.22088004185530008
0.20438708533565286,0.7115358997583863,-0.9321731059020968,0.9924726002732778,0.358209479544531,0.4635405605582804,-0.6915555566021716,-0.45551349211623293,-0.751597587990628,-0.9202601308897769,0.8806777879845782,-0.7146117417281586,-0.23334190445308844,0.20758676655542774,-0.5975463337321467,0.46966735992067243,0.9118413301894834,-0.21588287188208133,-0.8451139018782177,-0.7543060923385649,-0.020259628910817673,-0.4237305148530466,-0.4191648379832529,-0.3742722491884267,-0.027998726240417104,0.22770598456054714,-0.28626853724244294,-0.35579753021798144,-0.668561275869033,-0.7010523181792241,0.7772697079128887,-0.04109450202086595,-0.5411755819311668,0.021705743295544533,-0.5170251831093584,0.10705018551211842,-0.4342485456708911,-0.39308474973026564,0.6573027250069714,-0.14387487278934663,-0.45096138102825956,-0.22846544025623206,0.06328173619500399,0.15171382089897184,0.7056486366916339,0.09173970935539244,0.10563830179671707,0.8256000898731028,-0.8722023401798902,-0.431895964298201,-0.4401528640493355,-0.4552422990085616,-0.962551698724351,-0.24424610924029855,-0.5345841153193476,-0.6389038471456503,0.1309402365471366,-0.8693254731981008,-0.007662870444281822,-0.2435304926796793,-0.3726348930578134,-0.11950734292892418,-0.9963973962788115,-0.14307461838197044
-0.5184838443376756,0.12362608267768938,0.2512167117775741,0.26512561782910793,0.4869413367901563,-0.02506967105299962,0.8192967098732276,0.20615494628660636,-0.42586728302882726,-0.08926505295837783,0.5375745190888421,-0.7845049685333194,-0.3222827186687842,-0.7404486793188696,0.8818294397589301,-0.002502836862013913,0.846905337433989,0.017021040952918343,0.6684185951817267,-0.5677686347607935,0.8544115377788861,-0.09063984112119614,0.8360746076999239,0.48799939217380617,-0.457432219751146,0.01176275285528905,0.8400540081379502,0.87356466745048,-0.7328711758627888,0.551278062104622,-0.9456139125131495,0.670521452927231,-0.23458148914246857,0.7414839959517787,0.8926473556126886,-0.049537027762703856,-0.6227738345220779,0.246547152375014,0.9856509255235106,0.39885189331181303,0.2726424356260422,-0.025442574583146804,-0.17265662415247318,-0.1511573934434911,-1.1181531069785746,-0.6381514404667232,-0.09097235697695782,0.9664963088448313,-0.8458938992123581,0.6520236493150355,0.8468814982915229,0.9911828849758326,-0.7360844204695389,0.5100669776800311,-1.1588385109197037,0.480517879569596,0.17288688087944926,0.8214227457115155,0.3869003981371739,0.6581042109072781,0.55496308879538,-0.16654091785752878,0.8056226425279982,-0.8863887074674035
-0.2782124215992322,0.4405733556330085,0.9113339475615407,0.7761702248573932,-0.6430385996841306,0.807699352527951,0.6675444260363255,0.7406432131459952,-0.6127118360112578,0.6674971160922105,-0.18043374588428662,0.06730745825920503,0.31314294225823214,-0.3171164299054994,0.07706674820974801,0.5751947214850739,0.46349725132372566,0.2361240106946858,0.7414941987678243,-0.248096268147042,0.5288687505047054,0.7486541446580128,0.43281438860792765,-0.8105240778031235,-0.3537538880353846,0.8905930526590746,0.3034028275379579,0.02258856482930316,-0.28371220939429986,0.6771100702551192,0.8279028013680143,-0.5258309942833348,-0.30498788798046705,0.4399121903159664,-0.4578274471507715,-0.09864832635012943,-0.9631017219040068,0.8452226270509462,-0.9561714258993141,-0.7725592025181149,-0.03593278785184051,0.6871863065718964,0.8971890502236346,0.9032935575974339,-0.7725128011727653,0.4944233174434187,0.8372084781235551,0.42258987039430307,0.48523726426187297,-0.2227874723469241,0.21187165095678218,-0.6491956193725408,0.9406913753079558,0.0018206858890574829,-0.17101253986022713,0.10225442370921928,-0.918706404531441,0.5596879349547501,0.899232643384575,-0.6083590631572138,-0.32347640008291734,0.5474593183833671,-0.014505659335060095,-0.2024807464168057
-0.014391692446007687,0.9860478816526081,0.940342833232308,-0.6071948846478654,-0.22505851505101582,0.6562686022738173,-0.847645622993537,-0.7005772761383289,0.02825556346228031,-0.4350032042660963,-0.24196924666863695,0.36383977882819907,0.20200880750932945,-0.9876655890561399,-0.6069889743916946,0.20916349625161246,0.2625146365330657,0.9378295855342782,0.6376346007210774,0.426990819791367,0.3225624773780249,-0.9223430940677149,-0.3738330913416641,-0.42198028378574803,-0.30311845631159495,-0.763215316232114,-0.9224068958793956,0.9307010935280591,0.3579988523315305,-0.12969757384064717,-0.6817875663739904,0.7028361007182875,0.40164590764108765,0.646033987728498,0.9335616538065699,0.9588620505011087,0.9474948790251595,-0.4182688224116778,0.41604380445474765,-0.418201472764278,-0.347917867749286,0.8604082833091669,-0.8959746065462975,-0.8652830829205842,0.6825162531061153,-0.23565191650174802,-0.3490235715388956,0.6188437529881312,-0.4210643141020143,0.3528678790577924,0.1562645585313054,-0.30700672001402474,-0.0172441971488273,-0.5266746268352289,-0.1521917878827499,-0.08954236393836923,0.1641432206302158,-0.6015283424611042,0.61860253093929,-0.4006605844661218,-0.9039516062431687,0.12308591336594032,-0.0857488372654579,-0.44041269050893517
-0.12709593064630198,-0.12646181969400083,0.691179763042935,0.2722009205537508,-0.5361092710117605,-0.6187624043139404,0.5160389776827792,-0.843017769571339,-0.18449909351924054,0.1934073375388643,0.3247525627978669,-0.46264685351758783,-0.07085594943242368,-0.2202029508528307,0.01208244898859756,0.09611357568497803,0.06450600162715348,0.4869650685205098,0.6963512642688126,0.5973277361004512,-0.9369869926352712,0.839676257590154,0.31163144690254807,0.18467451100987775,-0.5496104126907191,0.6422816276519476,0.831272132845887,0.6210606429913268,0.600690128779966,0.0735904931018363,0.050949480590570806,-0.8027258587826864,0.5503390663681584,-0.7887025583021128,0.24654589726873488,0.5536555040817013,0.6501793838927945,-0.6133536193174465,0.37479063615794717,-0.3433653870379001,0.05637558149268446,0.5390079671293533,-0.3308089691372311,-0.8971846442516491,0.891065195602152,-0.7985382551168452,0.35097311199368453,-0.6341917197878846,-0.2839335038700097,0.8714001210830666,-0.144139930919297,0.2725634599033855,-0.6120064753966012,-0.5855214937951188,-0.15123543617535007,0.10766031550662514,0.04238537357147565,-0.9918914288561149,-0.09041067524112378,-0.41874824289347723,-0.9559154167200832,0.6950940477879393,-0.5498867871566877,0.4985470213524701
0.11837938720736862,0.6986192392909556,0.487477035575564,-0.7840406840878373,0.03615615302247144,-0.9922818106011144,-0.1716781491614972,-0.5235758349165669,0.05468176119724877,-0.7086862907696516,0.7805235308693022,0.5171662846084468,-0.5872941675663392,0.7267903950567296,-0.2603223577233717,-0.9820068529515362,-0.9711918967947424,0.5412461181226089,0.17526505385292154,0.2448407553948157,-0.7163166164531816,0.28919787445342504,-0.3807680683852501,0.9529876052140336,-0.5728138504404472,-0.31146575509199725,0.3283638482905915,0.8467681700320235,0.7967843968675856,-0.5073149034656181,0.9620287362965665,-0.6959247480457067,-0.2456741692333765,0.7074803955951725,0.4492755377236417,0.6483507189764105,-0.15113204532494395,-0.1536780673407383,0.5542555661740831,-0.169861478474715,0.2432197614244691,0.6507707042550563,-0.5204138051743181,-0.9003541679605145,-0.4933629411322875,-0.8715931998099011,0.1821652915091876,-0.4997479110880426,0.41001488363595784,-0.05019877063890532,0.37337761028970506,0.842173340395385,-0.7216970448816495,-0.7541052575199092,0.9463659323484077,-0.8955207162450787,-0.46950349912481304,0.936748596902405,0.93414338768567,0.1977588567244506,0.10761857297466815,-0.649586260153896,0.04173473864139199,-0.6569665689726523
-0.2037165303803785,0.3219766586648798,0.4697339727753058,0.5690729061992992,0.855995657041291,0.5328620011232139,0.4107174519845034,-0.08732643339094404,-0.003719887638717445,-0.6964755940500997,0.42786937864193786,0.12337460295964364,0.22594823927049945,-0.09122867874039597,-0.5457103590975614,0.5880236470835072,0.14221277323879256,0.5523348335925322,-0.4277764350093263,-0.6219061173685395,0.9564200954581641,0.6989430541469103,-0.8733015487590159,-0.21632568943053632,-0.5909365586307939,0.4192012096607318,-0.34571668501741537,-0.17543065880670516,-0.04978308384791008,0.12901176611580767,0.1606747855833368,-0.5176419283363696,0.48559598404503146,0.35203826116676784,0.01610442122336808,-0.07147368874179305,-0.5401956763321614,0.7412177383283038,-0.9230122673763737,0.5571865578820963,-0.2268954140647601,0.0710501113129236,-0.8741098535835365,0.21682724201166237,-0.7261620545718566,-0.9128900710614405,-0.8340026497753987,-0.4881932282367183,-0.6545266193832493,-0.7584739458053726,-0.1584358611290102,0.8771188848148059,0.33948003133116517,1.0860712364934442,0.6709784126758433,-0.3215573593457526,-0.15856185644602183,0.15214517536435923,0.7921751347420112,-0.6713847943942606,0.7935067547676367,-0.2694645852149322,-1.095068097549438,0.6247502706697279
-0.5472359214414848,0.9650828826700915,-0.21961916202256326,-0.5596578838456978,-0.7570448677269639,0.5662155610190256,-0.9611840761652881,0.7632296431708765,0.7868941342451055,0.7021965761639826,-0.6912264061517939,0.006416345828895276,-0.9182455000787966,-0.019583761747090866,-0.45256461715671814,-0.00725152840686713,0.9808008951406055,0.6691021392461902,-0.05327838005232044,0.08180786584190103,-0.2457278078844931,0.4400059021822076,0.3569558713032077,-0.3778142907522479,-0.6789150176034866,-0.4510720912316837,0.49039126926406706,0.16592522358587147,0.4737020505682059,0.3269122689247464,0.6508353683394315,0.8164576625949922,1.052594665660926,0.9949593659464118,0.3675860429455604,-0.3978182792862053,-0.48285273968569964,-0.4959828364236152,-0.3014748266903795,0.9845257810524661,-0.008579167619291894,-0.7723972680685398,0.10544741602538954,-0.6789842107396704,0.37001865941405554,-0.7521740904925527,-0.3339192596366709,-0.9057722627644484,0.5319499477557579,-0.05934616059448894,0.9578674423128821,0.752030870143015,-0.9298538374139034,-0.3519212274474264,0.836844710317922,-0.6741825073091277,-0.38853628462629497,0.8358369411998019,-0.4437680778839155,0.5497967686472169,-0.361268756523754,0.5248794974450812,-0.4122301343753101,0.9052813662757417
0.48108583318398446,0.39060913597521263,-0.33509551897326895,0.578450640788573,-0.24353176793857134,0.03406713750864432,-0.26596206600740113,0.04658682617522225,-0.673347719052779,-0.521127743853965,0.01730697361601985,0.17245493220193797,0.35066010639399714,0.3070900295056376,-0.3668078646256201,-0.34775271761731347,-0.4622540581760548,-0.8568753639205533,0.030205399267018818,-0.3200029409548782,-0.19493202802256215,-0.8300539703166454,-0.627344192936597,-0.47747755712798456,-0.5059529545502905,-0.3995422328424032,-0.20586927280155293,0.6814622679004296,0.08910718176076848,0.4033661201767167,-0.9290430947776296,0.6707891790554117,0.21258514362405756,-0.21948013726853888,-0.2655690519315972,0.8128386282801403,0.5190211679193699,0.7266652899255409,-0.4895001918630535,0.6322542602322445,0.3175865869526111,0.24502438534913407,0.2813565828183347,-0.3912559814132181,-0.5206886680560145,0.6098138073103048,-0.44259932591584406,0.8177611274646082,-0.5662412775151419,-0.2528862902815163,0.19811368304258692,-0.27517239062445564,0.025921388346652252,-0.4891536269951182,-0.7189824654835304,0.6556718833613802,0.2248489311073656,-0.5082307517218275,-0.26316104199255785,0.2913274244722337,-0.6019032974068752,0.8956591752713841,0.23527473940740018,0.6388723732033084
0.11370988968437268,-0.47160115667612956,-0.9217585421372756,-0.8557164431811535,0.13373199826586601,0.2719914653776767,0.3472712698870908,-0.971625372428371,-0.023191917392463957,-0.28420667254931886,0.14018495221634142,0.6940471586617079,-0.6921449624669436,0.8235277119886673,-0.8998293447212742,0.4825341399412484,-0.9851845655355609,0.7749147196075326,-0.1824064285954763,0.5652698395959042,-0.5106185944859192,0.20117390695129123,-0.12007929627924252,0.17244686498469264,-0.7878552338176616,0.583853470535096,0.5925640093028006,-0.13181327366702678,-0.09059187516228207,0.6482411520683524,-0.14539792560040987,0.327655211344686,-0.5784025369924,-0.13656846991321725,-0.4624455514077259,0.6357534053795546,0.6590438250384119,0.8199395832674761,-0.32192283752843,0.410703915411198,-0.46758027954122955,0.17005222470495251,0.49074536599791974,-0.39051768520852637,-0.3985737590611693,-0.003735046728837288,0.5466263548042631,0.4932214637889909,-0.507321710019945,-0.37620240455620935,0.1936377945674983,-0.6931609914695724,-0.2213629759265181,-0.4740379852610821,-0.2914363477877502,-0.703561823691957,-0.9060158659774156,-0.16076399895247184,-0.6291303773189625,-0.34013327030682117,0.14025869556322634,-0.15989454342919984,-0.8823755505110089,-0.6632978500197486
-0.5927415295968392,-0.9719789129581353,0.643483249430252,0.637281101204165,-0.7954471363242674,-0.8429072980360157,-0.8192626482388912,-0.7718298103054724,-0.780969154955409,0.6138065504389607,-0.2816226711568899,-0.05533498459201458,-0.910189453282737,0.40739127551599874,0.7080505716843324,0.13231452119243126,0.45621551011999006,-0.2013439617477646,-0.8423854120877272,-0.018046406996985453,-0.6311440644198325,0.6216191122531118,-0.4637240625871739,-0.9915011178482882,0.00919616418735858,-0.35969273751715036,-0.12827501850651563,0.682177281056465,-0.005858455920715988,0.6455590191016325,-0.16327239372985392,-0.6162509452785685,0.5526369698254163,-0.19345848735308957,-0.41228298233275074,0.34515357612042274,0.4736163070192143,-0.8270760752975934,0.08448347886730212,-0.4449167802656506,-0.5168180312753363,0.15147560828548207,-0.03749708957976572,0.35932125153487715,-0.656319210274735,0.7324844700412798,-0.3112383483248464,-0.5709752509564063,0.6000768024128653,0.6366471572036496,-0.6239423854774322,-0.16687123175839802,-0.38414621630963675,-0.21951965826021902,0.5249456265989534,-0.41306644166093354,0.7571381635337369,-0.3414340800895497,-0.5732561201198003,0.5223994803587286,0.33312107920348977,-0.3859712916164615,0.49081313874055765,-0.4719828233702221
-0.5255451609754576,0.6453155404776723,0.07887087227401968,-0.7334250605666317,0.2897026096871218,-0.7197004461239844,-0.22860228278553074,0.1952457608114786,0.3571633575853468,-0.3860017585156068,0.8127251597876299,0.14183581856200456,-0.6405074951681256,0.16420680107431362,-0.9432335607959379,0.5138582016409754,-0.783310133803844,0.19094122792438784,0.7168513466655093,-0.19887741001770998,-0.891835644268127,-0.9668375648287482,0.7549446828739981,0.25386294022309897,0.7408530337543959,-0.8169255155067392,0.2995247153589753,0.10844149316131468,-0.20838470749171223,0.701529433241664,0.9486792908367307,-0.7854915650580425,-0.8703913480636594,-0.4994143836798839,0.6526827180550281,0.2749173469257591,0.19405584687114574,0.3301411608787773,0.5227557616554372,-0.3692556205905304,-0.38549532994817226,0.5188011640799659,-0.016740428982158218,0.4199579426469402,0.32897905649665904,0.013550077497018753,0.5623157421389378,-0.9655611770163686,0.6812116281925591,0.4718776229596726,0.655494298597042,-0.017560310978002258,0.016542983608037964,0.4391128138466722,0.4211828444651722,-0.1070981333746357,-0.5981208549679464,0.7453176771729364,0.01859437616375148,-0.16694554809110262,-0.6541398990541292,-0.9426527906666389,0.014019778942386152,-0.04586884749137199
0.33339460286643896,-0.44642647242056244,-0.25917311485032557,-0.42909556221838874,0.23011293763531038,0.007690219579092661,-0.2453357768802541,-0.10677763299441323,-0.10823131970387645,-0.16758753751877387,0.5448802713403742,0.11906959257741168,-0.05611171359029221,0.17444148318780073,-0.033054425096386675,0.5836579345245685,-0.7654288573714862,-0.586126317424126,-0.23456855131043275,0.47388376646663843,0.1809277570073744,0.40525603707580826,-0.8212951760392648,0.1313957537356556,-0.12797956061578541,0.3029281612331647,-0.7911325153447766,-1.1703651514188795,0.5402858789727285,-0.7051678211773271,-0.9844440575311271,0.527977981572918,-0.5734493065093618,0.32758077984119294,-0.29426237555308976,0.7289766176689465,-0.7593741568729935,-0.9275501724947128,0.8680029001403671,0.7483662373331739,0.42011447267591495,-0.24144002165146672,-0.5537576096945502,0.3610618973729285,-0.2173836903975952,0.5553057349095043,0.4319216647818953,0.5619603342697508,-0.6052156199281906,0.9021701477223081,-0.4458701391954083,-0.5144903876613487,-0.9249826638050818,0.6716932973539671,0.018955351238849394,-0.5222937049812724,0.2485473501620974,0.8349551267422861,0.8595468107654705,0.8581242100045468,-0.09666061060783315,-0.9016680666680239,-0.8682115387964859,-0.5760448545240389
0.4035508312546976,0.7401417441320735,0.7313749351646877,0.4724276371815086,-0.5600994552830691,-0.24772469285804277,-0.3015654768545404,0.33184880129459976,0.8432861414762822,0.4146862264229123,0.4754144945695702,-0.2852461133688995,-0.8222768150143673,-0.9798925368324034,0.3398233970719451,0.8253828206170704,-0.9696298008750501,0.02599321418362388,0.12738452098424813,-0.05165206211588891,-0.2310563458894932,-0.638073633594169,-0.9786543885298244,0.34896584207904224,0.3089194113564038,0.2548577897689228,-0.7781655914540087,0.8948914799680396,-0.29826922717639426,0.23340957730596812,-0.0986088058689818,-0.29230128448538806,0.25304599569705677,-0.284814478622442,0.6944872527071921,-0.5396672600979904,-0.6408547183360165,-0.9198022435359954,-0.9086324935178829,0.7087099804623513,-0.9340060188966246,0.45663191459045427,-0.7779919490628251,0.7710037241639516,-0.4577820435175218,0.6480814417604703,-0.32564360556565397,-0.34868601735307947,-0.41304635613189733,0.2052293231398632,-0.9070738923758443,-0.5969764694962516,0.15807979826849738,-0.8910383900957808,-0.881706774201664,0.040127914056663716,0.6997576065645323,0.35004998769175444,-0.5605204206167829,-0.3981126017922525,-0.9425595476704836,-0.7300205976499068,0.6377910395754998,0.8085736644966062
-0.27630975079549674,0.18491392926340877,0.060298866420437136,-0.995789523396962,0.42493756731203947,0.12254676201534798,-0.6568910424166368,0.8287015727844846,-0.10112879402123998,0.9300183086604643,0.39217729672783147,-0.5954243137985049,-0.47256997530132305,0.6280569321608576,-0.889777108318399,-0.1892679509923938,0.572732421342973,0.28975088175996677,0.7625374600074519,0.3652654754949667,0.015166369296399251,0.5623869291297066,0.3005590612761851,-0.9028153267991967,0.5297227306336965,0.4314961195080822,0.9082931851933036,0.05069521039536573,-0.41246538988610393,0.5459859898868855,-0.6100312555326581,0.3180169153428484,-0.78418707271894,0.8803780626801105,0.6899346778600153,-0.9512276119893257,0.47544591208609077,-0.8986692578260782,0.05378990719587606,0.9406761513390869,-0.8085597271942959,0.9541733327928326,0.23043716469724296,0.9899629313679081,0.4971449660875935,0.6027035431502521,-0.6461339592531796,0.7547355329769889,-0.7001701427263405,-0.2416386886900932,0.044994401033258136,0.26882751307214514,0.9183110079411938,0.07385701801226996,0.4477226327645132,0.48044183704084875,-0.8621171916474135,0.03850250625474927,-0.533785970232681,-0.15238152142392325,-0.22328894899908414,-0.6695315700610294,-0.5134514011511597,0.07857963407303381
-0.20707487559094195,0.9053162953436165,0.6890566029853238,-0.9039237424254958,0.6326642493924517,-0.34735926620465984,-0.1355038077890105,-0.42619990293742016,-0.18363246300967395,-0.9141099566215736,0.9794694392251497,-0.5703258403041416,0.43510080883482427,0.6511594413207002,-0.557480989095577,0.8056387121543311,-0.11659003237151255,0.9119621429043898,0.15434867872026037,0.3555041901585885,-0.7401162670194081,0.06740849361310963,-0.28055515754638805,0.16453952322029952,-0.4032416795114726,-0.14930615767124022,0.3913439367127327,-0.10464423191092775,-0.05621855928098052,0.2968447628363018,0.7585444599166606,0.20143691967652044,-0.9551715887481731,0.11651461640630001,-0.4832543697791616,0.36079703642621075,0.778445527926088,0.3107532162097695,-0.7053821109423357,0.5266076063226193,-0.7644046608400308,0.5650469573786088,0.7800932780519843,0.4931478673547838,0.9133919870275469,-0.7380149827226972,-0.9308363326951166,0.8465377651042809,-0.4997199028093014,-0.8105215491642017,0.6890321912485227,-0.19972953582160602,-0.8564365040500974,0.7615369601534046,0.6889740860019411,-0.4642322395221725,-0.692310584365927,-0.6044052960550994,0.38526736223460945,-0.4353565594535629,-0.45061728796266576,-0.9357086794142617,-0.557256994311895,-0.1343364265177729
-0.25198055634144967,0.27094191993288486,-0.4100768374034418,0.27447766082962377,0.031162172010820166,-0.8901312867370463,-0.8064283601485165,0.1277197605642375,-0.6977414052670101,0.022388949990982843,0.84920178828036,-0.700345626217372,0.6949141025469185,0.6131749781887483,-0.328593141716764,0.9228769458741772,0.4513893657197612,0.029705509240849803,0.38462179195263024,0.09755411471952669,0.048997820811450765,-0.03470690811545185,-0.9723759043151223,-0.6834797862935258,0.027499758134224533,0.24508830421315997,0.20459677205212368,-0.8725271476910481,0.8999238850494813,0.4365319957671587,0.4325286483106723,-0.3320993959417269,0.04752935437617545,0.2990371624098833,0.08409197506417332,0.835712612320687,-0.8539032643441151,0.037827897673544664,-0.16977971299052008,-0.15859730571715192,-0.20972348140921726,0.7037951640730478,0.6742685484178794,0.012825783571336347,-0.7101663746581788,-0.9365908867361701,0.840468030378971,-0.4989086614466176,-0.6409763116476057,-0.6928969571644943,-0.5002887423303384,0.3006598768036477,0.4068621398516392,0.606805388698443,-0.021985935271003232,-0.2104863804013728,-0.7739575773480674,-0.8617932968457052,-0.940911101181588,0.8255805168627377,0.17081379089661342,0.9584879197679814,0.9212473393208565,0.2225323995804196
0.5856155936983987,0.9030510930641473,0.6544753518629378,-0.24757037696980005,0.3122959903164646,-0.09557461880805818,0.5590248344866122,-0.6020281778127732,-0.9914745368676372,-0.8397710069717823,-0.395694008867425,-0.30563438104819574,-0.5687291622690822,0.6721835132021998,0.5417628703531261,0.0414801339241726,0.019384646490060664,0.462075979204833,-0.4983258299376243,-0.7459154582424987,-0.9235156299917358,0.5873771984876732,0.8048196689372411,-0.9160537539673042,-0.28327402382377964,0.2747456814428877,0.20557279986635013,-0.5221884862817228,-0.9646452440136801,0.9261949118454149,-0.16575272074234793,0.9429052415456356,0.32867794746907775,0.371606385425268,-0.5806293577906514,0.663742351496313,-0.7432290953275995,-0.13175405407907936,-0.6859444223914888,-0.346785716212902,-0.9169387471236072,0.5729382542907192,-0.03786885659548034,0.882921248062867,0.8504995073364015,0.24373206045225482,-0.8151951813322518,-0.10766264391615499,0.1073984696339294,0.07475682739699296,-0.3575507556158908,-0.1941218071086861,0.7035190963236067,-0.9076825445010908,0.2746043663931095,0.867720096405725,-0.6719330834759132,0.3377140744709082,-0.8262093227086198,0.08589152545023215,-0.11347983007726792,-0.4589908579176558,-0.6094974292428406,0.04738886804611209
0.6710743785621602,-0.26229591358353743,0.18589647556470634,-0.0009678373294246256,0.3433917833355904,0.724993891421295,-0.9284734723121217,-0.3946352726528599,0.5191549237797575,0.45629437166031805,-0.9258701800498923,0.24602466318363536,-0.7336431945022903,0.1662934285899967,-0.5980746130106447,0.15420560183231835,0.7607035700139706,0.16090641145404216,-0.5027805682467312,0.03926172455609178,0.4109342384063519,0.8287550582880976,0.35818272105103977,-0.6376475651975744,0.011709498976745447,-0.777107915810102,0.4597488043923734,0.36168388758028985,-0.330924065057812,0.2690915429564016,0.6651371998971543,-0.6394224386839409,-0.24075779161973387,0.5578908724127576,-0.5797685032571325,0.8600414144846404,0.21905506996314594,-0.5442932985997255,-0.26140387610946814,-0.34376579732183266,-0.7541851717318631,-0.9707357619913817,0.6323074701561076,-0.44615573104208806,-0.3394955392955721,0.7437071218077236,0.5165313991096998,-0.8003152231210774,0.7471668677383172,0.5626164889546341,0.9452228429674436,0.755756368494213,0.9542051807616132,-0.18110768149976875,0.8380076110580819,-0.9187164666891243,0.5083307437633817,-0.8826341706964362,-0.6284225927466045,-0.3266842846973581,0.27873214837880744,-0.5651771233211738,0.9434390556609571,0.8397186631066185
0.46319539862852,-0.8715551865043312,0.5794243416663589,-0.5419546290287229,0.6640657329770283,-0.9791642406050924,-0.3277552804946484,-0.5006284725019221,0.5994688036534994,-0.9042545589499589,0.6671768094257429,0.46828064771818556,-0.8016767320238631,0.10948204638421477,0.2710481681834018,-0.12306711117455915,0.8069760184461898,0.2961411930819233,0.7911688816560416,-0.9033688959314663,-0.07841623507225126,-0.6500435292552098,0.948594718563456,-0.9920996644846172,0.7409829046575847,-0.18482858862158458,0.38809557422180063,0.4323516794982625,0.8783139492877787,0.09274879147983439,0.09556667924796369,0.8947303464361247,-0.45100138077484786,0.4537108380388575,-0.5643993229885405,0.17660773484659176,0.08523661414976158,-0.6990894818085212,-0.9512445745404436,-0.04916893365040376,0.19241002066092516,0.8400479748970509,0.4257768531779842,-0.7784541417152742,0.01878431576651729,0.4462854077428886,0.5681482366059052,-0.32317653449123296,0.6450037492229863,-0.9974068037489918,-0.6544479469308448,0.6914471232370087,-0.44593466999165554,-0.8875832266460872,0.3304116820634606,-0.755357570863483,0.6026468636256075,-0.09014424137838728,0.917527420356095,0.7928798244336657,-0.27357739264832626,0.9716100306397268,0.8736730781705153,-0.5779481844637353
-0.6775561504646823,-0.8179964662477206,-0.7443522904463447,-0.5219265600210958,-0.7478882401240783,-0.7783706777870907,0.1123409653447589,0.4288620935337717,-0.4475343389894393,0.6495789031503698,0.638794770558877,0.32422095888383584,0.34542494487382913,-0.22697541000071195,0.7898422925411552,-0.9762923222042279,-0.05833576725489539,0.6669822272807471,0.46964680000440495,-0.9130576807595125,0.028020875273690127,-0.4779845742238254,-0.962305659872601,0.8396724497314376,0.19353119082484027,0.9956214385248869,-0.8382783137407686,-0.08045543224215512,-0.11997548057813656,-0.12830779482774252,-0.7085772628644189,-0.6315880374375997,-0.046422255095537546,0.6007160861491874,0.9088240421057634,-0.9533665957761266,0.8715952086446963,0.8791434248563448,0.8326859122295291,-0.2779272241956423,0.881445298390714,-0.6892066876134155,-0.8717401548102068,0.6353848970529663,-0.9970024495853027,-0.04467999938733841,-0.4619657990516951,-0.9604563806895987,-0.8324947854543288,-0.41189842643367713,-0.3659451243168761,0.17116900981122796,0.3253899713109938,0.8679108800646993,-0.7782938875515912,-0.4782413190584929,-0.40822235004354046,0.27306274462592284,-0.02823719360514576,0.41654583667652356,0.301536829368656,0.873816670784545,-0.8232033689798808,0.7615342884965224
0.5873973798807681,0.49812096894433944,0.18732475645782776,-0.5784285534306934,0.5644857606734259,0.7595480186508776,-0.0477221174832807,0.6468419569059753,-0.6515015526265435,-0.3829762987204248,-0.8980910341208013,-0.9648309555525334,-0.7994186303591229,-0.9832055456511786,-0.3442924238346281,-0.4864619239605745,0.35385256888519834,-0.27918509565957317,0.37176933351725916,-0.9172765763466568,0.2238363293757486,-0.7005431690720876,-0.31435714260370085,0.1325275495062661,0.31702847910706566,0.2910172807820606,0.42445003908502343,-0.15607066567213668,-0.33546486083011406,-0.014286314691572238,-0.6884692622572701,-0.012012471299789107,0.24989969015091273,-0.03174829848128935,-0.15484500893538336,0.4250601633141877,0.32809972358707196,0.24006552420367702,-0.8520295908544684,0.5212127730189093,0.9393379130777961,-0.5131240732791591,-0.307039839044452,-0.3224584374410715,-0.5055140682736314,-0.5448825376110178,0.5305667645458323,-0.5108777547501788,-0.5042096842147912,-0.4128910450850367,-0.17119159528321015,-0.11004493008706318,-0.5235279939586533,0.9301885818106177,0.8600008413275246,0.11622041079358914,0.06071893981897403,0.341625269781032,0.2120974684220065,-0.5272924739379656,-0.5851306690008267,0.6356228992145636,0.2777510929885454,0.4189984073834463
0.798882386131992,-0.7860070772708933,0.9074957983253058,-0.9904076929320187,-0.8150440334818638,0.7237037725070004,0.4019700602195495,-0.9428921641410577,-0.8347506936922118,0.1290657475086736,0.46870043626693514,-0.20039058267276277,0.2797343246400754,0.5268828679177651,-0.07637881837616933,-0.5377790155238404,0.44167440648537726,-0.7433399403383364,0.5449301912648588,0.06362490815868127,0.29101299107712353,0.0773651902230792,0.9177556428796023,-0.21018406551808932,0.5083666497688086,-0.09046017726905231,-0.634857257857586,0.3222545702397668,0.053410865186221734,-0.8366214836845047,-0.5865912205091988,-0.34200166361068907,-0.9968329218624858,-0.5812572911315319,0.30834566791019435,-0.39161249533009923,-0.1268617588991705,-0.5187731619394405,1.012654711570348,0.5779631110663028,-0.3314186368644647,-0.7260792420034452,-0.5836443529916489,0.06867022768098682,-0.4808529190935271,0.2261727097310351,0.07579891470500932,-0.38012167809859143,-0.37287830149297907,0.11572753609924535,-0.7779683403915809,-0.6726171311553639,-0.1428295044314276,0.05058769518906692,0.8206181072513807,-0.7422919097010987,0.6723253146637116,-0.045297574124743445,-0.43810251005563616,-0.02411268175886394,0.4953214372801511,-0.11444505355188195,-0.9253848967698435,-0.3482008242220427
