-1.0895086101550775,-0.8813434609552698,-0.22713262558631975,-0.6082316101252503,0.9095237538541834,-0.5884271084021409,-0.9716235826994021,0.28758346242570787,-0.9039998799354281,-0.5011230787023442,-0.009750384915615603,0.19205618864354393,-0.9342211336082129,-0.3390488407374471,-0.2766255955831083,-0.5153478796793298,0.092727018470097,-0.2999474287592666,0.5393142219797834,-0.958954661776455,-0.5663766644936767,-0.7206245839827596,-0.8713085532171886,-0.6594511108135663,0.20390945161743157,0.7949821081421574,-0.056375684599035934,-0.7967466042644309,0.053760155131586884,0.08352335330929068,-0.3026511103506243,-1.2069495638321757,-0.6745852348705216,-0.8190577797176747,-0.43045191665488886,-0.9903409279037385,-0.30598572438355276,0.9177820364626033,-0.752913898627941,0.8330859403762559,0.7952989830472156,0.5540633554541715,-0.2323840343173673,1.1125136278993915,-0.6379882893851024,-0.010927346798499013,0.13389339162385033,-0.23084031380722708,0.6087216990598527,0.8797626519277314,1.0283817284027068,0.8506242711432789,0.21761414088697273,-0.30713198555138393,0.20416235275520958,0.785524369228394,0.8874590221173584,-0.9724745983407862,0.5855174560581039,0.31955705832355347,0.8489676629212972,-0.021709426863708053,-0.505782147718898,-0.9471615209367558
0.30280764611363387,1.3502277428187606,0.4005597334140512,0.6323619562837063,-0.9041110281707072,0.807179970548866,-0.6431837907243813,0.691595321700937,0.8514834862993647,0.45777065080298257,-0.7225412642722352,0.4952116711109411,0.014479968864179503,0.1553412046018984,0.08996193918768183,-0.2117789950139208,0.3779181410045263,0.32910338774512976,0.5397269497872695,-0.5364916476860823,0.036943006568392035,0.5950773793691676,0.4903620177352092,-0.17599171557459736,0.901803199332618,0.3954255181849612,-0.003218108149873906,0.18347895421158686,-0.8566454964591718,-0.20359356450658608,-0.9238838893251842,0.5859658600289206,0.3057280361129927,-0.7788076594188428,0.10903684660279941,0.36780361767397823,-0.6571140858475504,-0.7211150469042602,-0.3444778540740957,-0.7579947503135709,0.7370378288178405,-0.5055248387657278,0.9900216170094447,0.952088458304435,-0.9260839218592443,-0.22637365497223347,0.17998803131680052,-0.4147617074293725,0.5073563057290775,0.5365100602716418,-0.8484500820452644,0.5396089895300828,-0.9832161814595446,0.13970567391501648,0.005992659102195366,0.742023691376361,-0.6483563269574457,-0.1801094222684509,-0.02527790139254006,-0.820586645643286,0.9117715950024524,0.18352425027050512,-0.22929440461344555,0.6832358524003714
0.03498430324710376,0.9450949954405996,-0.07265208725841858,0.20491908857639216,-0.9027933108431722,-0.7385751887743185,0.2557265265864124,0.8924889563955023,0.7363298638011228,0.9574553521325229,0.08771922623849496,-0.45260098862543413,0.998349716439516,0.7142576962877287,0.22776994183701366,-0.10631874037937046,0.6226286083167304,0.4555394932921308,0.147703470814844,-0.30596341490896645,0.46721185431269335,0.33389161652490584,0.17576272038720084,0.8302309145709671,-0.34172678575376286,0.9747202116957607,0.5583683897470384,-0.040500620364821875,0.6305746762348674,0.8905342487168921,0.8643357934786804,-0.04294111642508426,0.5293842288439334,-0.451888190230298,-0.6389169452626439,0.5322090653131374,0.39153583884020965,0.9185979428806978,-0.29941011167340364,0.41000137791026287,-0.04169378330191718,-0.24923357358493362,-0.03438152184918622,0.4694808894878152,-0.7758322058748781,-0.634694161057631,0.073154190611952,-0.5394485057302794,0.2568340606115737,0.6207390261720823,0.6321196168218258,0.19826595138976794,1.280161593850792,-0.7535203058672946,0.008671468545430756,0.36380097075179524,0.6087124245954936,0.032209100772292366,0.1583193679658817,-0.5457207570481091,0.9317241941027552,0.9586767084301153,0.48960766575065057,-0.10930314399353062
0.1612401506375018,-1.3395397156901023,0.9279601261608907,1.018526543050197,0.923192195016819,-0.04451163290168684,0.32243194047758467,-0.014204874054836948,0.35290487826292477,0.45598294447114457,0.18228406173057887,0.6974329169258051,0.5249291445844042,-0.7754966557802182,0.7455465317550165,0.4175686701828492,0.5462773197679144,0.3111698262180375,-0.6210052105931045,-0.6363532861101506,-0.7883375940918812,-0.17177375317313529,-0.5200239599700507,0.04998924527490996,0.019952659534210417,0.3600135358564917,-0.5939938394976308,0.10266505105863823,-0.256659569625996,-0.19122056899049752,0.3294739144098224,-0.6582747865348236,-1.0544965263796406,-0.42070353312356457,0.6675405517352817,0.7752905269574308,0.28003999279854114,0.11512563918343142,0.6402568947555848,0.03719507452148314,0.5557014868438601,-0.7722336021473586,0.061808911109766815,-0.7879386712540714,-0.9230032199490771,-0.6779972244146958,0.5184507315563447,-0.3056315807653924,-0.8519617818947898,-0.7637329884905785,0.9353199002477315,-0.05980571086785609,0.23205121793492917,0.7291612920897305,-0.4144572862116621,0.23538615073811786,-0.25687167170917974,-0.31974096248452494,-0.5296407607933555,-0.1634974218342055,-0.4204834651015685,0.33416008638429123,0.017649423604877743,0.3942173185853679
-0.9439015990989339,-0.14297771143716245,-0.3434904856691664,-0.15742640255475832,0.01576219754039825,-1.0213995763893735,-0.6224299293770836,-0.14143259586316773,1.1701592601131574,-0.7024498267683884,-0.20846033234820613,0.01772122662365329,0.4034784299456798,-0.20736890670227764,0.1967786720209445,0.9611730680233223,-0.5964595835742176,0.8543245206065856,-0.4391052409701452,0.44635437234525877,-0.6049748085152141,-0.8817467288818082,-0.21165547835815507,0.8724300925990099,0.24019152698046828,-0.4229558529010908,-0.35831376187389363,0.4722236229814513,-0.38360146731520783,0.6906441812089967,-0.06881216220301636,0.5186771231659555,0.9062775959274217,-0.2855002296952485,-0.5977195612067578,-0.9885017130219471,0.15813453399720273,0.3242981132854277,0.8741621454366026,-0.29110957909812846,0.39034596269711547,-0.3102328760297214,-0.7956522213508469,0.5533210748769855,0.24582595817811628,0.6422373706779444,-0.36780883982718243,0.7922692931385273,0.4374909368261732,0.23963162852416073,-0.8976986372291466,0.7047701749466958,-0.4342112776723659,0.6483907551877628,0.3753615932580811,-0.9282814797414858,0.24328700199646125,0.5985900505814201,0.8221248912491211,0.10964341324095042,-0.24058519127083147,-0.7659503850432907,0.8101770026475253,0.9661815273774603
0.6024276080612477,-0.19204374105319938,-0.21232072069284116,-0.8292833144884518,-0.8950342850643661,0.6534650843812381,-0.3338819785466579,0.4902264512988099,-0.6453455153979689,0.5962018409093943,0.9795543768279411,-0.06885345126331793,-0.03479007665339841,0.785890668764427,0.28752281655522444,0.23600406382767714,0.8332142610907424,-0.7970683063507372,-0.1158376809583638,0.32199877068389576,0.9538967296592524,0.3097863363451043,0.2888427743858161,0.29216611696879285,-0.18825545675241856,-0.5310080350055056,0.6007839954378527,0.39004783826717276,-0.6832986028800359,-0.7508751442417063,-0.7575823868190592,0.37302927312472933,-1.0119440169139555,-1.0663120149089813,-0.5546590016775373,0.5647748370743325,0.486556099382128,0.22418279278792874,-0.1538378090376325,-0.9487006518077412,-0.5530997803081025,0.43966708013350764,-0.018291321006870438,0.9664227249105544,-0.598214802348908,0.018263379246450284,-0.07914239918286321,0.9573548056016409,0.42297893966138045,0.04281294789858397,0.5484557432112938,-0.596172593510267,-0.9033952778997404,0.3363372796808563,-0.7068893541383219,0.8091832846755195,0.4773922819494355,-0.9595581828196988,-0.1498853330823701,-0.7519712230835541,-0.8774938325945152,-0.32352358047945584,0.621055077690218,0.44950438923172154
0.5293358756025447,0.28643017652820474,-0.2470188141169581,-0.29305555345111856,0.8419808101656496,-0.7146548304929439,-0.5039615587047566,-0.9584406046132418,-0.3334424903626349,0.5106156185802414,-0.5141145127810222,-0.3592763623657556,-0.6370638687312409,-0.6200167537593753,-0.8489622081200866,-0.3192001282369478,0.8617260883149606,0.7486092951160648,0.0007151629910068846,-0.6468413837096872,0.5648428673893406,-0.973102597647842,0.7577466622445954,0.20419865853537392,-0.3429401293687773,-0.1494191394564152,0.7831191086480744,-0.7632039206344394,-0.9850986809539403,-0.4731502237576624,0.3240708437778632,-1.003493053290068,0.7575368636441329,-0.2567667685830782,0.23441663051891073,0.2576739652396562,-0.554726179554011,0.16507906023643432,-0.8805943871984833,-0.09518014685723346,-0.7167845987578451,0.5311876888467598,0.10078008344626707,-0.7313280987691851,0.14206804168654294,0.21967929627241561,-0.324679616100145,0.769872776427206,-0.2765884199612127,0.2284363568470006,0.17272522699642284,0.6382916291056315,-0.9137751900984576,0.8378537590484559,-0.6102467176199592,-0.2918392761639911,0.06486798874965397,0.053162384364584966,-0.18145582382848646,-0.6058167183449352,-0.5129329728231609,-0.3838898870882584,-0.7625413207463471,-0.18900938039248108
0.7440268984807568,-0.9065480770838408,-0.052664605862860044,-0.5708343993483977,-0.5491847762930991,1.0302690858694676,1.3704076635439257,-0.9244867152756508,-0.26070742031597505,-0.0680916187096791,-0.3356696199623785,-0.6607526124480184,-0.456605397914804,-0.5512072777361048,-0.6532701842787083,-0.005000032807945676,-0.5906013674074566,-0.5878459921691899,-0.9553548153871703,-0.24462867615399927,-0.8914378224483539,0.4562594031110607,-0.8324739984979734,0.4557156994582355,-0.6316903908356003,-1.256975570569862,-0.7668864473706928,-0.09369370086711275,0.6770717025473755,-0.37587198747714345,0.7852148111745388,0.7237293460129534,0.06322149852343692,0.7139669594878537,-0.7299580959300705,0.7174338914392,-0.4294346248559856,0.8940115745483382,-0.23340525411459215,-0.4521141288928474,0.35089246973459776,0.24216838781578012,0.7598342709055073,-0.4530724126300996,-0.6749147724595186,-0.24085249820173207,0.05152352934217848,-0.25898124900079694,0.4709718525916266,0.24716239102287582,-0.37301879783919484,0.5778226785961724,0.5841671281495426,1.0406980717055496,-0.22725458152154268,-0.5848910492041147,0.34299009241882517,-0.4670668762054645,-0.04799325510772049,-0.3417736439732268,0.648721816758908,-0.5864067541580547,0.16021429575411278,0.0038347430787912477
-0.8250655867495358,0.7441747918378846,0.9508578874611416,0.8867354202710507,1.0855489909405434,0.5441817753806728,0.8582101423696703,-0.8093225158177505,-0.11433773929342039,-0.2203705656581401,-0.4565058603432599,-0.4276712386252143,-0.3500906819861049,0.08760644776482397,0.4612524867864863,0.21376244633929686,-0.3152288664106327,-0.23996679407537616,-0.10610168588191446,0.17855084400437474,-0.9674710137096035,1.0282495751752925,-0.24928443429428854,1.2004504943362144,0.2692770996431609,0.5039880694011319,0.707221021545877,0.6130415890054027,1.1299239328509671,-0.6732453154162595,0.7918193851960194,1.0398135810218696,-0.40204398106682665,0.23230777400135164,-0.8371159593103585,0.5488397574306834,-0.3033662304562407,-0.7317674813307127,-0.7420638106536783,-0.07231635596935128,-0.4964131016442077,0.010651818108200374,0.26494554887116567,0.42698024454246297,-0.6976694149180216,1.051682856133866,-0.8112585387766891,0.5433883785544364,0.7071484916578403,0.3593358067295735,0.5726343665925498,0.8018136707945553,-0.6783654166104797,-0.10427304084401422,-0.5109073442753694,-0.16821894007391153,0.09538565936166586,0.21243654516289015,0.3440205974153741,0.0601875140593041,-0.22962348739493538,0.03434131334158899,-0.050936570841050584,0.9664915669534296
0.5509639299983909,-0.8773139337857984,0.7254644937212539,-0.6846966659845145,0.8207642063726555,-0.48641358367824594,0.2616291919844021,0.9963993359413059,0.7739679144138484,-0.06077221262182365,-1.1177505184731058,1.37342177781239,-0.12526405097220786,-0.21956230611019031,0.13920506513852476,-0.19785786653495155,-0.7365260523299699,-0.09416229441984851,0.3468982972537982,0.4251488087862671,-0.28917711165550003,-0.7534478167767305,0.6049206780852415,0.20584139739511143,0.6485830590102127,-0.6293820275925177,0.1356280504398589,-0.20590700270402476,-0.19147751003401395,-0.5236161746990572,-0.5952298271687334,-0.5958697547707533,-0.6651623576215808,0.8840424260110306,0.8883530455605514,-0.9528529876816595,-0.5478082407188425,0.23254105296229857,0.3790812667070833,0.0995130453927559,0.42774585301403645,-1.035938206738145,0.6494189442715567,0.3459246501732337,0.10251602934388385,0.7030847633104078,-0.9469658176051838,-0.5263412234354045,-0.40686976708089534,-0.8542908703871952,0.21760494241594316,-0.5337216137485262,-0.7685977502124773,-1.0356295916360108,0.7591699230717232,0.6383503678446049,-0.41043240936291775,0.1684127305029375,0.9812932445963932,0.436314725650037,-0.6950138329157657,-0.39325415654269164,-0.6433793310073362,0.4923926657028201
-0.9178437056664465,0.5383147340150432,0.18227904842522458,0.3605719954788553,0.8345367927542041,0.026930670966752897,-0.5749429492576048,0.6796834746661096,-0.12207584764823307,0.8411278489777126,-0.4022971203449514,-0.46073732313597426,0.7889908071491076,-0.34312745461101335,0.5680604522449136,-0.9508919216313068,-1.081407213052105,0.4033146341769862,0.7925218277756557,-0.5641849445236671,-0.7990457915758216,-0.503384119866268,-0.9305363526648965,-0.0607359065946921,-0.7911885662328888,-0.5295558957304327,-0.8995889205163793,-0.6357534630568252,0.6966614337615883,0.1981645173575317,-0.5930098507381483,-0.7458340698886772,0.2567665203858283,-0.8733993808808247,0.6220778248487422,0.923876699500467,-0.0624231886482054,-0.0796417466675362,0.05143342733930675,0.06856958840723089,-0.4768310376906343,0.48625773016759627,-0.46998021749455093,-0.26862637507452886,0.22081825476009967,0.1335679924132198,-0.7812672947798313,-0.6449092091339136,0.6415643300367981,-0.7877995555612848,-0.8020435874326008,0.5091034631580823,-0.8957078258823957,0.5851677410928413,-0.5457959201550598,-0.7660420660111151,-0.43489768023764175,-0.8293617947312559,-0.22022148699116187,-0.2481758800734508,-0.19385758807228776,-0.7401419713411784,0.48396189428338593,0.6788379718829486
0.16785924813720374,-0.9360962417830122,-0.21000258410969833,0.8235251393515692,0.3720380541420216,0.34422654572412975,0.8607751091861522,0.4680457171180812,-0.2836962386698938,0.25145817499169215,-0.2432695706054224,-0.6076861025073051,0.40112025089646847,-0.210907304958746,-0.044634565111829665,0.5177169618123456,0.9236318699093122,-0.23716175193463407,0.08317217104336219,0.3962988946973162,-0.6191362089755358,-0.1054421482753828,-0.5060315099787517,-0.8593835740549134,-0.2092362710616603,0.04374508812068241,0.5412232032632958,-0.004280397287389772,-0.24328515180653537,1.0482747403892585,0.7725327411163012,0.9521173248770742,0.7470788650113189,-0.40157138962825145,-0.756063181680934,0.2189000788785019,0.5967838830104873,0.48198823553002845,0.44777863312457805,0.40735997328507517,-0.4200504763497141,0.31997371314334216,0.15814296576899622,-0.4420882819718798,-0.6074708431807423,-0.19863514504614277,-0.24160351581114464,0.27537446160832557,-0.25412232254843575,-0.018953692305579577,0.8301828966063393,0.20781324028067874,-0.31349642212913453,-0.3034622062733318,-0.3544580948853968,-0.6617805305274994,-0.5818121938444318,-0.9025010186036633,0.047921619672055354,0.23613899141654557,0.3264746193901281,0.416947240559359,-0.33951880849966204,-0.25485747346287213
-0.29058930307883984,-0.5771031946645573,0.06418888506065737,-0.44843623100057284,0.22455736889343952,-0.3669323634221043,-0.5348609700688571,0.11830144621247074,-0.4899933649816748,0.20316869586659478,-0.7439939812963039,-0.6075295460593146,0.2880237906141184,0.9532978826323203,0.1640033721656919,0.3776255945806452,0.06573094090643246,0.6156909004429223,-0.9181161845321314,-0.9766605187516586,-0.05325641705256844,-0.4088219660523782,0.6587329164989286,-0.03355545144175736,-0.06409568446430286,-0.6944103863311802,-0.33926180843000997,0.21978538561412556,-1.0388853141375063,-0.6534426666054253,1.0019778783187065,-0.7064720138817349,-0.8418753282315133,-0.4721844671540077,0.6162882469456533,-0.9408852493743559,-0.7752000030685967,0.5631181687723029,-0.2382979361070314,0.08370498912905827,-0.10647932027981441,0.32386880023659803,0.8620924306874929,0.8976023251516473,0.19788932667036718,-0.43955956909474003,0.22751965886006112,0.6457244193161809,0.13016453199546626,0.6707937477760194,0.5549296936679,0.6199854615821705,0.6146340366222168,0.4793958840743314,-0.11971728218947413,-0.8791043184329508,0.1064661923989534,1.0032553544426186,0.20332911784357227,0.19721998553874298,-0.8421134455117097,-0.87100718806377,1.481954388471632,-0.7011937368520256
0.0660752262476402,0.675298461962379,0.2927965029533541,0.8027011849076391,0.9681917556207348,0.25947070879390827,-0.06708771869611596,-0.6410775160764908,0.6174382427501339,-0.313791047944322,0.64288598460892,-0.8808705940049804,-0.11293477883014903,0.16719765918870932,0.3290870882843617,-0.13618860900426463,0.2862556973334378,-0.6422260059759283,0.6286318672342791,0.6595209384810369,0.6045357275011027,-0.2774928693065103,0.5148427262856395,0.29249594091732406,-0.5348936846558128,0.812265385687096,-0.40555684069423603,0.3821374516054018,0.5434341816108824,-0.5561970327270683,-0.9703979647597608,-0.4503687395537527,0.5512782340860869,-0.5410669601489208,-0.37519914463699866,-0.7407014134845818,-1.3284157997208828,-0.016662285355690153,0.37135291655795083,0.2131187274502605,0.8596718056709839,0.28057100956459224,0.654821727291419,0.9297747947000674,0.7956529327795864,-0.2384907078783812,0.20794777836551762,-0.3690814888945544,-0.5276401111001807,0.4982411459993621,-1.1713102170511132,-1.2289433594088748,-0.5883170175380343,0.7140847359385363,-0.055509094393512995,-0.22809053474225985,0.9130632953475798,0.20167337260321955,0.4118253796372488,-0.5411998894737599,-0.7282068342947796,-0.13291145559788586,0.3330624702997536,0.059245073230007515
0.1657483633365735,-0.9232720922099086,0.6429089537339516,-0.4929772874929133,-0.34501091679956086,-0.9216588625361842,0.5725447626606773,0.8803794885105208,0.8370076230234387,-0.6976875885482726,0.7917086988051841,-0.7412818371207613,0.6252371768861127,0.25304147645325853,-0.3058586996710042,0.354624863241016,-0.01404093653107912,0.14294827648434966,0.21506943315618518,-0.1332073712736162,-0.7240641575727413,-0.8691831556628219,-0.039604279470175065,0.6508378978883684,-0.053443925199438524,0.7469841747583515,0.6996723154660176,0.3508684736679715,0.59584495273378,-0.17135282643183655,-0.1594879637429287,-0.5558854924476343,-0.4343322789091804,0.1824080524719594,-0.8709267439894883,0.756038540038114,0.23803287551949154,-1.2160681237416675,0.7519349036635037,-0.3094477426600445,0.11419319691013763,-0.8368330827993521,-0.5434795869474988,0.06804826959806727,-0.3329848694466541,-0.8220996358493164,-0.9021833484816717,-1.114714147706831,-0.29721328078732046,0.6318694410629396,0.8230101742545597,-0.5597585090278434,-0.06318021733458137,-0.052969610452339,0.2898269175068829,0.4391496842201726,-0.3813620050754293,-0.4129114123944132,-0.4044222586024199,-0.9577520508115346,0.26977132331534054,0.23817592158655715,-0.8393866795323353,0.14651826015671404
0.6191646486925372,-0.4872484564764396,-0.4799596685000985,-0.439163288167671,0.31675152179753785,0.27442950490459567,-1.0124861218430434,-0.21872211495082303,0.09415578456104126,0.18567982989599707,0.8576837040810884,1.0185197972116025,0.38108787476615863,-0.6287857465039447,0.6915347148049388,0.6873691065747984,0.30677517697657913,0.33633121843497904,0.34596767759925123,-0.9604099992904399,-0.3534388318062622,-0.9172395423353571,-0.8919440250924016,0.38829487158109627,0.05012923040324674,-0.1287161359629447,0.3864929628783125,0.08786826742624843,-0.8131656171855858,1.0596890070432075,-0.4335650901025632,0.5627315641992348,-0.0648575181908695,-0.6094849549363617,1.0744381755407122,0.6438831539140143,-0.7121384259095865,-0.5380151510712834,0.1490519912588992,-0.2728871412668712,-0.8797604104530605,-0.8380177294984914,0.5076361704539344,0.5198206616725851,0.5037892578715127,0.8177856412136305,0.9991856395167056,0.5577313728077362,0.25778215417892436,0.11651474680949815,-0.21255398903444633,-0.10019946518462539,0.16208161030891044,-0.22453331354697947,-0.6048109290774034,-1.3111617872889096,0.4525260948952979,0.7575955839631849,0.2592403133275688,1.6512456941985132,-0.32867214820521984,-0.5653096741577455,0.6204536978986797,-0.5138929542133613
-0.7320578128372563,0.3394246923472756,-0.6270529750897291,1.047560795122018,-0.0944029251162942,0.4991547009695871,-0.31521992331822446,-0.2998450179400123,0.5419217137083763,0.2175005933817078,-0.4134156537862841,0.07277477119445025,0.4153348342404532,0.965625785084185,0.6764279981979563,0.23369692528845798,-0.3112870739664687,-0.7160664040426848,0.4393286552833692,0.3408268416823457,-0.8596903275202294,0.7928240971880273,-0.8385794703193329,-0.6138550907359489,-0.8266819839942097,0.2862588834356714,0.3249676091769017,0.22015289612071137,-0.3180645728849924,-0.8263934880208582,0.9413160818916272,-0.07180793556025822,0.07285244432388305,0.6075124732234342,0.1821057906477677,-0.34581195691883854,0.6194603782139925,0.2719061900019776,-0.23259391568827803,-0.8777480429858809,-0.0993602333600124,0.22433332668815584,0.03744541381987609,-0.7713756540441923,-0.21521588062211722,0.14454505023923156,0.07228145009425123,-0.4798169211168219,-0.8367311573941499,0.8839203039238471,0.09948784849220729,-0.5566418117939381,0.255733916176707,0.836620293500455,0.39925677579056595,1.0817419999031639,-0.8405894842310642,0.5130623626781912,0.43801218001711895,1.0535101247528684,0.2583590957068123,0.21497660503012436,0.6110296338581944,-0.5909777575929315
0.22112273555505838,0.7149508060023226,0.5948353811511548,-0.5362576014876188,0.10844769152945012,-0.15646228492482328,0.14929838983193877,0.5710825312990593,-0.8868447971215702,0.3510830363319344,-0.5561822315207264,-0.4149309815123457,0.42528167924094806,0.6586662052419545,0.529934353299977,0.7262030131833461,0.5006861742241366,-0.6142937777640738,-0.686548478176907,0.06774165626237558,0.7798505664784612,0.3569485012654815,-0.26821294278997815,-0.8671288609473633,-0.44738113858539513,-0.2196514649784895,0.7465469213403884,-0.18962309712064954,-0.87188529932012,-1.0820261460271146,0.48109783445634885,-0.11038536908128323,0.9056225907270777,-0.8779776919887289,-0.39279336046013263,-0.9085639433388708,0.6178747796354274,0.9122481713912443,0.8796935113846428,-0.19375584428667117,0.1551450739051322,-0.7925047642304693,-0.4410435013013193,0.2030812116325956,-1.027996754471367,0.5072150649601689,-0.5541816494365118,-0.9238248890780577,0.22539142690913344,-0.7764512753687965,0.4111087740652729,0.6584122486688448,-0.5227072595217801,0.7326418167622106,-0.3739619495564794,-0.4851024355668866,0.086903067705493,-0.07460405785893398,-0.1362988911083173,0.2603891760563867,0.6091376857124778,0.27839015750966556,-0.4257732406994722,1.1497235842373883
0.04310377183432778,0.788173606885735,0.6097476263466545,-0.4648507729270725,0.8180661331550376,0.7677997429049332,-0.6264145582521767,-0.3757176689332238,-0.11940091338994978,-0.19570793339589107,0.17047025468755367,-0.6779668417887856,-0.5330220373320453,-1.234954163520844,-0.9447943303556052,-0.16369548640404738,0.47546055292497263,-0.9019478204465641,0.8838604279359161,-0.4789129984462607,-0.6096485987232085,-0.3756704496637342,-0.5815192929550902,0.8281457391676474,0.3997492351831098,0.351602620664681,-1.2006013945977794,-0.228075667882402,-0.21420671718725506,0.8347177582279881,0.918243719801062,0.5336179078657725,-0.868826476081002,0.31534214975174757,0.07644759087095691,-0.22628131388872208,-0.9259733687764864,0.2022867669052928,-0.13039225061341145,-1.0708431959945135,0.9688343632337008,0.3547958425307598,0.8215528897361021,-0.21946468259401714,0.4063349350297458,-0.08552025290897902,-0.01686126685956214,0.554186561667031,-0.4931688337068772,0.8418574979929041,0.9230731955862422,0.8657521302480455,-0.464450030728442,-1.0045511814084005,-0.596361860943662,-0.4435323309111134,-0.857600798823865,0.25596432173371364,-0.32216333178174494,0.35383886938776987,-0.3235454708873551,0.24185756356884477,0.34291834454520614,-0.06510410212792439
0.020237432458334894,0.35487424394524053,-1.30561890502826,0.9683818645128294,-0.6503340368468293,-0.8134183364464982,0.3739851791925161,0.5694273982496673,-0.8501589941678512,0.789797622801892,-0.4661296760680132,-0.5513399426287351,0.1776410590590117,0.566097508000431,0.9426817752344278,0.5792535041642536,0.05368460578106416,0.08167048127017679,-0.9531379101534231,-0.8668995950811236,-0.23323650413525465,-0.9038750944498788,1.2609217592801167,0.7367098564524461,-0.6503481595360889,0.12495269933727085,-0.6132495839150404,0.49393990199394183,-0.38456506991504,0.005330643060935809,0.6778566474659664,0.28272981799073327,0.09907000850215723,-1.1065210471106703,0.7345432021101422,0.06588077542919263,0.1509204588869255,0.12462237497599264,-0.5358823046613139,0.6342933563695435,-0.4588549747754343,-0.3544346339078662,-0.979243907424255,0.6255391441771594,0.0039719032557518534,0.5287161431419394,0.42435973378773495,-0.6167805332220153,0.11720952667133626,-0.8088366515106147,0.7761151097998769,0.8378760625607398,0.4769884020484987,-0.7066080266925201,-0.8369617178841614,0.7894041537380112,0.4033904827507409,0.6415755263386416,-0.6838266696131122,-0.9106021116592505,-0.9420852320353785,-0.5797059133363003,-0.6968047410556817,0.18868260884898913
-0.8377449779008357,-1.0566367342782403,-0.3870325381406018,-0.9283683695956021,-0.08455050108566452,-0.8000833687969384,-0.7045748147127483,-0.5757148973402281,0.49349029112391274,0.6179023819166005,0.3074346456099306,0.6855783154568496,0.15462384180445504,-0.48426993425180187,-0.5894291247632495,0.05158486468439452,0.8637011272686103,0.59603597021094,-0.9173753817769044,-0.5611056795742425,-0.564730957095388,0.6852245968638326,-0.3528787788750705,-0.012008550583208561,0.3095723057754544,-0.29749948517517383,-0.30866225005777853,-0.4919519721263569,0.4377020517920482,-0.1776943626644265,0.37052119041564247,0.0437264601009878,0.2745966187303702,1.00153177024091,-0.4227273319703899,0.0276315266111554,-0.29399374600078293,-0.07324877040714284,-0.8933981823998781,0.15235697671095547,-0.17142274976092775,0.10655358775087022,-0.8715381962067451,-0.7897605549484327,-0.30516432154861806,-0.46452337297568497,0.7025216947356181,-0.702587936021046,0.16593771082440534,0.5488808804473417,-0.7140354751064983,-0.7203378156823016,-0.8414891702349386,-0.7953863391902021,0.5051185353683427,0.24744747646801676,-0.47595793023017474,1.140716726121355,0.252479383057795,-0.009710843094081522,0.26580547822008427,0.28285495726259247,0.6234884280964699,0.938936048623132
-0.7742894333836984,1.0322275408026802,0.925321897183589,0.2685770438738268,0.16143029071618095,-0.9707290652294798,0.6054419733089689,-0.6935143481519814,0.38115728698729195,-1.1399384340521916,-0.16518570568389493,0.11004301816658786,0.7800399093411508,0.1967140652395507,0.7665584702604546,-0.9952611493801626,0.19375318556463345,-0.5101632447122885,0.5506133961573663,0.7508549976109995,-0.18105082064518463,0.09917353156511431,-0.44359362825126836,0.7865912472608098,-0.2673676926729969,0.926326188573791,-0.9384878052743761,-0.41139595911091387,-0.3865020803520958,-0.5918732278134101,0.15042295576574177,-0.020275919313544964,0.6641744025065418,0.06684205277471,-0.6055613417697521,-0.6731880097820617,-0.38102511503268116,0.8757885781972411,-0.0444977656519614,0.548852326941539,-0.38115013993411656,0.18462168538200646,0.26359334418524505,-0.8893056009781882,0.6949989382246925,-0.38026054583558083,-0.4391184552589386,-0.20050172553679088,0.5286024940035048,-0.43366474423557144,-0.15410956221313965,-0.6006336396480174,-0.21161500528651456,-0.7574967192070752,0.6098387375070596,0.8870314317348129,0.9490761669685231,-0.346022434015939,0.9635352931623035,-0.5737720371029688,0.45610361313369685,-0.8376163753470207,-0.009966504559372842,0.24623658543134927
-0.29481328139124974,-0.3597621467478863,-0.11479375174877636,0.4476076841011493,-1.0080510775824316,0.5113878054876446,-0.09181788745883565,0.022065006562759268,1.0586511285829725,0.08700078049915368,-0.12894226130639602,0.48917846189257314,-0.12030499013092355,1.0446623564177282,0.5809878160025713,0.4854159142016993,0.5325371220910107,-0.15301355956626414,0.3735432827091262,0.2877924365945434,0.8283515563933461,-0.7554632415959579,-0.3249947538813171,-0.05080312244883792,0.8353253351638744,0.0018190800968899367,0.863606329641936,-0.17410881946142315,0.2868962949959949,-0.4803144595666732,0.46132234930732996,0.536963224532844,-0.6110624091159029,0.6077135942434275,0.27747617648087314,0.04957940283090684,-0.5004609299120314,0.6426633418725781,-0.5480943437675887,0.5061250437941919,0.23526314596330897,-0.8500154370670328,0.6488092446966274,0.6294632424002143,-0.27228992555112397,-0.43247832531386315,1.0789241798220044,0.6289272648751308,0.9015030277463677,1.0049152152360483,0.273754787346568,-0.176861887814461,0.8362277663560601,0.14779852472974625,-0.06315020023219942,0.28202075550826144,-0.6187183402273608,1.0454766668448336,0.3141092770396557,0.5020460842485064,0.6876392071602362,-0.2651836145816728,-0.8198989176822489,0.4884054683885754
0.9590651287171569,0.5356926905723476,0.34459095696708536,1.0133131815109229,0.3296665271460274,-0.912823489163656,-0.8798849152695504,0.2593330754937053,0.4135148657592754,0.017857454819303408,0.3911701110606504,0.47545948699586976,0.28890632468423033,0.4042038891884207,-0.4375907097581444,1.144897968023055,0.4693217059077113,0.6014414387165942,0.27607926464512506,0.4821494707088614,0.17521611462779027,-0.9760255172897325,0.04392041606325443,-0.11730092313899164,-0.25687153344390734,-0.5915221707715101,0.029885391537518607,-0.7387330433333187,0.8973756293521616,-0.36564808361653317,-0.9543305194420897,-0.10058989969933506,-0.2529923512454934,-0.2818063395831949,0.032728176497635875,0.8836430903069927,-0.3598147280314303,-0.9408021189109073,0.28736243089860136,-0.6831668024448395,0.12122403112281091,0.6195489634629949,-0.3080888065828509,0.25184905624114406,0.43928194101749657,-0.17211945846869042,-0.9868152081651831,-0.6783158606440044,-0.04707434217034976,0.3409531219145822,0.9171137249345687,0.01982615565455688,-0.9543860105445934,-0.8213676889963534,-0.5070180358114427,-0.6637069663459875,-0.28757208127301126,0.6892358143104292,-0.78986604681206,0.785644697692729,0.040571956066534784,0.6540150790717976,-0.678363797900361,-0.850406797637383
0.40137571254986937,0.5649199028807432,-0.21263099688370746,0.1473855873911694,0.1904271539545962,0.34504262351988957,0.3398277180496765,-0.40374520447717305,0.5884243094716287,-0.8192479151558472,-0.012771631838976229,0.5220421030109724,0.6135155480952047,0.5864698140815763,-0.7793270534026837,1.010193616512239,-0.26993281732775426,0.20869851974499085,-0.6983114694951598,1.0609428205882105,0.6167454490924681,-0.4831185250510469,0.2525636387030296,0.20606069736990817,0.6371937271437811,-0.37252257569321845,-0.07612250587354912,0.09219612253688854,0.06672288670450062,0.841277900282804,-0.35115831254264845,-0.8932125803613248,-0.6043922113672412,0.14385019177019606,-0.01575234466545145,-0.6668101974817711,-0.15596762008625192,0.9881279561178602,0.3632410122518105,0.11281446880117237,-0.35464474491376774,0.466541133360588,0.22338112125883436,0.38562606496888324,-0.3176357659715709,0.5870077464621005,-0.7105896860496933,0.9107002021935672,0.868228048354703,-0.12300568764620115,-0.16695805287922696,0.6234713948037617,-0.6093664483940354,0.9176992579659833,-0.14200991600564855,-0.1415912576759431,-0.42375807760023493,0.014905402663806317,0.1507850339770796,-0.19238006277164765,0.3525113298533139,0.8731308136172415,-0.502572969892974,0.26107889903951265
-0.5771395185690447,0.7205593265259518,-0.2568223826910317,-0.9965787693156261,-0.1671302126926628,0.09735726175943653,-0.9024681531771361,-0.5934153980792778,-0.6192270775079602,-0.6924056644067219,0.3266638616778295,0.9425688477111797,-0.9546652706922052,0.4087878462577764,0.1279407883038594,-0.4499406938356465,1.0090743669490991,0.9566927126143877,0.14403085188140966,0.8836857121991474,-0.9115537816330964,1.1899439302492782,-0.7256483024408437,0.555750152374125,0.35586928546418717,0.7260240675859095,-0.08750338481640692,0.19951603917828012,0.7901986020268701,0.4877850298089157,-0.7209740110590496,-0.7198961552400658,-0.8619374985310115,-0.004321992093631921,-0.2919901738562796,-0.5247525860087688,0.9086776590098716,-0.29797474351249126,-0.1662602700075758,-0.8113612890003846,0.006005145112288397,0.23294150910759812,-0.16091457127742373,-0.17484187249860095,0.11567851364797958,-0.5020063906115619,0.9231069736822224,0.30077505363217333,0.14829144268923863,-0.8974282207046629,0.2982753573953179,0.6182654750291031,0.49153637868855576,-0.41309055647163656,0.4930101780607977,-0.3668792869569893,-0.3712499057811477,-0.17837965582493653,0.5971824303011685,0.8221371625156987,-0.0504484862428202,-0.5705187388187916,-0.08283306602285805,0.10257740820422451
0.009851813542584907,0.39423086589875916,-0.7200416982806961,-0.6755216934171052,1.396617419334678,-0.7127070512450432,0.20312999664003634,-1.0150663530126312,-0.47649936880032967,-0.751634978151303,-0.3429335201373009,0.16628103164235195,0.5671266424242644,0.3971419722745095,-0.30537819378719466,0.6563649917055914,0.8380045210465751,0.40074696692871864,-0.055636145872147456,-0.6873135335180961,0.40613158748844275,-0.13407716232517378,0.6374702352249105,-0.8598787643571105,0.8204356189006615,1.0359007425853535,-0.535019264473091,0.0715799612475121,0.7271425401808138,-0.24954239229870287,0.5765311740255165,0.9681900972949068,0.28516337582619883,-0.6816098031625436,0.20637405392741642,0.7473917316912685,-0.1201763629647367,0.03402282519828008,-0.3943118953872755,0.6398490168625768,0.7250224271877141,0.1658942937514576,0.04301523425736451,-0.7251571973259441,-0.5859943986142796,0.0859073090807039,-0.4325016544324296,0.6084511602625224,-0.7595678530610691,0.9198833335668901,0.6190722434907954,0.49661421377568693,-0.7845819298565944,-0.8777867540596866,-0.4056140671938136,0.24980706773917238,0.5672569573951516,0.5813576906824551,-0.17337727254816204,0.1211701899963942,0.19903510549301948,0.6281749763277628,0.797599010731818,0.027468913786766486
-0.5988062777697502,0.9912146234958664,0.1536770165670838,0.4131917466473082,-0.13507826329174769,0.4134292996509567,0.731724243030982,-0.05421241993240505,-0.7918359378163967,0.30645422958266094,0.4262292285658999,-0.7987995252582386,0.49805185328752116,-0.39906692844129393,0.7686321918838035,-0.30112894842735005,0.677535151931853,-0.9994169927245375,-0.6606519747292465,-1.021732511384392,0.777790138448502,1.1141520130516054,0.8888035529296145,0.00635685114599794,0.0036023421895485398,-0.9096608410637518,-0.6111760221950205,0.9992448079709677,0.5685138076943906,0.088335700052322,1.074308632038014,0.12706169790149352,0.6948879633228546,-0.6075319658879494,-0.7031043297071575,-0.600826919028412,0.5784428519517151,0.41796896603130174,0.4301368286760562,0.663096530856639,-0.026072486851170605,-0.8021915153750067,0.3112570154864384,0.6726285908366051,0.32551848681295903,-0.5526243580011119,-0.9823751783013017,0.44809732575701794,0.7628952641082739,-0.18465709278046522,0.23866913989219204,-0.10228825540093113,-0.18882501675705737,-0.35348940520453814,0.06391891732689577,0.7229684507209356,-0.011280295451561288,-0.4598622643777325,0.509255515808063,-0.7070940312659575,-0.05092117552826034,-0.4183441000708911,-0.8757784104755907,0.49724055717773136
0.09370560326857286,-0.6499465856647041,0.8158207065340443,0.9405492331643761,-1.0431438303576404,0.06490406679438247,-0.44431683457573856,0.6342021544175201,-1.2078598548876098,0.566662173504959,0.5912098679391056,-0.5481124229537768,0.30286371940100465,-0.053477741396897475,0.17537753644410992,-0.2576466895478563,-0.6379566106816774,0.41476634276935914,-0.6352755356299993,-0.30537235488793085,-0.3578032737399092,0.8067593740397546,0.8520038356122476,-0.6705972417806793,0.6014797760958404,-0.19703867457072538,-0.9498903719156934,-1.0549866273392716,-0.5437654953747207,0.973769645212793,0.6108063454662944,0.9752232149803535,-0.19141819334888574,-0.4364322240876025,0.6522789817151737,0.1889361744585359,0.44277266989113573,-0.08461540932080187,0.007877250290623413,-0.6350422881113611,-1.1991986603740603,0.7762131147397305,0.3713218613262358,-0.5322102108274567,0.5338941421876566,-0.22956925418968016,-0.8359618295903467,-0.15000701484537918,0.17261169480616687,-0.26825143905978166,-0.10246713763169198,-0.4243005642434352,-0.026296457157562333,0.9089741492860636,-0.4890982491877103,0.45424114534053517,-0.8342843979781654,-0.41589648663305834,0.944957160484384,-0.185244472618088,-0.5784992888368018,0.39333527261472295,0.6249546066222573,-0.8106301988104508
0.04539296885532361,0.48037942649670845,-0.04355437624066485,0.33999497635611314,0.81972095969232,-0.5765090221630202,-0.13786008314133355,-0.4252102371883079,0.86203869925706,0.13727614218636192,0.7983145552380188,0.48060445109636424,-0.20515195937016506,0.09917624076184302,0.3782885157848612,0.9588034758794528,0.7411397562893771,-0.579347689149596,0.8668813596884996,-0.2561800654616967,-0.15817148827199087,-0.42617002743516813,-0.15075373929343708,0.11990245162616944,-0.49041604437175995,-0.017881428665577855,-0.655657066676976,-0.026849048670888824,0.4658149348253304,0.19526764087623386,-0.05887421210175869,-0.15845556092228102,-0.534741763066759,-0.6418021900273086,-0.9089943550776491,-0.7610225458560691,0.7783972398555797,-0.7731226547173263,0.3044327736320075,0.31887797293775,0.07276575003891333,-0.7883759109988258,-0.6060225573680353,0.14249855561345723,0.6531670742058008,0.8854433344920705,-0.7320804365310443,-0.21421123027666988,0.2000669658691631,-0.7243074364062922,1.0627615458516082,-0.25252772725898204,-0.36471016332136486,0.49250480709187855,-0.220261814289061,0.4562593449540869,0.3572529395867561,-0.5471662126382858,-1.1113304427238417,-0.45364066421722443,0.9681122926631699,0.0176739062061193,0.8565622558975646,0.5512600757739778
0.17346708689068374,0.18059942721964153,-0.1119728860478522,-0.5841249616033113,0.4019990574174782,0.527975151929601,-0.06927487623217156,-0.25919638138438933,0.3805193445647594,0.20627017564856812,-0.712996564434369,-0.4998956212269987,-0.27923736453132764,0.806920489390804,-0.5244228543893836,0.9961020723257125,0.982042930951615,1.0037336672581008,-0.9256414837201049,0.6646771794681983,-0.5036214579707315,-0.8904701247330018,0.11268863405236587,-0.6021891881362857,-0.09636348340220524,-0.1919240568222692,0.05461611020295782,0.7846355582789125,-0.5524535446940486,-0.8187212088668666,0.7523634960281816,0.6943342536274224,0.6308759220068197,0.4310499964103567,0.9379771932278392,-0.9200508609196277,0.7549069616208752,0.5216066166265356,0.3784837358549474,-0.8340992419869359,0.5895544565951516,-0.14801497428022406,0.8974194526608613,-0.32472662327663987,-0.9132286851049061,0.34660079503733415,0.5867887952252875,-0.22020440713358097,-0.5288601055131712,0.8566052086155904,0.11762046043694656,-0.3458276216097128,0.006641332254175899,0.40396170461301234,-0.6359905786727597,0.18323386749519321,0.3067698317251046,0.23562082971926637,0.5589235488770324,-0.7300626693977472,0.6021625563495799,0.38820376967257963,0.09157452346398857,0.6976259568865727
0.9784731771950278,0.9334614857846288,0.5897543232383133,-0.4094127506600806,0.0763249879017934,-0.35572734462644756,0.6178632980392058,0.6564815467706983,-0.9874526312898779,-0.5458636831497419,-0.15673555006503295,0.9355301427431072,0.17887109566397782,-0.14000557637887037,0.7594401350138061,-0.6395683356706673,0.8509736914758914,0.0407644617252093,-0.5137206835416179,0.8350611336455718,-0.12260502893642944,0.06219713693511672,-0.08980535023699103,-0.6028519610915914,-0.20822931745027615,-0.9092628602802517,0.3473145720426602,0.3276008337004095,-0.27493536934789237,0.7122206198154591,0.8550781020198367,-0.6192912813195472,-0.8109785561996697,0.7809270524338083,1.0132177389269563,0.2228037812982121,0.4417390945542429,0.08227602622481085,-0.8744946914201521,-0.0641061760511931,0.7360791914078378,0.8114170037831364,-1.4156457684307642,-0.6233882864017779,-0.3671684599431927,0.2935268218549778,-0.9079601216380401,0.317301670222473,0.8465187085620074,-0.2684432758246043,0.4838476888103433,0.34684478442489897,-1.0911557777902117,0.18544161986447374,0.06352019095793938,-0.4801363013524907,-0.2395867009660587,-0.12665448200264384,-0.5902923715583726,-0.21178501743303174,-0.6736457542270358,0.6365506798642651,-0.4192302327267046,0.36287307739891855
-0.13743343564688532,-0.023441823299579993,0.3098993377749927,-0.34177639729888293,0.05956665966500281,0.05124761238267969,0.9539930971603402,-0.8674233922641923,0.6734922439482007,-0.6770043737283387,0.503995132922638,0.20121141869347853,-0.47524404547698335,-0.6777053819585828,0.6762291285212044,-0.2537819869801176,-0.307302879312609,0.20197469776650778,-0.2346243832031549,0.18970365583848703,0.23308991828032224,0.9915577720588536,-1.2332463680939243,0.5466420816701485,-0.6565454052558443,0.20711580596848134,0.22579767281502894,-0.2150877561729867,-0.2445920425580651,-0.3143985836994706,-0.9937709972502412,-0.7223425089271794,-0.12650031664089298,0.15529584682298322,0.5212274301466393,0.9592005105153945,-0.5329653703095724,-0.45827747091725923,0.5565747679607509,0.03948048746997665,0.8602013618046108,-0.35797659404034193,-0.46128690248169657,0.6182915372286695,-1.0245651725702107,-0.890945719597217,0.4682866413016259,-0.22488550295217258,-0.8484970232941752,0.560710448740503,-0.7724332219280915,0.18394467289555666,0.868423727886232,0.6734199151168594,0.20904942611258123,0.580841744770153,-0.22995383843396172,-0.7493545709504077,0.5903973049538666,-0.7580224636558748,-0.8324821997506088,0.3459255667201855,0.44257185770272917,-0.152073828961916
0.10597924245179699,0.6253421152281154,-0.6367926197655623,-0.7752359732583902,0.4053340365097793,0.8013095996453227,-0.31077040933751054,0.10248675023851395,0.2291320378914736,-0.2836702341486814,-0.5861291514360559,-0.8914604225376399,-0.36751485101985765,-0.6248391706129574,-0.9659890307532021,-0.39009541584561114,0.2175317825885794,-0.5471936496985551,-0.380064686810264,-0.9948563644502892,0.23557497177571343,0.10450654123182358,-0.4956912814957627,1.0612235277724278,0.3752126861411799,0.3879631872662111,0.8286599157155697,-0.11891226495811227,0.15228225428920864,0.36755352481171943,0.11546958935488334,-0.8228056149989242,1.0938207298606695,0.43004709283244796,-0.18169902965481027,-0.733853627776611,-1.0291169202973598,-0.36061830634350533,0.12307407783465298,-0.5697663845639669,-0.12066016565269942,0.39015295766590447,0.34523241067938343,-0.38089034386152476,-0.4824009170954089,-0.9433375653661812,1.054460372322347,-0.5200343444593111,0.5233462587052696,-0.4311672196400451,-0.2670855224232995,0.2181984054293223,-1.0020401924258828,-0.5718419237368993,-0.616386648676622,-0.31286231737500825,-0.8791206239016514,0.9558505925212137,0.20717907419241108,0.464886020807204,0.37266916314971943,-0.5471308319804173,0.7307540303234463,0.27100610855312124
0.9331687519966336,0.1076511819779161,0.589864717866275,0.3296354496226266,0.5807346178521005,-0.5334434994327358,0.15301885705260593,-0.985724384237644,0.4901305246091091,0.031230876349026993,0.9793774547179925,0.2568422711260134,0.04717924723613469,-0.22756959597456314,0.3139490568669928,0.20471237989979849,0.27286393814541215,-0.6095306964149887,0.18645233789844182,0.5248296133148557,-0.9748579872183691,0.718348647173463,-1.0561975724767174,-0.3380099358517743,-0.6572055913616011,-1.2464874941678268,-0.5874707207496309,0.3927162032201328,-0.48446272183026057,0.05379204062070088,0.747868894544573,-0.797342285592574,-0.10092497489693404,-0.5572952842843848,-0.7626711178663984,-0.11282219143452621,-0.06525675153536047,-0.9058991725058019,-0.6337043451607298,0.6249231521353722,-0.09406402178276471,1.2274612427050369,-0.2590496948824779,-0.6991773390584689,0.17128148687713873,0.11502300337778272,-0.7659735626782641,0.9424171655864919,0.4126397024884039,0.19104870541576552,0.3640856579107589,0.7261669623592075,1.2081677246723066,0.5775805624872294,0.044521057777900365,-0.18780213325312256,0.04319666255375313,-1.1612535434833622,-0.14491990347799535,0.49266280313053135,-0.8439157790447182,-0.16920584262487495,-0.04515576848656733,0.41129188315183585
0.05964792489852476,-0.46930649940487873,-0.5923209405313273,-0.7617994064059521,-0.7897523013556174,1.0119375612573682,0.2625580652037915,1.038615336006637,0.1255164660499285,0.23532338860112417,0.30057273936902407,-0.7906352120513228,-0.2346384430707345,-1.166017036683566,-0.18701042239494856,0.5129015160505953,0.2476996635664132,0.3516430525550799,0.521236931799818,0.12338710290257504,0.9186348222508727,1.1409727042262285,-0.16109383784450315,-0.15673211257559927,-0.5476779183600948,0.5157445950622509,-0.6807566542306211,-0.9518329644554204,-0.8890887273436227,0.4338518228660787,-0.09667584147209764,-0.5627493292884045,0.2646682510151573,-0.22492418489192112,0.32028650544422943,-0.21087983508354555,-0.7590153856802081,-0.45257804536989965,0.4869120688483949,-0.5875070522934458,0.019156284476860595,-0.2636512963804597,0.02146253517024094,0.26891770886243804,0.026953442896235004,0.3150436742677805,-0.8839808599009931,-0.8801449871930893,-0.8892068868657286,-0.27282060863071683,-0.019065744431762507,0.6976736933531236,0.07840760286711558,0.05358963854933416,-0.9911712251821202,0.1551660984296392,0.15181239888505224,-0.11225091131988933,-0.5942297452308909,-0.8131428879469148,-0.230242166417247,0.2965191832441988,-0.8778656545295807,0.09185838923132754
0.9669514308715473,-0.04071373531752426,0.29411480645354005,-0.14923752830290046,-0.1814819456530182,-0.05760942234005809,-0.8465391669481808,0.7931404922440505,-0.2134393120441135,-0.2721361889244328,-0.15440618407710502,-0.13998591896245113,-0.5575461468927904,-0.7200200225156296,0.20526333162988544,-0.1874388678035469,-0.09292076126506316,0.206946098463278,0.47610528364387456,0.6729709054781761,-0.5818271980355787,-0.9001492732750506,0.4378559543013643,0.18139395609881503,0.0514319436447518,0.5166230053922657,-0.32742444212441396,0.09812889909451997,-0.6711117405960373,-0.860350926478397,0.5355250996792753,-0.27072715297348027,1.3016889422490043,0.6344751291703571,0.4474988570496433,-0.20780794601442742,-0.01638662272382278,-0.7557339960659849,-0.8318163688273209,-0.14784204345653496,-0.16545489651726764,1.0584980555023689,-0.5775776925438771,-0.8298971349146499,0.5233944798645901,-0.24224470492255548,-0.8869263300546756,-0.5255218313068054,-0.8193834915212818,0.18933906935999292,0.2631271444048119,-0.3683350952580352,-0.5127708238720883,0.8983661938592734,0.09661663683665331,0.6710238733476657,0.2649340193454794,-0.013229076387124018,0.13526699611067955,-0.071237638620896,-0.126877494781457,0.2642200550939998,0.626391498819696,-0.7177594028597497
0.36885266874207934,1.1536750971667604,0.4615880595003185,0.3103984272409186,1.0172469134387012,-0.8105020436270012,0.27522813464537293,0.7820722861355734,-0.12293223784809386,-0.38791485630863004,-0.34380466186734426,0.4532322830021137,0.8222904377999044,0.5971975355680704,0.12341227276600099,-0.19290596361524404,-0.0017147181024881881,-0.8280115591859675,0.9036165302795346,-0.6567819739158801,0.25857920532066003,0.7554953336986543,0.18152873265906286,0.5982423809718288,0.4748142994171315,0.2880999311222498,-0.49733208601328377,-0.8371834952882022,0.14897848926440843,0.5708453113632366,0.12414647782150764,0.28624848352833926,0.44297477618993053,0.9413224732369224,-0.6094686633894522,0.1966910841561755,-0.32068312948380545,-0.13869406244703722,-0.46406165352558126,0.6550206355846734,-0.9089634274007183,0.35116360483080866,0.41011429422828105,0.0649846421053514,-0.5823475734116585,-0.5220038311370918,0.4477930023460159,0.6674631750125085,-0.4723756381743642,-0.7641451146702524,-0.4133524746304378,-0.4920888733449901,0.5722820869402414,0.27802100192890983,-0.7542621992075654,-0.19864618547653248,0.396545473033918,-0.8924150252217491,-0.18180473689162846,-0.5497146562328176,0.7931721657440612,0.6395694235822291,0.8481871857161929,-0.7750194957324352
0.43866688299572787,0.0767924285246008,0.16059181332833924,0.29196987475817693,-0.8260767448484337,0.4314113116127805,0.16659702327034911,0.30612914413454656,0.12761639812723785,0.4148964595518868,0.7588243638585727,-1.2960547493061287,0.6050064242842043,0.23286766079718305,0.9008511023321217,-0.2772918194298853,-0.9314975631134168,-0.694490553144744,0.14020865454828196,-0.6155709677535425,-0.6823739876033994,0.49329699592629556,0.43704637617056485,-0.4463108030416904,0.0010880490105522507,0.09568084644577272,-0.6064709580096641,0.5895201297785649,0.6505559922711474,-0.29462982497802875,-0.6452363902047467,1.0443302817696059,0.3727763525960364,-0.7366442814200362,-0.1486158228645348,-0.39888348666201145,-0.09413780650906929,-0.6972993046315863,-0.24068185735078595,0.3767496087731632,-0.3894499412778023,0.03236135227543522,-0.4453342040920322,-0.6206340842436653,0.40555203247886756,-0.4621497814836986,0.12489968291866511,0.9165919706023844,0.5187046953017257,-0.24165251576641295,0.4026953389279431,-0.19617985492567228,-0.7577726853682685,-0.005024437755883239,0.8372995592370696,-0.7821795218435286,-0.6941022281384861,0.03230240794984955,0.39446539133269626,0.7694855638723355,-1.0527104945819095,0.753932085797026,0.09879439619491628,-0.48158654018746166
0.8852115966422779,-0.7447046804811788,-0.46577595610097833,-1.0407472610969963,0.3065291767205967,-0.7905592044668696,-0.1412781110620914,-0.9973384367818103,-0.6624301344945852,-0.4500218681831765,0.052145380217429906,0.5254021246204474,-0.19786919793964963,0.8044995656337206,0.5343417507237567,-0.4009916181274289,0.20415268419638227,1.168699824811851,0.09839404670166663,0.3293946156391203,0.010276077980470852,0.674513529144426,0.3948004808858627,0.36689281833462767,0.07581322446185042,0.32823538304938216,0.13231472609083184,-1.0361574701863936,-0.6375904906242766,-0.9630450384339051,0.7519120652746442,-0.4815897026699952,-0.912399540345503,0.9308243178974028,-0.8023910886707483,-0.6873999132438544,0.017991566625731804,0.44871278695581224,-0.12536788778291533,-0.5336668328851178,0.38133854917129895,0.4336030179690289,0.7478968215293443,-1.0303700802902394,0.6773652322556318,0.8122835227769973,-0.5805964880976608,-0.4085918862956335,-0.7229004891813422,-0.8019353734337965,0.8384775652016138,0.31095419451966844,-0.750290454344495,0.13314502351928237,-0.6851940373300943,-0.7931490358442976,0.6547589639960603,-0.7585816861459695,-0.04611073973681603,-0.17742395775198186,-1.0541806388721122,-0.06867059002752615,0.1631637216096742,0.6063147402042729
-0.7663249062250751,0.046023821694742166,1.0403950949426413,0.061183188420996404,0.7618632274540702,0.21095974629818315,-0.08035995326583184,-0.28840982457886233,0.21426169617233462,0.044331139738872066,0.4655810146159454,-0.8191821229595313,-0.5646938972755532,0.0932608217591878,0.04141422082720204,0.2118829505961229,0.144308808679396,-0.7818923042458441,-0.5445573919965989,0.3003259639812508,0.05353289202787691,-0.4954393780645215,-0.9439096659947395,-0.07311669539962039,-1.0780026519464534,0.0976372034039405,0.786475780849929,0.33846991114041486,-0.1588801677970648,0.6429691050475532,-0.20667602496989754,0.8778556432550213,0.6585996533426146,0.11085736496534519,0.5801264849012931,-0.5165965165026046,-0.4123413594205227,0.6471985310742733,-0.7916650661151694,-0.6465542707114494,1.0150062427910784,0.05210235656957899,0.8344314042851612,0.4401202219333627,0.7634831389851688,0.6927784534807349,0.4922929611369308,0.6861105830893288,-0.30682733248599203,-0.8193839950008369,0.5067703213460237,0.31557504948850973,-0.15287696578218873,0.2787302813469353,0.589348003210682,0.9181299628326584,0.5756111489791375,0.4105324465186498,-0.8878607171420801,-0.37070526186349656,0.49363575809360755,0.18780904087076267,0.5569100334818144,-1.253335591074662
-0.5457230571871481,0.151658587703862,-0.01914018891881823,-0.48928520985399115,0.6208645640514886,0.16564271729942945,-0.32810297694275964,0.7468277549164456,0.9039643032725533,-0.28951806484274123,-0.25333248050296453,0.32124962654969685,-0.9104592214161089,-0.2439029521060978,0.103576796969917,-0.42155649982157134,0.2353631369966983,0.06263889179379431,-0.400507069992681,0.9665124154475091,0.19089679544805319,-0.16922250753997717,-0.6937513203887862,-0.8230436140768256,0.005064403295812707,0.7543420008725864,-1.049995388739355,-0.7249181644404121,-0.4480346101496224,-0.52729657055036,-1.4793091909727676,0.7929396553311618,-0.029878722866741002,0.08000448135587626,-0.1766460373881345,-0.6322320676602484,-0.22884943789832024,0.08478133023898769,-0.8349672476485586,0.13921639350028842,0.3593408403878479,-0.6946246521754503,-0.3642342466260825,0.7819754983343882,0.07581855528305573,0.7919690979970297,-0.17686446363089164,0.2980459813768096,-0.5018048891530958,-0.5153508930340578,-0.9458075242977051,0.6400971357266739,0.6782850756482801,-0.6405604895487073,-0.47823949652322045,-0.6225236429343703,0.9521475130249282,0.6360796578349711,-0.6543991634724169,1.0937329163581742,-0.12573831491882326,-0.7454703920003587,0.5296894771842604,0.510367760548801
-0.8504330198811131,0.562014015038431,-0.6844315149068949,-0.47589657521546413,0.09300586935795968,0.16381732173717625,0.9144786049494439,-0.5891900972240607,0.11557760872918453,-0.5073733622345149,-1.0552563155188375,-0.6238605410107461,-0.03725814784013877,0.3031133499039742,-0.3175950975347888,0.07667000701255618,-0.022437578388305547,-0.2380604226112335,0.43567509596953696,0.19879489340906553,-0.5337373108164075,0.03694347232268384,-1.0130697964175066,0.320418582952797,0.9362882812259731,0.926692942330168,-0.7095115543063683,0.35760957724449405,-0.9389942497901345,1.1303824072828972,0.8185594844212892,0.34615724953191945,-0.4941654259424264,-0.5157251763878763,0.5787595035321845,0.08500451527275643,-0.36130781251276695,0.5146174077799247,-0.3428794529547547,-0.26127032586143684,-0.22022168082757448,0.8952294569405277,-0.41975169225723025,0.2104603249546586,0.19320997080165914,0.2793836429942058,-0.48348977206557897,-0.7186033968679656,-0.12888454980110972,-0.09123230551906199,-0.5067671350812997,-0.2959237691713423,-0.21984818234871592,0.6601708430256124,-0.144690043072287,-0.1926201007583223,0.7025549192466654,1.160099637845105,-0.949503622676868,-0.7504726584595177,-0.11353904899246181,-0.3251776339454055,-0.4542190235551887,-0.0202206523728573
0.38139795234956697,0.333699037729796,-0.1651993679780193,1.0590689847184398,0.4401541988973995,0.3275647896866443,-0.9433749214822288,-0.9137583523267657,-0.5747390023574493,-0.8067926871169288,-0.8439120279620058,-0.26687886411402995,0.8641593498417037,-0.9329198603127442,-0.6381071648715346,-0.9724666317039067,0.47882644144206854,-0.11681876874205159,0.4209965371563861,0.5052929767446638,-0.5378997493756986,-0.8869990293867566,-0.5543109299518696,1.0159207954849228,-0.8426962278638965,0.4686337605821644,0.08480588468569077,0.9113258200626596,-0.35276877625865455,0.2454009662635566,-0.3954460210562966,0.32631343502577154,0.0018728998257569966,-0.3212482691438817,0.762257409626506,0.9846985493986801,0.48643833900438205,-0.9176501755686761,0.4795829308632219,0.543833525639951,-0.7414982237088891,0.1350331729552884,-0.24360395804839236,-0.414505798938585,0.12132382692979209,-0.7804929534637387,-0.6212438418967153,-0.6864306999986588,0.3383040474342981,0.9711947351655335,-0.31899223721795816,-0.9056445314849667,0.29088738664614444,0.007023020445195229,-0.7465022804113315,-0.6654474943786012,0.11207326290251009,0.5005397411071592,0.2459274514407588,0.7529331962193597,0.7626416873838691,0.04116521871995124,-0.09618373637339034,0.7244935549251469
-0.5875886587109523,-0.36779897366041797,-0.7970657925982317,-0.7365688351437968,-0.4915314160389357,1.0137257686885177,0.8485174896600973,0.4604550420815184,-1.0751634927471365,0.880519309689703,0.6125158223252926,0.9043606095237234,0.6709421059470427,0.912914162875229,-0.8269858058598497,-0.5671076111437299,-0.8796179708525236,-0.38203808411176876,-1.0611048688596392,0.024117619735350513,0.988706544655419,0.36555030777204583,0.5228203190192552,-0.2534807111065405,0.8242168764639988,0.17135918880090362,0.59476877364634,-1.0004775700993516,-0.14702893154829635,-0.1207356634094672,0.4370433508259258,0.31413035704811193,0.7005151670733397,-1.0756457976114715,0.62730727563636,0.6876474159822915,-0.8026964281847694,0.9750241362901806,0.10598948210104707,0.9593626142986402,1.0208898879539425,-1.0031723192554485,0.42787861879235917,-0.1491650149720068,-0.2698751295714396,-0.18250866676748667,-0.4692077048030114,-0.2954224077266211,0.7020375605416704,-0.3692503072332096,0.6267075136760744,0.5236776249353294,-0.028908233564749357,-0.6114199040605783,-0.2894822174088671,-0.6586712120261203,-0.60806089289898,-0.11565478407407745,0.8003112940882062,0.25055867969879814,-0.6530886995385501,-0.4637362173380134,-0.7317279375371397,0.25402245995083356
0.030816864713275122,-0.550437244096673,0.37550152287085,0.7624587764172035,1.1419643154146029,0.17042528671095644,-0.493172666619512,0.4044448103565318,-0.668025761472566,0.5835086219887127,-0.0401796686235294,0.17757678393517365,0.09952146978602269,0.5289712745183335,0.3955426966241395,0.6297265240890023,-0.49490827530220577,0.06682400465925252,-0.49905267343139187,-0.8081308320060534,0.5474500054163869,0.7370791419398883,-0.019077610207028337,-0.6878913161584778,0.028082464745432485,-0.6768566605693576,1.0286608362968095,-0.5889713968720407,0.3579927448384718,-0.22750611311285887,-0.4540348961518206,0.35930693908819844,-0.5154998274318336,0.2597401459487844,-0.13101648469840854,0.875196788422143,-0.9871333175712188,0.03469625235483914,0.5433382810508,-0.48608542378947256,-0.3995174767244539,0.8707513455768551,0.35195065965995564,-0.6685182500611412,-0.07557911092385854,-0.34922618569164054,0.11140246714043374,0.7132991625956348,0.0188425373478439,0.06350487792715588,0.418604357476149,0.19013857987167132,0.06860639351202165,0.15093061160453156,0.29270822687905795,-0.3948785458802688,0.35207201410059336,0.4988394353182216,1.053162494218435,-0.43756768388746087,-0.5587748423029527,-0.6455343403761526,0.5828843981992867,-0.6091009748529422
0.525722894030976,0.8158186256406346,0.6564687767531177,-0.37503848143178176,1.0949896886952717,-1.1026841467393522,0.6008949619364452,0.2970819294752835,-0.6240518496973805,-0.08022270684933228,-0.7405440961312966,-0.2987790756889838,0.8059817216201893,-0.8636677822018042,-0.5812769904300499,0.9632902811103439,0.03532709155593163,-0.17659275352460446,-0.25922692899256583,0.3765636500514951,-0.7716267964508197,0.9717326314278112,-0.5989836156109136,-0.3251801392417012,-0.1278534087316565,-0.09744149528954882,0.7443596868493545,0.5877808438010522,0.39131568203255945,-0.8197329642749319,0.13121370552239137,0.27422086425760983,-0.5471216335656113,-0.39337533302889005,-0.2530113197493049,-0.3772301758301321,0.8928664660922113,0.10237166054707587,0.8707777537703038,0.1091437177555214,0.10048308132153183,-0.9926323905847718,0.4777724993230731,-0.9945965503366386,-0.49081492866712706,-0.02898628805064036,0.7980358347566884,-0.3786740479412545,-0.6851497007342746,0.21993134127415578,0.6704532274581466,0.8577318770154556,0.45016226366063655,-0.7239213815559044,0.1376362678563024,-0.596048775661457,-0.6261399977341605,0.562223920857776,0.00043415778013925036,-0.7936561385310585,0.4520079091841659,-0.8734171314760554,-0.48380579703769533,0.0863233647178695
-0.2932185841896011,-1.048622606751384,0.8760354394877904,0.37717356241464345,0.4898771966895027,-0.8899883069447176,0.21565224606149358,0.5393911625570987,0.1277959880458581,0.8967917134944584,-0.2804047973001078,0.008593581120720383,0.08225565494176423,-0.38777597452193113,0.7718511657999377,0.9730641056346648,-0.8680405468010799,-0.8431842038831507,-0.1590855081646325,-0.26583318140490664,1.0066840770756547,0.7195865234547508,0.6091486522282907,-0.6452500610257923,-1.4245141682122076,-0.7375162803457176,-0.4918972438455587,0.3172386325888006,0.6102611032195007,-0.7349839809452139,0.3909698269962267,1.0131404555866848,0.7155913407427956,-0.4602261768009152,0.38295813589152894,0.9315352095701619,-0.27083466830748126,-1.0131313620190414,0.6796255911997722,0.043643598372103416,0.7835968719414624,0.5720448769841905,-0.4393782110257676,0.3159015424624624,0.3519558206465771,0.7957114047164225,-0.5948677286829938,-0.05314521651732502,0.28294328005819375,-0.6975365162944317,-0.7695253382151054,-0.19542526659417797,0.0393956003753456,0.029433747108190637,-0.41525771729918604,-0.5018131440611253,-0.7379663838205203,0.4973687286533471,0.7018647113841188,0.6006295313148489,-0.6957901016221655,0.07745750657885977,0.3873053134322749,0.03583461194671525
0.9354887795078662,-0.5752335560244636,0.8092122463338336,-0.7083880860530293,-0.7632315590911691,-0.3457499168926676,1.012985211630772,-0.956756885637679,-0.3078754031753827,0.24505494687782955,1.1486774218318447,-0.119849183330342,0.2539174138318789,-0.18945613481170603,0.9261131692974733,-0.2573877682384993,0.7122643204504381,-0.4674543311693687,0.5337455060451578,0.7902075098598373,0.8499270503198071,-0.18871119327416674,-0.2934226659581385,-0.3435192247347893,0.18487714740743888,0.5738170921341081,-0.6558028471345608,-0.41303352320749115,0.37533788521651046,0.2532932740584798,-0.060433022567506205,-0.7267913416963695,-0.12432881770440972,0.1536212881469685,0.11751218518372622,1.0376917664323708,-0.8643248476372226,-0.38605344180689644,-0.6510334735213955,0.0007776664285241198,0.6783113493960851,0.18859574083626643,1.0235188007253464,-0.9716755605110537,0.2868870841258622,-0.33995965638952463,0.10701872335712613,-0.7515910699456289,-0.6574470469671495,0.8175351883752178,0.727169094109475,0.7880006367007264,-0.35339828171851045,0.06893717685771546,0.5276738430469167,-0.08098362110963152,0.18869399625596628,-0.09167470546814636,-0.4890176378856385,-0.8588062787254542,0.5561281475715885,0.35986329904120584,0.442647991282275,-0.34311367218343297
-0.277587717552735,-0.9184382190591545,0.5765493327345855,-0.3124108907408186,0.8457509447339965,0.5334595261208309,0.33845248251043714,-0.14646902460132175,-0.984639287658703,0.1228080066068887,0.6323459213431334,0.9632153774890357,-0.6523548089768342,-0.4266424055463176,-0.20383398872799965,-0.13616277263459955,-0.2636734621092785,0.9553433027228053,-1.2132620503387472,0.42009316218991705,-0.4739521721636498,0.056760620797571,0.463456402659296,-0.05020143316914045,-0.7145720009422949,0.907709211545267,-0.7239575484352,0.8176513999778429,-0.005064183563639704,0.01665485090066047,-0.3228726025031605,-0.5940020719993324,0.6171439815655745,0.08902583063611191,0.12633639938875899,-1.2536177840006575,-0.6961727025338723,-0.1423502432932722,-0.7142103806574104,0.5212437978534132,-0.10778856424743453,0.27730591225700235,-0.03721043765676643,0.10051474491686967,-0.741898140065147,0.20256287160612163,0.9143287052343418,-1.0427066586027463,-0.9692741848189984,0.13484338482645497,-1.1216683419437752,0.34093353637636115,0.4251113475096993,-0.4646975952210033,1.398583955298351,0.211494335080967,-0.24307919620975862,-0.22826051015628598,0.2296810123275659,0.9167925017826939,-0.23065900793863983,-0.31432452899653013,0.15610097869925504,0.5129623977867137
-0.8660039757091116,1.0113842965448725,0.49560402604975373,-0.8303874693572233,0.4328626597175733,-0.2727937839026868,-0.0881465027983959,0.8267711273273893,-0.17123112548424446,-0.8358367313394154,-0.23742163008266667,0.14873815528264098,-0.4464114158257362,-0.2651042978200473,-0.5945129426410121,0.9524015011374439,0.038248080769945195,0.6585778081739,0.23890941678837352,-0.5766487855781804,-0.19498193744938305,-0.3979756041162483,-0.9988684508014992,-0.6520690772206772,0.33609097048045855,0.7556391801030691,-1.2058187340557536,0.8464571437930105,0.05525261346605598,-0.27694559252613327,0.5750839144884654,-0.3125471766300913,0.4841770374200958,0.9714600610253259,-0.8246904681648443,-0.0009361095368510877,-0.693062372574431,-0.7950341736579347,0.570166300286716,0.13901048027660082,0.08787330152819876,-0.5193735909720248,-0.4589801058050589,-0.4436757522092891,0.33677960914298,0.6018172945787553,-0.7125123748495985,-0.5767184545871661,-0.719843405293988,-1.0388407115321745,0.05259901952176297,-0.8898580935203385,0.8290687228138719,0.32763918780412404,0.31497520698872067,0.5659123417963567,-0.12192828503932178,1.0682252273432125,-0.6404928583353194,-0.3035341043790362,-0.03607659574281294,-0.029752734162027006,0.16322292310002415,0.41288474945755216
-0.5153839637620421,-0.5799946274528535,-0.28963143244258743,-0.054331557979212575,0.6934425650453897,0.016535187429372714,-0.2802375724288607,-0.3722903154264012,-0.6310270255649705,-0.7147741706669144,0.3809624188355869,0.2502840615609267,0.9076071134335656,-0.0918066396826149,0.8554730858123152,0.5004127216467779,-0.23634915847334725,-0.5986725519663291,0.509108972510154,-0.9508351312468643,1.0171812024316302,0.14844410631975336,-0.5124546173824519,0.6062557724815576,0.6832714319005674,-0.1841836799160552,-0.6812260485549647,-0.8093557346968508,-0.5285603394198986,0.016459252130710037,-0.3483703829669539,0.45611652202218594,0.012638051491218785,0.5036696125291757,-0.8945781008066691,-0.3051791369005722,1.1182650135552912,-0.2566810038341467,-0.07889472865400489,-0.8801064929848922,-0.7302593182262948,-0.330865145397496,-0.6319118214263484,0.6023576768387053,-0.44844526829225223,-0.49928375226465344,0.37530431311089396,-0.5494716403964702,0.5882188385104539,0.25148201995496766,0.8825563932705932,-0.3554350308113373,-0.9408244195419254,0.5177131137027305,0.36126314925018793,-0.5708664096475188,-0.13301236009322437,0.20679606248565402,0.6594751156933937,0.813443793902704,0.20278492682611038,0.7870534506346427,0.8593182723057875,1.015558471145898
0.9703289473629139,0.28703744869355485,-0.5209629455869985,-0.8479074786813304,0.524088344616119,0.3708257870389528,-0.9112873407271068,-1.128357163749813,-0.34210834420582303,-0.6244741134384579,-0.2382735954468613,-0.939416470698238,0.4968481028128517,-0.5476866434131524,-0.6067004255630347,-0.5061857307295291,-0.6495406085706352,-0.48945246515986296,0.79420786658416,-0.043969698609242124,0.11098780119343131,0.5799817770574681,0.9419081057076646,-0.6060247065547925,-0.7394458611210102,-0.14959171307514568,-0.694184477671118,-0.2905040975763059,-0.9480776179742157,-0.7607914888918474,0.020490550682835052,0.13291342174805088,-0.9976001459985409,0.17881552370541193,0.468511533313955,-0.3708202468564664,0.007435603845687546,-0.722125443627026,0.5904672645314232,-0.22219773010925126,0.3307903519008577,-0.5477547573369367,-0.44288396120418433,-0.32599735777382155,1.2056957523828458,-0.2574874118657674,-0.4491155621899419,-0.47623102009891183,0.43646596319818726,-0.3583253115186401,0.422703546101437,0.29896348037773923,-0.21725870182876103,-0.006638226728635686,-0.009109186574251006,0.43508217006324973,0.1324119009713464,0.8865428420455788,0.7970245487584193,0.3053274700806809,-0.1331346824068855,-0.7498193003390123,-0.8259423199102605,-0.8154072980246682
-0.7521457100531254,-0.8523302028415661,-0.39835927474833344,0.32714776346223734,-0.2224482372961668,-0.9554887070399998,-0.12103155515200487,-0.16840739122920634,0.1816604455726012,0.5271915513439621,-0.5286386169943997,0.07131479771892364,0.6014634582839277,0.6454594000820412,0.8038696729314673,-0.4491118057273542,-0.34114769439270054,0.1991132419133692,0.12648264346621096,0.38517894369420286,0.11951958424171584,-0.7852617691368666,-0.327940761561196,-0.654162561623705,0.916409927320813,-0.14776630545292938,-0.4431240429331203,0.5106861718070572,0.5975528176396074,-0.6029954873249377,-0.8917641722902298,0.37131894964305956,1.0132042911826065,0.8540927160086715,-0.36047653575419025,-0.8374504438110301,0.7151575159175487,0.6682068704410262,0.9350728439832255,0.5910028691553659,0.7395170635803019,-0.6264354050167068,-0.8465509086060619,0.05781978013665134,0.024516874833090757,-0.2980135816125241,-0.07237332952867705,-0.7527840001201515,-0.11749410454299762,0.6616608993506922,0.7797389072015647,0.12085213104335875,0.5400917245281425,-0.007703412718475278,0.4957964812541499,0.08326355751139092,0.9729945427689791,0.8193286595133569,-0.7588917934091753,1.1582030479966734,0.8444182931126346,-0.4408266881271162,0.7432230843624719,0.6391858707927266
0.7669486608279806,-0.16687068094901708,-0.04612163208253954,-1.0467451714053542,-0.769043837148013,0.21902632616229897,0.885480077108726,-0.058525620592969105,0.20703329212541915,-0.5076216253927331,-0.6015255232134104,0.5875010047474183,0.9585039024222358,0.7170586570505694,0.5532951251317944,0.9027881229730937,0.4109760768817992,-0.9506280132118046,-0.7959805133170808,-0.3646309429573032,0.022487201101397184,-0.7654406742052434,-0.33292043842172453,0.23640780290383995,0.24100355414270586,-0.2591953277169116,-0.5783088394515551,0.02420010646469621,-0.4738625799402283,-0.9285136476157201,0.3347835914125916,-0.004387399576816375,0.6374058100244694,-0.9629226650428179,0.17239353069390118,0.1431801890076726,0.3232041333732789,1.0563908907766872,-0.6368388888000794,-0.7837174055583587,0.4128154863628271,-0.7052021590513688,0.4455012775078319,0.14855701201442084,0.34064584262943776,0.12050704665162502,-0.7589059736907838,0.6866380691362866,0.049301237084212114,-0.9325962588229896,-0.1183327722107347,0.8801252483245902,0.014678090338655872,-0.27553241774060394,-0.6478557233954374,0.22259646841850442,-0.18204482895020332,-0.9642907774900209,0.4761277920659546,-1.4749537721303208,0.6744300334819777,-0.5687135937989573,-0.43853995747760777,-0.6333297245654722
0.03119734032545803,-0.7702006565217029,0.11542455275634711,-0.8308355486864605,0.9525157955362468,-1.095733552688441,0.4105906610984674,1.1034940954436916,-0.5309009824092721,0.08097477887017446,-0.23788065541877895,-0.8193182226113098,-0.7207174654493336,1.059429655986639,-0.028782944569568116,0.34999620452486485,0.4350767160545067,-0.7388613997519562,0.993738186397716,0.003699066286281357,0.14167884532417263,-0.6273830838944575,-0.3818015375542804,0.9151648179861276,0.9296830283190647,-0.8687181622199346,-0.30219900465158905,0.9375303606073382,0.6228489137975932,0.14875209856603455,-0.6617400401669189,-0.16145173375351501,0.8606673343937208,0.4477340819185906,0.15210450209137802,-0.3126537379454278,0.5454233667026133,0.7344068546707072,0.1870987961898869,0.4063642854877795,-0.5569878301591995,-0.7639509640482168,-0.9495702811383068,-1.018268377472374,-0.9748037462307791,0.3224214345539483,1.1305993965719563,0.06362188448974243,0.6983691079589759,-0.9216138541008874,0.05225465807039577,0.24954538741505655,0.5296126364211309,1.0809066256891398,-0.42891624296044484,0.12973389682411776,0.8906260048356456,-0.8819574932932814,0.4887670895609212,0.5235544919188566,0.6191246394749965,0.08353594679781466,0.6737337874438962,-0.23109651379579899
-1.2504657780166721,0.739284337726509,-1.020887779554308,0.16650700968954069,0.15763711073368217,0.7199797757975908,-0.37577827137613473,-0.682325602400801,-0.7419563464185638,0.8596458654364907,-0.5133663864288526,0.18163030852851186,0.7026542142348737,-0.5931212872594396,-0.12632217606027954,-0.5484833030203419,-0.4982635299077391,1.0256679935527813,-0.17351250938552534,0.6160086067623801,0.29899727115820207,0.11437726731852245,0.5320998615734396,-0.6394993915021985,0.27945597859813714,-0.7929847135353447,0.4762646637391261,0.6940858713657129,-0.31986966316131116,-1.2294725245088776,0.6849841588795897,-0.2768101407384109,-1.0498148558799312,0.2986410015749461,-0.8192308382730784,-0.5413288717653988,-0.7241811313248254,0.17838824335539005,0.008972370542171279,-0.7943724033194935,0.17954331677767824,-0.24416711316989373,0.01253468807950002,-0.008685457415979102,-0.49089239747282104,0.8091952571573717,0.4549067965609935,-1.2821330824867665,-0.3743067328453306,0.17231842288374313,-0.5330363615642257,-0.16602714615289882,0.24248100861672145,0.3512665834137629,-0.8713924520141831,0.4344955745268575,1.1337917196633993,0.8834996420187712,-0.7041935860991231,-1.0913193353340345,0.05973066046817148,0.6688446388372964,-0.0775122817179595,-1.101477908742324
0.9943662637652227,-0.21939431579705082,-0.0898193836656653,0.24265063576628101,0.7808947633911542,-0.6834434798731933,0.2251712228631692,-0.43875505922055036,-0.6293577553429537,-0.6867574871260054,-0.0758689407210479,0.9492166684177514,-0.3491943844563864,0.346461528153056,-0.7884778468898257,-1.0607074751285506,0.5316188118989988,-0.7724121183116202,-0.8660882131942919,0.31587332125999584,-0.5555508511788713,0.9368412194992646,0.39203489935564045,0.751826681579013,-0.3395442140724505,0.5004278972602368,-0.4820096854724221,0.10428399806565845,0.8799361104965815,-0.8025360138394828,-0.2723177652717022,-0.011269704943854904,0.3141058513140346,-0.47773780753971906,0.8704004656335933,0.16111781445458392,0.5738136924259299,-0.5106948714687048,0.2096602066043681,0.6347781597504476,0.2349700524536573,0.3261873326193251,-0.4088035892848841,-0.5061950911996665,0.12243122695131606,-0.24095048739161604,0.19708029400150873,0.9233808001696816,0.12045396873659803,0.13276170018429687,0.2778438402122231,-0.11354431987127935,-0.8693563030162029,-0.8628814807927035,0.0584444825709614,0.14048753519323567,-0.38717511778994584,-0.6563846294835955,0.09561645469425022,-0.2797805687848666,-0.5107184691631116,-0.7159801526638637,-1.3709264520906501,-0.619366741480272
0.6495164404211001,0.11136795425859927,0.5396144695478683,0.12418141020590097,0.03288327899257602,0.7891733089016989,-0.6924838905040123,0.8890030021028298,0.8756094724876745,0.10473213187613313,0.9188248092483507,-0.708200666882065,-0.6806657495295473,0.5328454862585416,0.13749092911111133,0.9493103410316259,-0.6030171660227278,-0.18559035724093415,-0.03091710776634648,1.1272471997516993,0.4190057824054942,-0.9415622245774223,0.7312894534793842,0.39951502508316444,0.21532622954235583,-0.027600196886784164,-0.38048799611887685,-0.6915200594421266,-0.3414620833216109,-0.027663760846755443,0.2768364275457438,0.9395185729491579,-0.12423006289505205,-0.806098911932776,0.2583214324949851,-0.7115752933391686,1.1713807315375357,-0.9184909229287852,0.19396234780755892,-0.6290257719754606,0.09906248356842935,0.3600378293986964,0.3557013589065092,0.6491694285707206,0.09714432646035873,-0.2661588898651453,-0.4357209458989021,-0.8539850325985548,0.6075423521854568,-0.2547738910723644,-1.0884354885400422,-0.941286641605191,1.0102928587780748,0.7389868039844286,0.720856798423652,-0.57293769036151,0.12522739295337434,-0.7315301341749066,0.36385469016467986,-0.7514895869341304,0.705431208015785,0.4790187271125232,-0.7544925106034864,-0.8326072083537173
0.34804753674124,0.989729312029295,0.29531729799150497,-0.2992863430741124,0.5004975729749452,0.5787024118646271,0.6298482407200173,-0.8490617412250032,-0.15509062795637032,0.2904347948484875,-0.3142487708958651,0.44166908507224095,0.5061212741383813,0.9931941751173642,1.3014944181196881,-0.08603888982562251,-0.16070841695654903,0.05220857833639944,0.13473720167258382,0.42926919432084637,-0.6152310729940018,-1.0396342236591767,-0.7453482064720789,-0.057820980448909834,1.160407153608375,0.45431781838950497,-0.33401153441537973,-0.5786319015624038,0.679615159986491,0.503346937851351,-0.4548305179989649,0.35614815466196326,-0.6092461342028243,-0.4245764995536235,-0.10725463872997679,0.12147056311823028,0.2741578870749632,0.673209369973983,-0.27801714743821954,-0.1660179262707639,0.44516859447490187,-0.07972776536848702,-0.018360226245984622,0.8948007024755682,0.07275981983834312,-0.9023212218818804,-0.17445743430753313,0.6543158628532444,-0.49266836362427585,-0.6625941531342464,0.05110864597097745,1.081055455848861,-0.2758151322041213,-0.49362299578858027,-0.011878038302536172,0.07729401852282561,-0.9349787156857609,-0.5839237154767604,0.47240043501977746,-1.2879157991572603,-0.7415905122800036,-0.375151352795986,-0.15331011932670485,-0.0678760379272147
-0.384512639249062,-0.7851128029988316,-0.5012328614979413,0.4197578366838253,0.27699901693113516,-0.09785638054266704,0.6906846448509328,0.9719250164106406,-0.4026007836655477,-0.16362192644328005,-0.23665108778666594,0.5988456643482347,0.3402811158150429,0.6070869541272108,0.6439082005413292,0.1840078954290592,-0.6469695660741471,-0.46973035583331557,1.0743345306639607,0.24994336492939637,0.9848545493459137,0.28151171943643993,0.4434162648680529,0.8660782238740093,0.10391799255042757,0.8227190493406201,-0.594569913357137,-0.46906194139597346,0.22622636250662734,0.9904302654455179,0.4679208262187542,-1.1974352027886888,0.1289608377320324,-0.8365882092748439,-0.15364659072147413,-0.16723733237997357,-0.8580139490924272,-0.2973485879290096,-0.26505364038799695,-0.9484057365241781,1.0903502496141488,-0.3025125182342501,-0.98902735810939,-0.6426622585544918,0.09317254101960774,0.5106614977466866,0.8163876117402633,0.17120091426443748,-0.7539667596227457,0.8857276089136507,0.9487231331303663,0.495394419964074,-0.14919903230089424,-0.35495370608789995,-0.9904122171541143,-1.1470972704500157,0.266329550401628,-0.4826357947687703,-0.4101705028114635,0.614457806416543,0.09012578281236072,0.9084927483066173,-0.2204019797891977,-0.2649679325212945
-1.1147847156613448,-0.305003668115353,-0.39678793374954163,0.031414359911893466,-0.12588604887249366,0.21171340759273008,-0.40936134869033897,-0.05000160190256268,-0.09281286608696979,-0.9997251722008376,0.968663685248219,0.6260541930243654,0.5665761967801288,0.7125956131609418,0.7291938364211796,-0.15881032178163776,-0.6081776863409082,0.7465079651734619,-0.6447071846510698,0.40712213279966497,-0.12739742701039108,-0.26829434622713355,-0.9624883750578239,0.99919548090222,0.475215937385033,0.5728514564056716,0.5006607617912686,-0.8951022974282565,0.20775780035883804,1.0459518769893055,-0.41421800658313584,-0.9362028416762956,0.4443776431508452,-0.7612480453997001,-0.9495105736545465,0.7557103207552222,0.8693824525247024,-0.9183948780645174,-0.8458902527281287,0.5079985147755662,-0.2981123740865002,-0.8013298983860395,0.8095133039202697,0.15115462195460075,0.10124355136920624,0.35809330865997624,0.08991603026594844,-0.6682047073303735,0.7767938017685267,0.4528762227621726,-0.7409917378163551,0.2929070473419321,-0.4955993094913077,-0.47012780040068325,0.8401402523341501,-0.35651267676499954,0.07886793652741435,-0.6570749268060823,-0.7368046390244181,0.09734847699193487,-0.8445133004559227,-0.5413472266426869,0.8270470956605156,0.7100362236632907
1.0393706255510982,-0.5690217325550662,0.44441450859630993,-0.6651085023113068,-0.53177883035142,-0.25995477659430516,-0.9213930627899802,0.3504758928896896,1.1524020299792646,0.6826874300519209,-0.5479504102342809,-0.8505718890660711,-0.6585045111591524,-0.23175589095339322,-0.8779838232412833,0.031652368751997804,-0.3644883199230168,-0.3647037112510182,0.583553113682013,0.9560810590679845,-0.04628330754926925,-0.7223990478198002,0.4006757569524635,0.2577771792745622,-0.27947760092465607,-0.4563421469352976,0.5591558379935289,-0.11883878044429157,-0.791514105198595,-0.3560799893732989,0.6670114567782823,-0.4471748005794711,-0.4999523739114404,0.46743919553189617,0.6225555481224895,-0.42793151330658846,-0.23234442613448947,0.5206517499275635,0.7276468463666498,-0.001873155865351991,-0.7918961600746307,0.7470785836625896,-0.2930077784297757,0.6497873951371522,0.4931453447314868,0.09129737701048263,1.0919513349935293,0.5898571258107265,-0.392108560667567,0.7494542441121829,0.48845914911935834,0.22286850588065527,-0.09432314257867164,-0.5804121054414978,0.7745324978625484,0.47208517560526037,0.9084019284876044,-0.9825004690745057,-0.6877966411173723,0.8270057020660443,-0.4169001403135369,-0.43088135788908455,0.2688764402832696,0.7748260244823626
0.13339130331191948,0.43183951274003385,-0.37553894433861384,-0.6299032373520306,0.07844666176585813,0.9948287774651801,-0.3232359511544989,-0.07958990599452177,-0.18977037273349864,0.7170574891415081,-1.0082887929327402,-0.798822102461545,0.7508727350197774,0.04505730428111257,-0.35520510811834605,0.07945246351852651,-0.8459605985647977,0.4291328920356712,0.03567807347351978,-0.4487882359695451,1.0055425066724142,-0.23341126143327284,0.5204248179920227,0.5394027261517722,0.13199713647023342,-0.11961063824605286,0.6714244920265836,-0.5207957882240217,-0.9012599296619781,0.7356749782478461,0.5919603086680162,-0.3382422559115336,-0.516102092405906,0.5436783939229365,1.3291417556806697,0.14822358209041156,-0.7432568220090212,0.5658992255460588,-0.35921424393326246,-0.44975429580563464,0.009304657296981595,0.3611365404379749,-0.3690514050674752,-0.2685534005526417,0.9619423740939022,0.5236025766695848,0.12655998522688913,-0.8636039682356207,-0.44434695127583795,0.32283283652810946,0.6550852280145965,-1.0424911780052166,-0.17034641398495515,0.1593142827771483,-0.17620257777359288,0.58915708137497,0.49640543211817595,0.0733037452370672,-1.0477668969062164,-1.403317559853012,-0.010060132853468675,-0.7743485547679868,-0.013984564006538235,-0.18389467057478065
