0.00038765940270035066,0.00018716835083848894,0.0011114881641944982,0.0005260434227683054,0.0003664373521302102,8.802561478378525e-05,0.000428465655616177,0.00027071701908708105,0.00013169186183793692,0.00014519027767632557,0.0003315385566892378,7.169741340148549e-05,8.714865409833936e-05,0.0006021091146266894,0.0005149427188976751,0.00022050070402779683,0.00019431549007536394,0.00017825557222713237,0.00040704237283536814,0.00038765940270035066,0.00028354223786633147,0.0001263661999055505,0.000794913455275946,0.000257181168132727,0.000257181168132727,0.0004050097049860221,0.0002643417680885452,0.00017736540846332292,0.0006507114679243011,0.00036643735213020965,0.00078699408032672,0.0011326100734314498,0.00013966790515876638,0.00023268772354865806,0.000428465655616177,0.00027004022653936326,0.00031338878922068257,0.0008807905321617139,0.0002584719122444981,0.0001131922907702268,0.00011855477554546631,0.00033153855668923755,5.8106366355167756e-05,0.0003507394595860319,0.00037758389125607477,0.0003578079349515375,0.00016976721164488787,0.00022050070402779683,0.0009248300587697993,0.0017970823232128835,0.00011885190530873823,0.0004904216370454047,0.0005843344347220465,0.00017019269337833348,0.00020738875439167714,0.0006764401499951092,0.0005565089854495688,6.454514830585353e-05,0.0001462846721656629,0.000308315227395883,0.00011855477554546631,0.000794913455275946,0.00020895197965434088,0.00027071701908708105
0.0011803435524536873,0.0004263260052484443,0.0006150888786547858,0.00012479450057417506,0.000257181168132727,0.0004273944914771368,0.0001320219166295109,0.00036735574148391976,0.0005286835361770903,0.00024310202619064612,0.0002782544927247845,0.00013827645492983388,0.000610487235370586,0.0006166304547917659,0.00031338878922068224,0.0001995006369775307,0.0002720756970994717,0.00038765940270035066,0.0005843344347220465,0.0004747541890483956,0.0001421264350207177,0.0005523455939067201,0.0001710468586286102,4.496159863302017e-05,0.0003340375805581254,0.00020895197965434088,0.00034637708282285977,0.0003691994311431916,0.0008829980272297888,0.0001697672116448878,0.00013827645492983377,0.00017536972979301596,0.0014045408709763838,0.0003691994311431916,0.0006507114679243011,0.0009638067174142662,0.00029921354741203687,0.00042846565561617734,0.0007138268302283176,0.00028425287004143503,0.00019334512709679987,0.00027139550785672283,0.0003481154845236992,0.00028425287004143503,0.00024493444584069274,0.0005300085575710177,0.000388630980150728,0.00045441608704745125,0.0011411472994962328,0.0009271479285912769,0.00011855477554546631,0.0003141742247826391,0.00033153855668923755,0.0007909438562086621,0.00033320248660673044,0.00026869171315808244,0.00028283338227166573,0.00010807236259241136,0.0010324666043061155,0.00015321490850951123,0.0004306160444883414,0.00034986261093706644,0.0004997412516298902,0.0002835422378663317
0.0003886309801507279,0.00035960370595816585,0.00021423282780808867,0.0004090852422639241,0.00011206460550333191,0.00027071701908708105,0.0007889664965681402,0.0005857989320521776,0.00040704237283536814,0.000715615869903075,0.00027071701908708105,0.00011796274263508627,0.0005286835361770896,0.00016087565393498696,0.0005420449672607108,0.0008742011042306263,0.0004039971807235566,0.00032373098876567713,0.0003165423622763939,0.0004263260052484443,0.00040602476690328,0.00037853021679807013,0.00034811548452369945,0.00017959920156004086,0.0002835422378663317,0.0001612788510626432,0.00016660124330336517,8.383391884170022e-05,0.00029921354741203687,0.00016087565393498696,0.0003507394595860319,0.0003463770828228593,0.00020895197965434088,0.0005009937359698146,0.0006306340339321282,0.00030146891645370827,0.000385723528558116,0.0010170760769442203,0.0005260434227683054,0.00075706043359614,6.77724057211462e-05,0.00034637708282285977,0.00040806252915826386,0.00014665130041670467,0.00016290177012248598,6.286757934738615e-05,9.265854187766869e-05,0.0002999634560521677,0.00012605028440578668,0.00027004022653936326,0.0003682764325653335,0.0003944832482840701,0.00018857916163804266,0.000197513099420645,0.0009783911659055832,0.0004050097049860221,0.0005857989320521776,0.0006135511564581489,0.0001787023280472503,0.00034898795440972376,0.0006006038418401228,0.0005843344347220465,0.00040806252915826386,0.0014637347840214137
0.00047356730357577486,0.00012479450057417506,0.00029996345605216737,0.00021939957863705811,0.00020738875439167722,0.00031654236227639384,0.0002789518724057987,0.00032988293602177076,0.00013827645492983388,0.0004984918985008156,0.0005300085575710177,0.00039745672763797323,0.0001131922907702268,0.000331538556689238,0.00022105333737122517,0.0007889664965681402,0.00010753267623171545,0.00042632600524844375,0.00034898795440972376,0.0003126053172476309,0.00038863098015072745,0.0005009937359698146,0.0006120172785670038,0.00033320248660672995,0.000385723528558116,0.00040602476690328,0.000330709710297515,0.00024249427112516968,0.00022050070402779683,0.00011974777018549735,0.0005828735986352414,0.00029996345605216737,0.00016249451569717987,0.00034986261093706644,9.265854187766869e-05,0.0004723833853168352,0.0006426181424953541,0.0002928994660260889,0.000187637444449613,0.000385723528558116,0.000788966496568141,0.0003446473622655131,0.0006798350764079213,0.00034986261093706644,0.0007989029770174276,0.0001285905840663635,0.0008622038633689943,0.0004521468467127582,0.0002984655135435068,0.00019850438067162384,0.00011825838860660267,0.00014960677370601843,0.0009686438828040191,0.0008742011042306263,6.811254273141122e-05,0.000308315227395883,0.0003655212587498845,0.00025398243721972444,0.0001244825143227396,0.0003307097102975147,0.00036552125874988464,0.00010447598982717044,0.0005509647299219547,0.0005022493593682359
0.0005247283142113849,0.00017061924148203866,0.0007401959225128233,0.00040704237283536814,0.000385723528558116,0.0001539838654375399,0.0018916656033819822,0.00015359890577394596,0.0003646074556030097,0.0003691994311431911,0.0002461637259471409,0.00018952560512865417,0.0002373770945241978,0.0005286835361770903,0.00010241207260163389,0.00014998172802608369,0.00040704237283536814,0.00031654236227639395,0.0003673557414839202,0.00012510726874604008,0.0005814164146386537,0.00036552125874988496,0.0001528318712382374,0.00034898795440972376,0.0005720036588953549,0.00040806252915826413,0.00018905179111583265,0.0001787023280472503,0.00030146891645370827,0.0003290582286817163,0.00031654236227639395,9.104912828228257e-05,0.0002094756688264072,0.00045328004682983225,0.00016331004523557481,0.0002443221097260909,0.0003323694803902131,0.0006135511564581489,0.0010840899345214213,0.00013202191662951075,0.00045214684671275775,0.0004306160444883406,0.00020505525928016236,0.00025461898468142816,0.0003165423622763939,0.0010298854377953507,0.00038669025419359973,0.0002309469248811138,0.0001310342256028838,0.0003673557414839202,0.0010247424473903588,0.00040704237283536814,0.0001448273019821347,0.00015244979156014182,0.00022050070402779667,0.000284965283249559,0.0002449344458406927,0.00017104685862861038,0.00045214684671275775,0.00023856844569991205,8.341527320948455e-05,0.00023152573922918663,0.00011634386177432903,0.00036460745560301026
0.00040704237283536814,0.00011944840076003369,0.0007102621574948659,0.0005537299187034794,0.00018763744444961274,0.00021939957863705811,0.0012644291407160476,0.000209475668826407,0.00029996345605216737,0.0004101105185603247,0.0006781354887169018,0.0003481154845236992,0.00023268772354865784,0.0002309469248811138,0.0006815389237172142,0.0003682764325653331,0.0005828735986352414,0.0003455111401158023,0.0006135511564581494,0.00016660124330336522,0.0005247283142113849,0.0007850265951259036,0.0001539838654375399,0.0003007152441625742,0.00017915020355614085,0.00029216721736102325,0.0006306340339321282,3.43577165650187e-05,0.0004984918985008156,0.0006120172785670038,0.00014591896048524893,0.00024310202619064612,0.00028425287004143503,0.00012510726874604008,0.00012605028440578668,0.0009808432740908096,0.00025589686967436435,0.00040704237283536814,0.00031417422478263876,0.00018810771373394767,0.00031496162885477565,0.0004498889383969861,0.00018367787074195988,0.0005785129664180522,0.00034898795440972376,0.00023152573922918657,0.00032988293602177076,0.00033320248660673033,0.0001323527986260761,0.00033153855668923755,0.00034986261093706644,9.219582828416712e-05,0.0006815389237172142,0.00018810771373394767,7.098312344218553e-05,0.00022050070402779683,0.00043061604448834116,0.00010672819571745885,0.0004090852422639243,0.0003472451958123907,0.0005537299187034794,0.00022050070402779683,0.00020790852570594238,0.00028425287004143503
0.00038379732168737873,0.0006781354887169018,0.00020790852570594221,0.0005260434227683054,0.00034724519581239043,0.0003896049926323082,0.0011354486951693726,0.0007551677825121488,0.0002686917131580827,0.00031654236227639395,0.0004947625481962206,9.656360564912948e-05,0.0004090852422639242,0.00018050057631300385,0.00043061604448834116,0.00011290931004330116,0.0002693651259730151,0.000284965283249559,0.0005406898548425583,0.0002153080222441707,0.000485535780854144,0.0005537299187034794,0.00036735574148391976,0.00018857916163804266,0.00018952560512865417,0.0002309469248811138,0.0002713955078567232,5.767165719396123e-05,0.000208951979654341,0.0004759440491713239,0.0003682764325653331,0.000209475668826407,0.0005009937359698146,0.0006474619775313535,0.00042632600524844375,0.00017449397720486188,0.00042419703975973464,0.0003323694803902135,0.0005406898548425583,0.0002768649593517397,0.00018905179111583232,0.0002713955078567232,0.00042632600524844375,0.0002084295997052052,0.00012479450057417492,0.0004532800468298328,0.0005260434227683054,0.0003794789140832777,0.0006747490496201221,0.0002977193497596481,0.00032211435714052833,0.0002999634560521677,0.00042953950437711987,0.000284965283249559,0.0004532800468298328,0.0008346591280397435,0.0006442287142810567,0.0002385684456999121,0.00034898795440972376,4.6973925232338816e-05,0.00044764230551086665,9.704824029912329e-05,0.0010221805912718834,0.0004231365471603352
0.0003886309801507279,0.00024432210972609095,0.000209475668826407,0.00034811548452369967,0.0006150888786547858,0.0005814164146386537,0.0004960025545826777,0.00012510726874604008,0.00036552125874988496,0.00013862301246098623,0.00025782573246388706,0.0003323694803902131,0.0003847592197367205,0.00044652319974708876,0.00020895197965434088,0.00028283338227166584,0.00015436978991232087,0.00013103422560288396,0.00036552125874988496,0.00026869171315808244,0.00019850438067162384,0.00017624987761937757,0.0003307097102975147,0.000616630454791766,0.00019000060664526718,0.0002552571275001784,0.000552345593906721,0.00018004932487222124,0.0007495181717397332,9.560158469639667e-05,0.0006074386147389546,0.00011885190530873807,0.0005828735986352414,0.00011855477554546638,0.0008388481258682992,0.0007570604335961403,0.00024800127729133884,0.00032535573396215043,0.000428465655616177,0.0007949134552759469,0.00011080367788031327,0.00045101647959597583,0.000552345593906721,0.00040704237283536814,0.00036735574148391976,0.0001131922907702268,0.0002693651259730151,0.000257181168132727,0.00031417422478263897,0.00016087565393498696,0.0006798350764079213,0.00023268772354865806,0.000447642305510866,0.00019701931667209362,0.0005828735986352414,0.0002565382152123951,0.00034811548452369967,0.00010241207260163389,0.0005273618273366467,9.173542536667301e-05,0.0001616830587094168,0.0008284148213965469,0.00029363354990084086,0.0005247283142113849
0.00020895197965434088,0.00011944840076003369,0.0008284148213965473,0.00045441608704745125,0.00014555416308403567,0.0005260434227683054,0.00038765940270035066,0.00013169186183793692,0.0002693651259730151,0.000633799068028094,0.0006150888786547858,8.714865409833936e-05,0.0004465231997470891,0.0006730621769960715,0.00035691341511415837,0.00017019269337833348,0.0003498626109370668,0.0012518321864242355,0.00022050070402779683,0.00025461898468142783,0.0005565089854495679,0.0001396679051587664,0.0009294716076103038,0.00038669025419359973,0.00012891286623194353,0.0005523455939067201,0.0002546189846814278,0.0002636809136683235,0.00033320248660673033,0.0002835422378663317,0.0010813797096851166,0.0004997412516298902,0.00023094692488111348,0.00029996345605216737,0.00014998172802608369,0.00029996345605216737,0.000794913455275946,0.00018004932487222146,0.00019800811971994493,9.025028815650183e-05,0.0002546189846814277,0.000552345593906721,0.0008720156014700506,0.00017061924148203866,0.0002707170190870813,0.00034811548452369967,9.025028815650183e-05,0.00034898795440972376,0.00042632600524844375,0.0002693651259730152,0.0012012076836802456,8.736707177778374e-05,0.0003455111401158025,0.000929471607610304,0.0001072638445411361,0.00024371130445177534,0.00019751309942064526,0.0007929261716377563,0.0003307097102975145,0.00019800811971994493,0.00018716835083848896,0.00018670042996139254,0.000453280046829833,0.0005887389471696053
0.00038765940270035066,0.0005551177129859442,0.0001900006066452672,0.00026434176808854526,0.0008346591280397435,0.0001620882794079367,0.00011766783577849852,0.0002578257324638871,0.0004532800468298328,0.0001326845099008281,0.00014212643502071752,0.0001539838654375399,0.000298465513543507,0.00031654236227639384,0.0004935256418257302,0.00040602476690328,0.0007192074119163329,0.00018905179111583232,0.0002079085257059421,0.0007495181717397344,0.0002680199838751872,0.0004070423728353687,0.00014960677370601843,0.0001448273019821348,0.0005799628736020574,0.0005720036588953549,0.0003382200749975549,0.000284965283249559,0.000573437252025418,0.00016249451569717987,7.884878227944982e-05,0.00016087565393498672,9.289076879966782e-05,0.0005537299187034794,0.00029921354741203687,0.00013202191662951078,0.00031496162885477565,0.0001795992015600407,0.00028425287004143503,0.0003416235206602581,0.0001330170525321584,0.00036460745560301015,0.0007031861263871821,0.00040704237283536814,0.00036735574148391976,0.00040197971980231845,0.00016290177012248598,0.0007401959225128233,0.0005828735986352414,0.00021476975218855994,7.509407836138084e-05,0.0003323694803902131,0.0005799628736020574,4.709165436825948e-05,0.00016934279361577575,0.0004947625481962205,0.00021994945226772725,0.0005300085575710177,0.00021530802224417058,0.00034986261093706644,0.0003701247430006931,0.0003837973216873792,0.0004273944914771368,0.00027004022653936326
0.00011605300211989307,0.00019800811971994493,0.00033153855668923755,0.0006150888786547858,0.000876392084441731,0.0003416235206602581,0.00025461898468142783,0.00033153855668923755,0.0002391663616039217,0.00045441608704745125,0.001075979569759877,0.0003157510063707025,0.00012277415831613654,0.0005234164934258561,0.00018857916163804266,0.0005149427188976751,0.000428465655616177,0.0005537299187034794,0.00038765940270035066,0.00020895197965434088,0.00019900188538508664,0.000385723528558116,6.77724057211462e-05,0.00015321490850951123,0.00038765940270035066,0.00023327090080065954,0.0010247424473903588,5.5063045417315834e-05,0.000552345593906721,0.00036735574148391976,0.000612017278567003,0.000308315227395883,0.00047356730357577486,0.00016891943663173604,0.000527361827336647,0.0003007152441625742,0.00018952560512865417,0.0004783327232078434,0.00040602476690328,0.00039646308581887816,0.00045441608704745125,0.0005234164934258568,0.00018857916163804266,0.0009735053250208409,0.0005208026823118111,0.0005843344347220465,7.151816986798182e-05,8.758603686995869e-05,0.00027004022653936364,0.0003348747674768174,0.00033991753820396064,0.00034898795440972376,0.0003407694618586071,0.0001285905840663635,0.0002666815590807106,0.0002449344458406927,8.736707177778374e-05,0.00017915020355614052,0.0004670682257575281,0.0008346591280397435,0.00034898795440972376,0.0002849652832495593,9.219582828416704e-05,0.0005814164146386537
0.0008346591280397435,0.0007192074119163332,0.0002578257324638871,0.0001900006066452672,0.00045214684671275775,0.000298465513543507,0.0003886309801507279,0.0012549696104503594,0.00023268772354865806,0.00013169186183793709,0.0003994514885087138,0.0005799628736020574,0.0001795992015600407,0.0002443221097260909,7.884878227944982e-05,0.00019800811971994493,0.00018905179111583232,0.0009759451879908178,0.0005843344347220465,0.0005785129664180522,0.0002000006385739654,0.00044876421605099376,0.0013801449855327184,0.00038863098015072745,0.0008367510055536274,0.0001323527986260761,0.0003682764325653331,0.00024310202619064612,0.00015359890577394596,0.0003307097102975147,0.00013136263218334218,0.0003340375805581255,0.00025525712750017844,0.0006474619775313544,0.000867660973560209,0.0001539838654375399,0.00010139178593158592,0.00023094692488111348,0.0010453941492374122,0.00020895197965434088,0.00022050070402779683,0.00021994945226772725,0.0002856794819544452,0.00025589686967436397,0.0002309469248811138,0.0001424826416247795,0.00029921354741203687,0.00010753267623171545,9.729146897155219e-05,0.00016290177012248598,0.0003691994311431915,0.00017915020355614052,0.0001393187353958696,0.00024371130445177534,0.0002266400234149165,0.0009735053250208409,0.0002782544927247844,0.00022105333737122517,0.0004759440491713239,0.00017104685862861038,0.0002984655135435066,0.00029697505138524897,0.000284965283249559,0.0002443221097260905
0.00025782573246388706,0.0002686917131580827,0.000788966496568141,7.944311734236619e-05,0.00028142098306894645,0.001078676260410904,0.00042632600524844375,0.00012542082079803523,0.00030146891645370827,0.0017881081433613398,0.00011855477554546618,0.0002680199838751876,0.0004984918985008156,0.0006798350764079213,0.0004647358038051518,0.0002461637259471409,0.000708486502101128,0.00038765940270035066,0.0006150888786547858,0.0004090852422639241,0.00010753267623171545,0.0003896049926323085,0.0002713955078567232,0.0003664373521302102,0.00034811548452369967,0.0002807174306112746,0.00047713689139982366,0.00042632600524844375,0.00029623261375678585,0.00034898795440972376,0.00032454234462724524,0.0002309469248811138,0.00015111223882391384,0.0007495181717397339,0.0002443221097260907,0.0008720156014700512,0.0002443221097260907,0.00013966790515876638,0.0004759440491713244,0.0002680199838751875,0.0004039971807235566,0.0004747541890483956,0.00045214684671275775,0.0006458433225875252,0.00023268772354865806,0.00022050070402779705,0.00045101647959597583,0.0003472451958123905,0.0005234164934258561,0.000388630980150728,0.000497245668754564,0.00025589686967436435,0.0002539824372197244,0.00031654236227639384,0.001019625139793703,0.0004759440491713239,0.00013202191662951075,0.0006764401499951102,0.0005828735986352414,0.00027004022653936326,0.00044876421605099365,0.0003682764325653331,0.0003896049926323085,0.0005537299187034794
0.0006474619775313535,0.00031496162885477565,0.000112627036768193,0.00021994945226772725,9.196533871345657e-05,0.00014665130041670467,0.00021994945226772725,0.000751396663398229,0.0001995006369775307,0.000527361827336647,0.0003673557414839202,0.0007830640286380893,0.00015359890577394596,0.00040602476690327943,0.00029996345605216737,0.0005454757093863331,0.00045214684671275775,0.00013136263218334218,0.00027071701908708105,0.00013862301246098623,0.00027071701908708105,0.00018810771373394767,0.0003701247430006928,0.00016891943663173604,0.00016891943663173604,0.00036735574148391976,0.0004723833853168352,0.00023327090080065954,0.00043061604448834116,0.0004997412516298902,0.000526043422768306,0.000794913455275946,0.00011025035201389841,0.0004747541890483956,0.0004997412516298902,0.00023210600423978614,0.00016290177012248598,0.00019850438067162384,0.0002100006705026639,0.00020895197965434088,0.0010298854377953502,0.0006458433225875252,0.00045214684671275775,0.0001326845099008281,0.0001612788510626434,0.00034811548452369967,0.00021994945226772725,0.0003157510063707025,0.00018004932487222146,0.0002443221097260907,0.0004972456687545633,0.0008829980272297884,0.0003323694803902131,0.00031733570153021925,0.00022494446919849305,0.00012605028440578668,7.509407836138092e-05,0.0005234164934258565,0.0005009937359698146,0.0003407694618586071,0.0003407694618586075,0.0003348747674768174,0.000715615869903075,0.0008325724802196444
0.00023152573922918657,0.0001795992015600407,0.00020352118641768407,0.000616630454791766,0.00025782573246388706,0.0005175271199529398,5.7816197688181624e-05,0.00012826910760619755,0.00017959920156004086,0.00036735574148391976,0.0005495873180971494,0.00020895197965434088,0.00015359890577394596,0.00028425287004143503,0.0004747541890483956,0.00021939957863705811,0.0006089610172821603,0.0005047700548295404,0.00010164590068329419,0.0007138268302283173,0.0002720756970994717,0.00019850438067162384,8.802561478378523e-05,0.000384759219736721,7.490634316547733e-05,0.0005843344347220465,0.0003682764325653331,0.0010732896208354768,0.00024128331535873821,0.0006638252988759244,0.00017061924148203855,0.0007457752653696084,0.0002821262988159865,0.0004723833853168358,0.0003007152441625742,0.00029771934975964844,0.00078699408032672,0.000527361827336647,0.0006474619775313535,0.00034898795440972376,0.0005247283142113849,0.0008367510055536278,4.484919463643758e-05,0.0005843344347220465,0.00023327090080065943,0.00046884935973444343,0.00013535850954354066,0.00025718116813272724,0.00038669025419359973,0.0013870716747082915,0.00025398243721972455,0.00025461898468142794,0.0012549696104503594,0.0001890517911158325,0.0005727494948556498,0.0004252601902353227,0.000298465513543507,0.0003118238039545116,0.0004997412516298902,0.0007138268302283176,0.0001693427936157755,0.00019900188538508683,0.0001072638445411361,0.00045214684671275775
0.00022720804352372562,0.00027071701908708105,0.0001620882794079367,0.00029771934975964844,0.00020000063857396547,0.00022979363367498862,0.0001072638445411361,0.000830491049019095,0.00023210600423978598,0.0002984655135435067,0.0002693651259730151,0.0002504968679849077,0.00031338878922068224,0.00036369593696400246,0.0006781354887169018,0.0005221079521922923,0.0011354486951693726,0.0005208026823118111,0.0002461637259471409,0.00038765940270035066,0.0003213090712476765,0.0010868069519011743,0.0005221079521922917,0.0007355404973694453,0.0005009937359698146,0.000527361827336647,0.0007138268302283176,0.0006815389237172142,0.00019800811971994493,0.00032905822868171676,0.00040806252915826386,0.0002693651259730151,0.0004273944914771362,0.00014628467216566302,0.00010190065231407943,0.00011944840076003369,0.0004935256418257301,0.0006410115971391151,0.00014519027767632552,0.0013243314712574692,0.00019850438067162384,0.00018905179111583232,0.00018716835083848894,0.00020687028250569817,0.00040704237283536814,0.0002686917131580827,0.00041113836447150335,0.00017019269337833348,0.00023094692488111348,0.00024310202619064577,0.00021939957863705811,0.0002977193497596481,0.0003701247430006931,0.0003673557414839202,0.00013637879553858224,0.00042047525106180396,0.000527361827336647,0.0006150888786547858,0.001251832186424233,8.552342931430519e-05,0.000197513099420645,3.634752790433403e-05,0.00034898795440972376,0.00036552125874988496
0.0002835422378663317,0.0003847592197367205,0.0004891955829527914,0.0003307097102975147,0.000971071561708289,0.0004101105185603247,0.00042953950437711987,0.0007192074119163329,0.0003141742247826385,0.00020000063857396547,0.0011269541018772528,0.0001995006369775307,0.0004723833853168359,0.00019900188538508664,0.00019751309942064526,0.00045101647959597583,0.0001890517911158325,0.0002338555396497839,8.736707177778374e-05,0.0004947625481962206,0.00018413821628266683,0.0002443221097260907,3.058229808166724e-05,0.0001528318712382374,0.0002680199838751876,0.0002821262988159865,0.0006426181424953537,0.0004263260052484444,0.00013169186183793692,0.00023152573922918657,0.0006458433225875257,0.0003481154845236992,0.0003682764325653335,0.0005234164934258568,0.0002443221097260907,0.00019900188538508683,0.00022720804352372562,0.0010732896208354768,0.00014738731582510626,0.00015321490850951123,0.00014591896048524866,0.00016208827940793688,0.0004273944914771362,0.000715615869903075,0.0002686917131580827,0.00022494446919849294,0.0002584719122444981,0.00027004022653936326,0.00013169186183793709,0.0003348747674768174,0.00017104685862861038,0.00028425287004143503,0.0002835422378663317,0.000298465513543507,0.00021994945226772725,0.000527361827336647,0.00042953950437711987,0.0004532800468298328,0.0004498889383969855,0.0004783327232078434,0.000498491898500815,0.0003964630858188784,0.0002565382152123951,0.0001323527986260761
0.0005208026823118111,0.00026734993391549936,0.00010619522179009486,0.00029996345605216737,0.0003007152441625742,0.0004771368913998241,0.0004273944914771368,7.924450954901033e-05,0.0002100006705026639,0.0004273944914771368,0.00011290931004330132,0.00020000063857396547,0.000209475668826407,0.00043061604448834116,0.0009179111594421577,0.00017019269337833348,0.00015244979156014195,0.0007532798630558685,0.00015073445822685405,0.0006815389237172142,0.00013070664003887657,0.00020790852570594238,0.000447642305510866,0.0004273944914771368,0.00018004932487222124,0.0011922211299278402,0.00023268772354865806,0.0005785129664180517,0.00037475908586986694,5.796110043927977e-05,0.0007929261716377563,0.00044540689174772164,0.0005872670998016817,0.0002707170190870813,0.00034898795440972376,0.0005035081296924668,0.0003165423622763939,0.0002856794819544454,0.0009735053250208409,0.0003141742247826385,0.0004295395043771207,0.0003165423622763939,0.00023152573922918657,0.00025589686967436435,7.098312344218561e-05,0.0004498889383969861,0.0001616830587094168,0.0003141742247826385,0.0003886309801507279,0.0001547566816163617,0.0001078021816859304,0.003008978018337941,0.00022050070402779683,0.0002183039519912392,0.00014665130041670483,0.00023210600423978614,0.00019850438067162384,0.0003075444393273931,9.729146897155219e-05,0.00029921354741203687,0.0010759795697598772,0.0003472451958123905,0.00038669025419359973,0.0008304910490190948
0.0008720156014700508,0.00019800811971994493,0.00036643735213020965,0.00022105333737122517,0.0003323694803902131,0.00013169186183793709,0.000552345593906721,0.0001326845099008281,0.0005857989320521776,0.00018857916163804266,0.0006458433225875252,0.00022105333737122517,0.00016047346480014925,0.00034898795440972376,0.00100061027301507,0.00019334512709679987,0.000978391165905583,0.00031496162885477565,0.00031182380395451177,0.00021994945226772725,0.0006815389237172142,0.000878588555831309,0.00017147554749735367,0.0002821262988159865,9.632219663500662e-05,0.00010997472613386362,0.00031260531724763065,0.00015398386543754002,0.00017915020355614052,0.0007532798630558685,0.00014555416308403567,0.0003141742247826385,0.00023210600423978635,0.00013103422560288385,0.0002693651259730147,0.0008409505021236079,0.0002443221097260908,0.00016249451569717987,0.00024493444584069274,0.00024371130445177534,0.0004771368913998234,0.000715615869903075,0.00040704237283536814,0.0003886309801507279,0.00036735574148391976,0.0009271479285912769,0.0003682764325653335,0.00031417422478263897,0.0001330170525321584,0.0005247283142113849,0.0012377468311404987,0.0004050097049860221,0.0009156163815435529,4.756552892112372e-05,0.00040806252915826386,0.0006815389237172142,0.00036460745560300994,0.00021885107969046565,0.000284965283249559,0.0002443221097260907,0.0002921672173610236,0.00018050057631300385,0.00038669025419359973,0.00010500033525133181
0.00022607342335637887,7.924450954901033e-05,0.00023152573922918657,0.00038669025419359973,0.0002693651259730147,0.0005537299187034794,0.00048675266251042046,0.00037853021679807,0.0003141742247826393,0.0005300085575710177,0.0003655212587498845,0.00033153855668923755,0.0002443221097260907,4.756552892112372e-05,0.0004273944914771368,0.00022864610171682425,0.00027004022653936326,0.0002707170190870813,0.00027071701908708105,0.00011290931004330116,0.0002523850274147702,0.000878588555831309,0.00019850438067162384,0.000257181168132727,0.00029363354990084086,0.00022050070402779683,0.0006605103212896628,0.00040806252915826424,0.000187637444449613,0.00029697505138524897,0.0012346524640626478,0.0005828735986352422,0.0001904767986418718,0.0001547566816163617,0.000497245668754564,0.0003905814462479282,0.000552345593906721,0.00045214684671275775,0.0010652600560894527,0.00036735574148391976,0.000794913455275946,0.0003323694803902131,0.0005247283142113856,0.0004747541890483956,0.0003472451958123907,0.000552345593906721,0.0003007152441625742,0.00013793076379250925,0.0002565382152123951,0.00023036955756891093,0.0006426181424953537,0.0002084295997052052,0.0008170459360250441,0.000282833382271666,0.0001596721004353037,0.000296232613756786,0.0001620882794079367,0.0003083152273958831,0.0006970165638197207,0.0005872670998016817,0.00013169186183793692,0.00012542082079803523,0.0003323694803902131,0.0005420449672607099
0.00018367787074195988,0.0004252601902353224,0.0002680199838751871,0.0006426181424953537,0.00029436947358480267,0.0001396679051587664,0.0003682764325653338,0.0001791502035561407,0.0007723175222379176,0.00019850438067162384,0.000878588555831309,0.00035960370595816644,0.0005828735986352414,0.0002849652832495593,0.0002443221097260909,0.0004498889383969861,0.0002928994660260889,0.00043169528269507867,0.00013827645492983388,0.00040704237283536814,0.00036460745560301026,0.0009589937076191786,0.00016087565393498696,0.00047356730357577486,0.00020895197965434088,0.000524728314211385,7.566011175463445e-05,0.00022050070402779683,0.00042632600524844375,0.0005814164146386537,0.0008346591280397435,0.00031496162885477565,0.00078699408032672,0.0007228169792062435,0.00013862301246098623,0.00031338878922068257,0.0014045408709763858,0.0003149616288547761,0.0002720756970994717,0.0009179111594421585,0.00016087565393498696,0.00013136263218334218,0.00034247971996015847,0.00028639547063102287,0.0003673557414839202,0.0004723833853168352,0.00013202191662951075,8.320673502646081e-05,0.0004747541890483956,0.0005495873180971497,0.0003157510063707025,0.0007102621574948647,0.0001244825143227396,0.0009662222730970081,0.0008409505021236079,0.0007138268302283167,0.0004273944914771368,0.0005022493593682358,0.00047120242685354317,0.00019900188538508664,0.0003416235206602583,0.0004972456687545633,0.00018857916163804266,0.0005872670998016817
0.00031733570153021925,0.0001876374444496128,0.00017019269337833348,0.0009294716076103036,0.00019900188538508683,0.00031417422478263897,0.00011914977975813349,0.00011914977975813346,0.0007174093933865413,0.0004090852422639243,0.0002136972457385683,0.00040806252915826386,0.0008346591280397441,0.00021939957863705811,0.0005247283142113841,7.509407836138088e-05,0.00038283782838316064,0.000298465513543507,0.00014555416308403567,0.0003007152441625742,0.00023152573922918657,0.00020556918223575167,0.00033236948039021334,0.0002443221097260907,0.0003691994311431915,0.0006798350764079213,0.00036735574148391976,0.00011914977975813346,0.000298465513543507,0.0012518321864242346,0.00020738875439167722,0.00018810771373394767,0.00033320248660673033,0.00014628467216566292,0.00024493444584069274,0.00042953950437711987,0.0004747541890483956,0.00011796274263508622,0.00025589686967436435,0.0015562779733810368,0.0005047700548295404,0.0003075444393273929,0.00031496162885477565,0.00016891943663173626,0.0006089610172821596,0.0006120172785670036,0.00017536972979301596,0.0009686438828040191,0.00020000063857396544,0.0003701247430006931,0.00027071701908708154,0.0008430581474923382,0.00021885107969046538,0.0006798350764079216,0.0007608599781118352,0.0013612043416290677,0.0003463770828228593,0.00034898795440972376,0.0001019006523140793,0.0004498889383969855,8.320673502646076e-05,0.0011354486951693726,0.00034986261093706644,0.0005313368998205688
0.001164144915973212,0.00018905179111583232,0.0005260434227683054,0.0009202116886638181,0.00022160735576062655,0.0001470188475355436,0.00026869171315808244,0.0007551677825121488,0.0003775838912560744,0.0004688493597344433,7.509407836138084e-05,0.00021939957863705811,8.714865409833923e-05,0.0003498626109370668,0.00045101647959597583,0.0009553505411290808,0.00014665130041670483,0.000556508985449569,0.00031654236227639384,0.0006507114679243011,0.000448764216050994,0.0014674032922520435,0.0009294716076103036,0.00025175406484623334,0.00022105333737122517,0.00018623367888648924,0.00014555416308403567,0.0004984918985008156,0.00034811548452369967,0.0001782555722271321,0.00023210600423978614,0.00037663993152793455,0.0009710715617082893,0.0002385684456999121,0.00012510726874604008,0.0011382944312474913,0.0005887389471696053,0.0015369215232224856,0.0008346591280397435,0.00029921354741203687,0.0001393187353958696,0.00012542082079803523,0.000388630980150728,0.00033320248660673044,0.00043061604448834116,0.00020790852570594238,0.0008807905321617139,0.00017780993329656426,0.00039745672763797345,0.0004783327232078434,0.0001616830587094168,0.0003323694803902131,0.0002385684456999121,0.0006458433225875257,0.00022050070402779683,0.00031496162885477565,0.0006166304547917659,0.0007120422631527472,0.0003691994311431915,0.0009202116886638181,0.0005720036588953549,0.00013202191662951075,0.00025589686967436435,9.002466243611073e-05
0.00038669025419359973,0.000209475668826407,0.00016934279361577575,0.00018004932487222146,7.098312344218553e-05,0.00033320248660672995,0.00026869171315808244,0.00042846565561617756,0.00023268772354865806,0.0001455541630840355,0.0005009937359698146,0.00028639547063102287,0.0005208026823118111,0.0006474619775313535,0.00028425287004143503,0.0016340918720500882,0.0002142328278080885,0.0004220787057924342,0.00017915020355614052,0.0001393187353958696,0.0007869940803267195,0.0004635739642956389,0.00034898795440972376,9.70482402991232e-05,7.471907730756371e-05,0.0002205007040277971,0.0002768649593517397,0.00018506237150034646,8.258424333993893e-05,0.00032535573396215054,0.00014519027767632574,0.00040500970498602156,0.00023210600423978614,9.656360564912948e-05,0.0007174093933865421,0.0003682764325653331,0.00042953950437711987,0.00018905179111583232,0.00027071701908708105,0.00047356730357577486,0.0004997412516298902,0.00024371130445177534,0.0001462846721656629,0.0012042182292533788,0.0006322145703580238,0.00017061924148203866,0.0004759440491713239,0.00023210600423978614,0.00034898795440972376,0.0009248300587697989,0.0001393187353958696,0.0001323527986260761,0.0007300377235306798,0.0003323694803902131,0.000552345593906721,0.00029216721736102325,0.00028425287004143503,0.0007551677825121488,9.150608680325633e-05,0.00016087565393498672,0.00023268772354865806,0.0009271479285912769,0.0005098125698968516,0.00033153855668923755
0.00011290931004330132,0.0006781354887169018,0.00010753267623171545,0.0002565382152123954,0.00013897043855737974,0.00028425287004143503,0.0009759451879908178,0.00026869171315808244,0.0002455483166322732,0.00045214684671275775,0.00028425287004143503,8.320673502646076e-05,0.00019900188538508664,0.0004029871877717478,0.00034986261093706644,0.00022105333737122517,0.00018952560512865417,0.00038669025419359973,0.0002835422378663317,0.0003664373521302102,0.00017019269337833348,0.0006089610172821596,0.00031338878922068224,0.0003007152441625742,0.0003587046966932707,0.0004273944914771368,0.0003785302167980699,0.0007476443763103839,0.0002693651259730151,0.00024310202619064582,0.0007373839572626026,0.00031654236227639384,0.0001131922907702268,0.0003181310291029765,0.0002210533373712252,0.00022050070402779683,0.0006474619775313535,0.0007551677825121495,9.219582828416704e-05,0.0004747541890483956,0.0006074386147389546,0.0004050097049860221,0.0004521468467127582,0.0001616830587094168,0.00018763744444961274,0.0008325724802196444,0.0002418880354473565,0.000880790532161713,0.0002449344458406927,0.0003682764325653331,0.00035249975523875515,0.00030146891645370827,0.00027139550785672283,0.000209475668826407,0.00036140848960312174,0.00029996345605216737,0.00033153855668923755,0.0003455111401158023,0.0001320219166295107,0.0010196251397937043,0.0011892405771030228,0.0012518321864242346,0.00036643735213021,0.0003307097102975147
0.00019900188538508683,0.00040806252915826424,0.0001257351586947723,0.0002449344458406927,0.00016849713804015682,8.341527320948448e-05,9.729146897155219e-05,0.00040704237283536814,0.00037105237393553176,0.00019800811971994493,0.000428465655616177,0.00020895197965434088,0.00033153855668923755,0.0004723833853168352,0.00014212643502071752,0.00029996345605216737,0.0005828735986352414,0.0002835422378663317,0.00024310202619064612,0.0002914367993176207,0.00023152573922918657,0.0001310342256028838,0.0007120422631527472,0.0010273107242008625,0.0003307097102975147,0.0005537299187034794,0.00024188803544735645,0.0002084295997052052,0.0002814209830689467,0.0006394090681462682,0.0001078021816859304,0.00024310202619064612,0.00046767723633510746,0.0010840899345214213,0.00012859058406636362,0.00020790852570594238,0.0002449344458406927,0.00017019269337833348,0.000317335701530219,0.00029921354741203714,0.00031496162885477565,9.729146897155219e-05,0.0002782544927247845,0.00034811548452369967,0.0005551177129859449,0.00011347598072203201,0.0001539838654375399,0.00029771934975964844,0.0007532798630558685,0.0005770666840020068,0.0004947625481962206,0.0008346591280397435,0.00010753267623171545,0.00022105333737122517,0.00045101647959597583,0.0006832470413205162,0.0004498889383969861,0.00023152573922918657,0.0002856794819544455,0.00033320248660673033,0.0003157510063707025,0.00035161850585065845,0.0011862674756602657,0.0004997412516298902
0.00024310202619064612,0.0004759440491713244,0.0002309469248811139,0.0007120422631527467,0.0001131922907702268,0.00031733570153021925,0.0005565089854495679,0.00010753267623171545,0.00019900188538508664,0.0006832470413205162,0.001625931625764037,0.00018952560512865417,7.825889359500957e-05,0.0004759440491713239,0.0002492459492504078,0.0007889664965681414,0.0004747541890483956,0.0002094756688264072,0.0002856794819544455,0.00024493444584069274,0.00036735574148391976,0.00045214684671275775,0.00021775819211126117,0.0002084295997052052,0.0003141742247826395,0.0005247283142113849,0.00013827645492983372,0.0003655212587498845,0.0007551677825121488,0.00036735574148391976,0.0001326845099008281,0.0006815389237172142,0.00038765940270035066,0.0004997412516298902,0.0003691994311431915,0.0002565382152123951,0.0006135511564581489,0.00019850438067162384,0.000708486502101128,0.00040602476690328,0.0008388481258682977,0.0002084295997052052,0.00011825838860660277,0.0004904216370454048,0.0015369215232224835,0.000197513099420645,8.714865409833936e-05,0.00040602476690328,0.0005799628736020567,0.00027071701908708105,0.000715615869903075,0.0003323694803902135,0.00034637708282285907,0.00010672819571745885,0.001073289620835477,0.0007102621574948642,0.00014885967487982406,8.758603686995869e-05,0.0007570604335961403,0.00015073445822685414,0.00016290177012248598,7.471907730756371e-05,0.00029846551354350734,0.00028425287004143557
0.0004273944914771362,0.0004090852422639241,0.00023268772354865806,0.0001795992015600407,0.00038669025419359973,0.0002693651259730151,0.0005234164934258568,0.00021052698797259522,0.00033403758055812526,0.00017915020355614052,0.0001620882794079367,0.000344647362265513,0.0002084295997052052,0.000428465655616177,0.00014665130041670483,0.00019751309942064526,0.00018905179111583232,0.0009411095491375479,0.00031496162885477565,0.00045214684671275775,0.0002849652832495593,0.00020403126457913193,0.000370124743000693,0.0001995006369775307,0.00024310202619064612,0.00011108138133364735,0.0004090852422639241,0.00017104685862861038,0.0002693651259730151,0.0008346591280397435,0.00040602476690328,0.0011354486951693722,0.0009248300587697989,0.00017915020355614052,0.0001693427936157756,0.0004984918985008163,0.0003587046966932707,0.0006135511564581489,6.726538235190113e-05,0.00012826910760619755,0.0009686438828040181,0.0005406898548425583,0.00023210600423978635,0.00010215604242012978,0.00026500427878550884,0.00020000063857396547,0.00013862301246098617,0.00012479450057417506,0.00011944840076003369,0.00010266874446279078,0.0003896049926323085,0.0003157510063707028,0.0004273944914771368,0.0002565382152123951,0.00034333806512296567,0.0002713955078567232,0.00015906551455148826,0.00028212629881598644,0.00021885107969046538,0.00029697505138524897,0.0011982046644710435,0.00016976721164488757,0.0001612788510626434,0.00022160735576062655
0.0004273944914771368,0.000549587318097149,0.000447642305510866,0.00036552125874988464,0.0005260434227683054,0.00020895197965434088,0.0002498706258149451,0.00012417130803693275,0.00040704237283536814,0.00029921354741203687,0.00016047346480014925,0.00020895197965434088,0.0002565382152123951,0.0004771368913998241,0.0001900006066452672,0.00045214684671275775,0.0007174093933865413,0.0004070423728353687,4.518725247506753e-05,0.00042953950437711987,0.00028354223786633125,0.00017104685862861038,0.00030146891645370827,0.0002584719122444981,0.0007120422631527465,0.0007392320373559925,0.00021530802224417058,0.00019480249631615424,0.00033153855668923755,0.0002084295997052056,0.00034811548452369967,0.00016849713804015682,8.758603686995869e-05,0.0012644291407160476,0.0001578755031853514,0.00019800811971994493,0.00043061604448834116,0.00019800811971994493,0.00022050070402779683,0.00027139550785672327,0.0004759440491713239,0.00019900188538508664,0.00043169528269507867,0.00044876421605099344,0.000497245668754564,0.0006474619775313535,0.00025525712750017817,0.00021105462453392996,0.00019701931667209362,0.000209475668826407,0.0002856794819544455,0.00023210600423978614,0.0013177180909728786,0.0009053140565374451,0.0004867526625104208,0.00021939957863705811,5.2048670617549936e-05,0.00043169528269507834,0.0010868069519011743,0.00021000067050266392,0.00028425287004143503,0.00040500970498602156,0.0003157510063707023,0.00013897043855737974
0.0002183039519912392,0.00040602476690327943,0.00023152573922918657,0.0006815389237172142,0.00030146891645370827,0.0009686438828040181,0.00018763744444961274,0.00036552125874988496,0.00025589686967436413,0.0001706192414820387,0.000878588555831309,0.00013827645492983388,0.00013793076379250944,0.0003691994311431915,0.00017959920156004086,0.000527361827336647,0.00023268772354865806,0.00021316300262422198,0.00075706043359614,0.0003886309801507281,0.000618175894528086,0.00019382970135017533,0.00013793076379250925,0.00045214684671275775,0.00040704237283536814,0.00036735574148391976,0.0007174093933865413,0.0002105269879725952,0.00034986261093706644,0.00028283338227166584,0.000385723528558116,0.00025525712750017844,0.00031417422478263897,0.00019850438067162384,0.00015359890577394596,0.00014319773531551143,0.00023210600423978614,0.00031654236227639384,0.00019850438067162384,0.0004273944914771368,0.00029996345605216737,0.00040704237283536814,0.000477136891399824,0.00047475418904839616,0.00019850438067162384,0.00018810771373394745,0.0004984918985008156,0.0003627866971215924,0.0001257351586947723,0.0015446350444758353,0.0003618797303787885,0.00018857916163804266,0.0002100006705026639,0.0003896049926323085,0.0001616830587094168,0.0006410115971391161,0.000597604576404933,0.00017915020355614052,0.0006089610172821596,0.00034986261093706644,0.0002686917131580828,0.00013897043855737974,0.000477136891399824,0.0001616830587094168
0.00016249451569717987,0.00038283782838316064,0.0016218667966996273,0.0002962326137567863,0.0004498889383969862,0.0002292191495908013,0.0005260434227683054,0.00015359890577394596,0.00012542082079803523,0.0008009052401177213,7.169741340148549e-05,0.0001078021816859304,0.0003075444393273929,0.0006474619775313543,0.0007929261716377563,0.00033320248660673033,0.00031338878922068257,0.00029996345605216737,0.0004532800468298328,0.0003785302167980699,0.000298465513543507,0.0008170459360250441,0.0007909438562086621,0.0004327772257594772,0.0003847592197367205,0.0003102666338335138,0.0010706063967833898,0.00018763744444961274,0.0011241367166225586,0.0005857989320521776,0.0005260434227683054,0.00033236948039021334,0.00045214684671275775,0.0002492459492504078,0.0006135511564581489,0.0002504968679849073,0.0012487026059581732,0.0001360378485497358,0.0001620882794079367,0.0007513966633982282,0.00024371130445177566,0.00019900188538508664,0.0002977193497596484,0.0005872670998016817,0.0002835422378663317,0.0011892405771030217,0.0004997412516298902,0.00028425287004143503,0.00025461898468142783,0.00028212629881598644,0.0004997412516298902,0.0007532798630558691,0.00020947566882640708,0.0007156158699030749,0.0001616830587094168,0.00016249451569717987,0.00025782573246388706,0.0005523455939067201,0.00018810771373394767,0.00034898795440972376,0.00025782573246388706,0.0006150888786547858,0.0007022704354881929,0.00029921354741203687
0.00012510726874604008,0.000197513099420645,0.0002693651259730151,0.00022105333737122517,0.0003157510063707025,0.00019652676838041326,0.0003090879472640429,9.265854187766869e-05,0.0012518321864242346,0.0004273944914771368,0.00017825557222713237,0.00034898795440972376,0.0008346591280397435,0.00036735574148391976,0.0004263260052484443,0.0003664373521302102,0.0002266400234149164,0.0012192962813674436,9.729146897155219e-05,0.00044876421605099344,0.0003007152441625742,0.00010000031928698264,0.00033153855668923755,0.0003691994311431917,0.00031496162885477565,0.0006474619775313535,0.00023152573922918657,0.0006006038418401229,0.0006150888786547858,0.0005022493593682359,0.0001795992015600407,8.27912213934224e-05,0.000309087947264043,0.0001330170525321584,0.0002100006705026639,0.00044876421605099344,0.0002539824372197244,0.00040806252915826386,0.00027071701908708105,0.00022979363367498862,0.00033153855668923755,0.00038765940270035066,0.00044876421605099344,0.0003307097102975147,0.0002045426211319621,0.0001326845099008281,0.00014519027767632552,0.00028425287004143503,0.00031496162885477565,0.00036552125874988464,0.0005009937359698152,0.00042313654716033555,0.0002443221097260907,0.00019900188538508664,0.0003340375805581255,0.0008346591280397435,0.00011347598072203188,0.00027071701908708105,0.0002309469248811138,0.0004947625481962206,0.0005234164934258568,0.0007138268302283167,0.00043061604448834116,0.000880790532161713
0.000298465513543507,0.0002084295997052052,0.00029996345605216737,0.0005843344347220465,0.0005565089854495688,0.0001396679051587664,0.0002578257324638871,0.0008263437843430566,0.0003323694803902131,0.001075979569759877,0.0005799628736020572,0.000878588555831309,0.00021994945226772725,0.0004220787057924344,0.00024310202619064612,0.00031496162885477565,9.753530723965125e-05,0.0002713955078567232,0.0003828378283831605,0.0002800156370347462,0.0003886309801507279,0.00047475418904839616,0.00031417422478263897,0.0004029871877717479,0.00033320248660673044,0.00013897043855737974,0.0008829980272297886,0.0009341364515150562,0.0005727494948556504,0.0003886309801507281,0.0005857989320521776,0.00014665130041670483,0.000618175894528086,0.00029996345605216737,0.00021885107969046543,0.00021939957863705811,0.00043061604448834127,0.00038765940270035066,0.000161683058709417,0.0005286835361770904,0.00047356730357577486,0.0010532739715948107,0.0004532800468298328,0.0003307097102975142,0.0004090852422639241,0.001075979569759876,0.00045441608704745125,0.00023327090080065948,0.0005136553621004309,0.0005720036588953549,0.0003340375805581255,0.00038765940270035066,0.00025782573246388706,0.00014738731582510626,0.0003701247430006928,5.8397991324343696e-05,0.00029996345605216737,0.00032988293602177114,0.00041113836447150335,0.0005009937359698152,0.0002693651259730152,0.00023327090080065954,0.00022160735576062655,0.000552345593906721
0.0001072638445411361,9.025028815650193e-05,0.0005828735986352414,0.0002455483166322732,5.702274770737966e-05,0.00021052698797259522,0.00013169186183793709,0.000257181168132727,0.0009271479285912769,0.0001356977539283616,0.00025461898468142783,0.0001900006066452672,0.00032905822868171627,0.00021052698797259522,0.00019900188538508683,0.0006798350764079213,0.0003323694803902131,0.000298465513543507,0.0014527841952975983,0.0004960025545826776,0.000878588555831309,0.00014665130041670483,0.0008284148213965481,0.0004723833853168358,0.0006764401499951098,0.00032454234462724534,0.0006798350764079213,0.000385723528558116,0.0002100006705026639,0.00038475921973672077,0.00038765940270035103,0.00025718116813272724,0.0002928994660260888,0.00011290931004330116,0.0001257351586947723,0.00042953950437712025,0.00014998172802608369,0.00021994945226772725,0.0007909438562086631,0.0005579037448115971,0.00031654236227639384,0.0004759440491713239,7.944311734236619e-05,0.0003075444393273929,0.000880790532161713,0.0006781354887169018,0.0001131922907702268,0.0001424826416247795,0.0003307097102975147,0.00025461898468142827,0.00034898795440972376,0.0002713955078567232,0.0011982046644710435,0.00021994945226772725,0.00020403126457913193,0.00013502011326968185,0.0005234164934258568,0.000385723528558116,0.00024371130445177534,0.00030677557822907445,0.0003472451958123907,0.0002136972457385684,0.00044876421605099344,0.00025461898468142816
0.0003323694803902136,0.00017019269337833348,0.0001547566816163617,0.0006474619775313535,0.00027004022653936326,0.00027275759107716447,0.00016576927834461878,0.0004759440491713244,0.00014177111893316584,0.0005814164146386537,0.0005843344347220473,0.00040806252915826424,0.0006135511564581489,0.00024188803544735675,0.0002309469248811138,0.00014665130041670483,0.0001697672116448878,0.00044540689174772115,0.0002693651259730151,0.0002449344458406927,0.00025589686967436397,0.0001330170525321584,0.00014628467216566302,0.0009318011103862691,0.0005286835361770896,0.00018716835083848894,0.00016208827940793688,0.00021939957863705836,0.00018004932487222146,0.0002100006705026639,0.0017836378730029371,0.0004070423728353687,0.000309087947264043,0.0003463770828228591,0.0002693651259730147,0.00010753267623171545,0.0010759795697598772,0.00019900188538508664,0.00018810771373394767,0.0003126053172476305,0.0002814209830689467,0.00013202191662951075,0.0003896049926323085,0.0001616830587094168,0.0004532800468298328,0.00014001795003385094,0.0002578257324638871,0.0005286835361770905,7.884878227944992e-05,0.00045214684671275775,0.00013202191662951075,0.00027004022653936326,0.0004879725939954089,0.00042953950437711987,0.0004273944914771368,0.00010672819571745885,0.00016249451569717968,0.00023210600423978635,0.0014674032922520435,0.0003664373521302102,0.0005260434227683054,0.0006089610172821591,0.0001072638445411361,0.00011914977975813346
0.000428465655616177,0.00031575100637070265,0.0002962326137567862,0.0004712024268535428,0.00016249451569717987,0.0006410115971391161,0.000448764216050994,0.0004747541890483956,0.0008578982328262957,8.08415293547084e-05,0.0005814164146386537,0.0002142328278080885,0.0003340375805581255,0.00023152573922918682,0.00019751309942064505,0.0006135511564581492,0.0003323694803902131,0.0005857989320521777,0.0005537299187034794,0.00042953950437711987,4.027426914607655e-05,0.00023152573922918657,0.0001539838654375399,0.0005799628736020574,0.0005843344347220465,0.0002552571275001784,0.0005551177129859442,0.00044540689174772153,0.0005509647299219545,0.00031417422478263865,0.0001697672116448878,0.0002984655135435071,8.279122139342226e-05,0.00029363354990084086,0.00027275759107716447,0.00042953950437712025,0.0004498889383969861,0.00024249427112516968,0.0007929261716377563,0.0005523455939067201,0.00034986261093706644,0.00014628467216566302,0.0002504968679849076,0.0004273944914771362,0.00031338878922068224,0.00024188803544735645,0.00045214684671275775,0.00021994945226772725,0.0005234164934258568,0.0002992135474120373,0.00011944840076003369,0.00022050070402779683,0.00023210600423978614,0.00024310202619064612,0.0006987634725009736,0.00011914977975813346,0.0002461637259471409,0.00016701879027906276,0.0002142328278080885,0.00042953950437711987,8.341527320948455e-05,7.904639827513772e-05,0.0007476443763103842,0.0002326877235486581
0.00011796274263508622,0.0003999723335765557,0.000681538923717214,0.00029996345605216753,0.000428465655616177,0.00021052698797259503,0.00014591896048524866,0.00031654236227639384,0.0002713955078567232,0.00033153855668923755,0.000880790532161713,0.0007120422631527472,0.0002856794819544451,0.00024371130445177534,0.0006290574488472979,7.369365791255313e-05,5.417161032201068e-05,0.0003701247430006931,0.0003646074556030098,0.00019334512709679987,0.0005705736497481164,0.0003141742247826385,0.000715615869903075,0.0002686917131580825,0.0007551677825121488,0.000527361827336647,0.00023036955756891093,0.0007005147593994725,0.0005260434227683054,0.00025782573246388706,0.00027004022653936326,0.0008742011042306263,0.000556508985449569,0.0007476443763103839,0.00043061604448834127,0.00013897043855737987,0.0001616830587094168,0.0009735053250208409,0.00018857916163804266,0.00018810771373394767,0.00011944840076003369,0.0004101105185603247,0.00016249451569717987,0.0007570604335961398,0.0003007152441625742,0.0001697672116448878,0.000880790532161713,0.00047475418904839616,0.00010753267623171545,0.00024371130445177534,0.00028283338227166584,0.00015787550318535124,0.000385723528558116,5.7816197688181624e-05,0.00028425287004143503,0.0006135511564581489,0.0002584719122444981,0.000284965283249559,0.0011982046644710435,0.0007495181717397332,0.0003390677443584509,0.000794913455275946,0.0004723833853168358,0.00036735574148391976
0.000298465513543507,0.0001697672116448878,0.00028425287004143503,0.00028639547063102287,0.0005565089854495688,0.000710262157494865,0.000878588555831309,0.0005691472156237456,0.00024310202619064577,0.0011382944312474923,0.000618175894528086,0.0004747541890483956,0.00023327090080065954,0.0001693427936157755,0.00032577996552518953,0.0002338555396497839,0.00017019269337833348,7.471907730756358e-05,0.000301468916453708,0.000298465513543507,0.00033153855668923755,0.00030146891645370827,9.219582828416712e-05,0.00043169528269507867,0.00023210600423978614,0.00012417130803693286,0.00032373098876567675,0.00020454262113196205,0.0011922211299278415,0.0007084865021011277,0.00034811548452369967,0.00036552125874988496,0.0002789518724057988,0.0002835422378663317,0.00031338878922068257,0.00013202191662951075,0.0004498889383969861,0.0003664373521302102,0.0003507394595860321,0.00038669025419359973,0.00029996345605216737,8.341527320948455e-05,0.0004070423728353688,0.0017881081433613394,0.00031417422478263897,0.0003290582286817165,0.0003994514885087138,0.0006089610172821596,0.0018775135505294076,0.00023327090080065954,0.0001323527986260761,0.00028425287004143503,0.00032535573396215054,0.00021775819211126122,0.0006764401499951092,9.70482402991232e-05,0.0002656684499102844,0.00013169186183793709,0.0001539838654375399,0.0003323694803902135,0.0005260434227683054,0.00034986261093706644,0.0004984918985008156,0.00039646308581887816
0.00028639547063102287,0.0005273618273366476,0.0009808432740908096,0.0002835422378663317,0.00016290177012248598,6.318309995277524e-05,0.000878588555831309,0.0006150888786547858,7.490634316547733e-05,0.0006507114679243004,0.000257181168132727,8.758603686995869e-05,0.0003655212587498845,7.924450954901033e-05,0.00038669025419359973,0.0005234164934258568,0.00034811548452369967,0.00028425287004143503,0.00038765940270035103,0.0002443221097260909,0.0004997412516298902,0.00016208827940793688,0.00038283782838316064,0.0004771368913998242,8.320673502646076e-05,0.0010679298807914307,0.0002552571275001786,0.00042632600524844375,0.0006426181424953543,0.000878588555831309,0.00012216105486304534,0.0002693651259730151,0.0001503576220812871,0.00028639547063102276,0.0007551677825121488,0.00034811548452369967,0.0001524497915601417,0.00029921354741203687,0.0007318673920107069,0.00036735574148391976,0.00042953950437711987,9.632219663500666e-05,0.00046767723633510746,0.00047120242685354317,0.00040806252915826386,0.00016849713804015676,0.00026869171315808244,0.00016660124330336517,0.00031338878922068257,0.0002578257324638871,0.00031417422478263897,0.0006747490496201215,0.0007102621574948654,9.560158469639667e-05,0.0005022493593682358,0.00043061604448834116,0.00013793076379250928,0.00017147554749735367,7.566011175463445e-05,0.0005313368998205688,0.00016290177012248598,0.0005756240172920017,0.0005828735986352414,0.0003507394595860319
0.0002565382152123951,0.00029996345605216737,0.0001693427936157755,0.0009271479285912769,0.0010706063967833896,0.0009156163815435529,0.00036735574148391976,0.0004555549744836602,0.00034986261093706644,0.00015787550318535124,0.00022720804352372562,0.0002449344458406927,0.00034986261093706644,0.0002449344458406927,0.00016047346480014925,0.00017061924148203866,0.00034637708282285977,6.438378543508889e-05,0.0003007152441625742,0.0003157510063707025,0.00029996345605216737,8.196640867907311e-05,0.000618175894528086,0.00033153855668923755,0.00038669025419359973,0.0006474619775313535,0.00012386087976684043,0.0003083152273958831,0.00020895197965434088,0.0004984918985008156,0.0003323694803902131,0.000527361827336647,0.0009294716076103036,0.00018810771373394767,0.00032454234462724524,0.0005799628736020576,0.0001890517911158325,0.0011241367166225586,0.00017061924148203866,0.0004070423728353687,0.00018857916163804266,0.0006028942051112103,0.00023327090080065954,0.00028496528324955915,0.00014665130041670483,0.0011354486951693726,0.00033320248660673033,0.00029921354741203687,0.0006410115971391154,0.00027071701908708105,0.000527361827336647,9.242689552297458e-05,0.00016208827940793666,0.00027004022653936326,0.0006764401499951098,0.00024188803544735675,0.00036643735213021057,0.0003775838912560744,0.00026936512597301477,0.0001616830587094168,0.0001666012433033651,0.0003323694803902131,0.00014446523372717946,0.00020895197965434088
0.0001620882794079367,0.000616630454791766,0.0003141742247826393,0.000384759219736721,0.000209475668826407,0.0005691472156237456,0.00036735574148391976,0.000971071561708289,0.00019382970135017533,0.00014555416308403567,0.0002584719122444981,0.00038669025419359973,0.0006764401499951092,0.0004771368913998241,0.00036460745560301037,0.0006474619775313535,0.00033153855668923755,0.00012479450057417506,5.230989314644999e-05,7.679945288697298e-05,0.00023210600423978614,0.0006120172785670038,0.00014591896048524866,0.0006120172785670038,0.00013827645492983396,0.0002954920322223942,0.0004984918985008156,0.0005009937359698146,0.00017624987761937757,0.00040602476690328,0.00023210600423978625,0.0009808432740908096,0.0001323527986260761,0.00018810771373394767,0.00031654236227639384,0.000296232613756786,0.00016660124330336508,0.0004984918985008156,0.0003994514885087138,0.00012479450057417492,0.00019900188538508664,0.00028425287004143503,0.00020895197965434088,0.0003682764325653331,9.632219663500676e-05,0.00016660124330336498,0.0006306340339321287,0.00043061604448834127,0.0001396679051587664,0.00014998172802608369,0.000284965283249559,9.656360564912948e-05,0.00024371130445177534,0.0007532798630558685,0.00012542082079803523,0.0006135511564581489,0.0002100006705026639,0.00015321490850951104,0.0005551177129859442,0.0010119970532849792,0.0002443221097260907,0.00014665130041670483,0.0004783327232078434,0.001195209152809866
0.0002443221097260907,0.0003664373521302102,0.0005009937359698146,5.752747805097629e-05,0.0004771368913998242,0.0004231365471603354,0.000527361827336647,0.0002713955078567232,0.0004498889383969861,0.0009710715617082893,0.0007929261716377563,0.00040500970498602156,0.0002565382152123951,0.0002084295997052052,0.0005221079521922922,0.0002720756970994717,0.0002517540648462332,0.0002856794819544455,0.0002309469248811138,0.00013862301246098623,0.00023210600423978614,0.0005009937359698146,0.00015244979156014203,0.0001323527986260761,0.00045101647959597583,0.00042953950437711987,0.00033320248660673044,0.00027071701908708105,0.0004759440491713244,0.0008698355624663752,0.00028425287004143503,0.0002100006705026639,0.00017915020355614052,0.0007909438562086621,0.0005579037448115976,0.00016208827940793704,0.00020050189330723345,0.00047356730357577486,0.00038669025419359973,0.00019800811971994493,0.00017915020355614052,0.0002142328278080885,0.0001326845099008281,0.00024371130445177534,0.0007513966633982291,0.0004050097049860221,0.0004759440491713239,0.00044540689174772153,0.00011914977975813346,0.00038669025419359973,0.00022160735576062652,0.00021994945226772725,7.453227961429476e-05,0.00038669025419359973,0.00016087565393498696,0.00038765940270035066,0.0003157510063707025,0.0005286835361770904,0.00019900188538508664,0.00027139550785672283,0.000527361827336647,0.00018952560512865417,0.0005009937359698146,0.0004284656556161778
0.0003905814462479282,0.0005482133498019065,0.0006832470413205162,0.0001227741583161366,0.0010221805912718834,0.00045101647959597583,0.00022105333737122487,0.0007192074119163332,0.0001393187353958696,0.00042953950437711987,0.0006781354887169019,8.780555074682585e-05,0.0003323694803902131,0.0004747541890483956,0.0005828735986352414,0.0004759440491713244,8.714865409833936e-05,0.0003007152441625742,0.00022720804352372562,0.00028425287004143503,0.0003691994311431915,0.00026869171315808244,0.00036278669712159274,0.0002100006705026639,0.0005828735986352414,0.00021994945226772725,0.0010170760769442207,0.0002084295997052052,0.000448764216050994,0.000282833382271666,0.0006764401499951096,0.000502249359368236,0.00012510726874604008,0.00014001795003385094,0.0004532800468298328,0.0004101105185603247,0.0001995006369775307,0.0001393187353958696,0.0002686917131580827,0.0003229216612937626,0.00013897043855737974,0.0006697010727496971,0.000384759219736721,6.777240572114626e-05,0.0007929261716377563,0.000209475668826407,0.0001326845099008281,0.00018905179111583232,0.00023152573922918657,0.0001524497915601417,0.00011347598072203201,0.0002443221097260907,9.777975663122928e-05,0.0005857989320521777,0.0004273944914771368,0.0004039971807235566,0.0003157510063707025,0.0002565382152123951,0.00011234546917627263,0.0005565089854495688,0.00021530802224417058,8.383391884170022e-05,0.00028425287004143503,0.00021994945226772725
0.00013827645492983388,0.0005857989320521778,0.0004252601902353227,0.0001787023280472503,0.0002100006705026639,0.0004273944914771368,4.709165436825948e-05,0.00015359890577394596,0.00022720804352372562,4.768474077305634e-05,0.00086116977134456,0.00040806252915826386,0.00041113836447150335,0.00016660124330336517,0.0002517540648462334,0.000282833382271666,0.0003664373521302102,0.0003323694803902131,0.00025589686967436435,0.000309087947264043,0.00024371130445177534,0.00013897043855737974,0.00029921354741203687,0.00027965099990556253,0.0006849594399203163,0.00017104685862861038,0.000187637444449613,0.00010215604242012968,0.0002100006705026639,0.000556508985449569,0.000209475668826407,0.00021939957863705811,0.0007495181717397332,0.0001396679051587664,0.0009783911659055832,0.0004070423728353687,0.00023327090080065954,8.552342931430519e-05,0.0016340918720500893,0.00038669025419359973,0.00036552125874988496,0.0002153080222441703,0.0010145333867518592,0.00016701879027906276,0.00020050189330723345,0.00018952560512865417,0.0003682764325653331,0.0002565382152123951,0.0004090852422639236,0.00038765940270035103,0.00025525712750017833,0.00013897043855737974,0.0001539838654375399,0.00045214684671275775,5.230989314644999e-05,0.00015398386543754002,0.00015436978991232087,0.000370124743000693,0.000838848125868299,0.00019480249631615424,0.0001620882794079367,0.00019900188538508673,0.00012542082079803523,0.00016290177012248598
0.00024068010707034131,0.0003682764325653331,0.0006150888786547858,9.219582828416704e-05,0.00012124713556258484,0.00047475418904839616,0.0009341364515150562,0.00042953950437711987,0.00028354223786633125,0.00025718116813272746,0.00011914977975813346,0.0007174093933865413,0.00024188803544735675,0.00021939957863705782,0.0005260434227683054,0.00025589686967436413,0.0006089610172821596,0.0002084295997052052,0.00022105333737122506,0.00019800811971994493,0.00044876421605099344,0.0005022493593682358,6.438378543508889e-05,8.802561478378525e-05,0.000313388789220682,0.00012542082079803523,0.00024310202619064577,0.0003141742247826385,0.00025589686967436435,0.0011862674756602644,0.00022550823979798791,0.00013897043855737974,0.00038669025419359973,0.0003655212587498845,0.0008742011042306263,0.0008430581474923382,0.001548506310251464,0.0002720756970994717,0.0002094756688264072,0.0001019006523140793,0.00028354223786633136,0.00027071701908708105,0.00018857916163804266,0.00029921354741203687,0.0003165423622763939,0.000447642305510866,0.00040806252915826386,0.00033153855668923755,0.00023268772354865806,0.0003507394595860319,0.0006832470413205166,0.0003691994311431916,0.00029216721736102325,0.0006458433225875252,0.0004759440491713244,0.00031417422478263897,0.0002720756970994717,0.0004263260052484443,0.00035161850585065845,0.0005234164934258561,0.0003157510063707025,0.00017493130546853322,0.0001323527986260761,0.0003682764325653331
0.0004050097049860221,0.0007120422631527465,0.0011411472994962333,9.476280256432709e-05,0.0002814209830689467,0.00032988293602177076,0.0008578982328262957,0.0009225179836228757,0.00020000063857396547,0.000552345593906721,0.00036735574148391976,0.0005495873180971491,0.0011892405771030228,0.0004723833853168352,0.0009271479285912769,0.00025112467968411794,0.00012216105486304545,0.00034986261093706644,0.0003701247430006931,0.0005537299187034794,0.0002693651259730151,0.00010241207260163389,0.0004498889383969855,0.0002443221097260909,0.0001503576220812871,0.00015436978991232087,0.00016047346480014947,0.0001396679051587664,0.0004521468467127582,0.0003307097102975147,0.000282833382271666,0.00025718116813272724,0.0002552571275001786,0.000209475668826407,0.00033320248660673033,0.00021994945226772725,0.0005009937359698146,0.0005537299187034794,0.0007551677825121488,0.0004984918985008156,0.0002835422378663317,0.0015292465213658931,0.0001900006066452672,0.00011974777018549735,0.0007102621574948656,0.0002449344458406927,0.00047356730357577486,0.0001539838654375399,0.000428465655616177,0.00010139178593158605,0.000880790532161713,2.975387204867252e-05,0.00011914977975813346,0.00029921354741203687,0.0001612788510626434,0.0003126053172476305,0.000770386728432323,5.547809175812651e-05,0.00016087565393498696,0.0008742011042306263,0.0001072638445411361,8.488360582244379e-05,0.0006832470413205166,0.00018952560512865417
0.00020000063857396547,0.0002842528700414354,0.00023210600423978635,0.00010552731226696498,0.0002578257324638867,0.000978391165905583,0.0005009937359698152,0.0008367510055536274,0.0003655212587498845,0.002211875340349103,0.0007174093933865413,0.0006458433225875252,0.0003007152441625742,0.0002443221097260907,0.00012417130803693286,0.0005300085575710177,0.0006798350764079213,0.00040704237283536814,0.0002693651259730151,0.0002821262988159865,0.0002856794819544455,0.0004972456687545633,4.239396752218578e-05,0.0010706063967833902,0.0002326877235486581,0.00045214684671275775,0.0001871683508384887,9.656360564912948e-05,0.001540773456864646,0.0004273944914771368,0.00028425287004143503,0.0005872670998016817,0.0005991023322355218,0.0005579037448115976,0.0004231365471603352,0.00012605028440578666,0.000428465655616177,0.00029921354741203687,4.864573448577609e-05,0.0004532800468298329,0.0003340375805581255,6.438378543508889e-05,0.00034898795440972376,0.0004947625481962208,0.0002303695575689112,0.00034898795440972376,0.0003007152441625742,0.0007551677825121488,0.0003472451958123907,0.00010241207260163389,0.00031654236227639384,0.00013862301246098642,0.00021994945226772725,0.000768460761611242,0.000715615869903075,0.0001528318712382374,0.0004783327232078434,0.0005221079521922919,0.00012448251432273976,0.0003785302167980699,0.0005537299187034794,0.00012479450057417506,0.00018763744444961274,0.00036735574148391976
0.0011326100734314498,0.0007495181717397332,0.0006089610172821593,0.001996217494665065,0.000209475668826407,0.00038669025419359973,0.0013940331276394414,0.0004712024268535434,0.0004997412516298902,0.0006006038418401226,0.0006815389237172142,0.0008742011042306272,0.0007495181717397339,0.0005009937359698153,0.00031338878922068224,0.0005857989320521776,0.0007392320373559925,0.0011922211299278417,0.000453280046829833,0.00014591896048524866,8.341527320948455e-05,0.0003437857438598491,0.0005828735986352414,0.00101707607694422,0.0003847592197367205,0.0003886309801507281,0.0002680199838751875,0.00016934279361577575,0.00018952560512865417,0.0001470188475355436,0.0003463770828228593,0.00027139550785672294,0.000447642305510866,0.0002183039519912395,0.00036552125874988496,0.0001539838654375399,0.00023094692488111348,0.0006104872353705867,0.0005009937359698146,0.0002292191495908013,0.00027004022653936326,0.00038379732168737873,0.000715615869903075,0.00042419703975973453,0.00029771934975964844,0.0001904767986418718,0.0003323694803902131,0.0003340375805581255,0.0005300085575710177,0.0003886309801507279,0.00029436947358480267,0.00044764230551086676,0.0005406898548425583,0.00019900188538508664,0.0003340375805581255,0.000681538923717215,0.0007192074119163332,0.00035161850585065845,0.00012510726874604008,0.00018905179111583232,0.0002630217113841527,0.001017076076944219,8.736707177778374e-05,0.0004972456687545633
0.00038572352855811544,0.0002266400234149164,0.0004521468467127582,0.0001791502035561407,0.000284965283249559,0.00011178444398957349,0.0002680199838751872,0.00015827118113819692,0.000209475668826407,0.00017915020355614052,0.0006781354887169009,0.00045101647959597615,0.0005551177129859442,0.00045101647959597583,0.0002693651259730151,0.00021939957863705782,0.000477136891399824,0.00017019269337833367,0.00029697505138524913,0.00029921354741203687,0.0003691994311431915,0.000428465655616177,0.00044876421605099344,0.00018810771373394767,0.00017915020355614052,0.00018952560512865417,0.00013862301246098642,0.00044764230551086665,0.0007532798630558685,0.00018716835083848894,0.000428465655616177,0.00020454262113196205,0.00040602476690328,0.0006507114679243011,0.0010813797096851166,0.000527361827336647,0.0004090852422639243,0.0002443221097260907,0.0002205007040277971,0.00027071701908708105,0.00040399718072355723,0.0009662222730970093,0.0003587046966932707,0.00018367787074195988,0.0005009937359698146,0.00010753267623171545,0.0003323694803902131,0.0005313368998205688,0.0002835422378663317,0.0002686917131580827,0.000189525605128654,0.0005828735986352414,0.0003007152441625742,0.0008346591280397435,5.8106366355167715e-05,0.0002713955078567232,0.00016934279361577575,0.00010726384454113625,0.000298465513543507,0.0002782544927247844,0.000257181168132727,0.00027825449272478396,0.0003673557414839202,0.00033153855668923755
0.0006490846892544905,0.00043169528269507834,0.00012216105486304537,0.00017104685862861038,0.00027004022653936326,0.00042632600524844375,0.0004392942779156545,0.00038669025419359973,0.0005495873180971497,0.00014591896048524866,0.0004879725939954089,0.0013870716747082915,0.0001674373837384087,0.0011982046644710435,0.00015321490850951123,0.00020895197965434088,0.00014555416308403567,0.00040806252915826424,0.0005677243475846863,0.0004759440491713239,0.000610487235370586,0.000284965283249559,0.00038960499263230843,0.0003472451958123906,0.0006104872353705867,0.0006059200182021071,0.000187637444449613,0.00038765940270035103,0.0006150888786547858,0.0001952907231239641,0.00017915020355614052,0.00014591896048524866,0.0006474619775313535,0.00012542082079803534,0.00025589686967436435,0.00024862283437728167,0.00037475908586986694,0.000385723528558116,0.0007532798630558685,0.0005799628736020572,0.0001042147998526026,0.00028639547063102287,0.00038475921973672077,0.00019850438067162406,0.0005234164934258568,0.00019480249631615424,0.0002707170190870813,0.00033320248660673033,0.000257181168132727,0.000197513099420645,0.00035161850585065845,0.00013862301246098623,0.0002984655135435066,0.00035073945958603153,0.0006021091146266893,0.0001539838654375399,0.0009759451879908178,0.0003646074556030098,0.0007420510501381684,7.151816986798176e-05,0.00030831522739588265,0.0002656684499102844,0.00023036955756891093,0.00032988293602177076
9.680561969837533e-05,0.0005551177129859449,0.0007318673920107069,0.00030146891645370827,0.00012386087976684048,0.00010672819571745885,0.00017104685862861038,0.0006337990680280941,0.00035161850585065845,0.0005565089854495689,0.00019000060664526702,0.0003507394595860319,0.0001072638445411361,0.0003149616288547761,0.00045101647959597583,7.884878227944982e-05,0.00020947566882640724,0.0005537299187034794,0.0005857989320521776,0.0003157510063707028,0.00029921354741203687,0.00038669025419359973,0.0007589578281665562,0.0002100006705026639,0.00013136263218334234,0.00025782573246388706,0.00027275759107716447,0.0005022493593682358,0.00047356730357577486,0.0009662222730970081,0.00016007228113814898,0.000298465513543507,0.0001795992015600407,0.00034898795440972376,5.796110043927983e-05,0.00019900188538508664,0.00034811548452369967,0.0002094756688264072,0.0005872670998016817,0.00020687028250569817,0.00013897043855737974,0.0001620882794079367,0.00023210600423978614,0.0002084295997052052,0.00038765940270035066,0.0001547566816163617,0.00029549203222239403,0.00033320248660673033,0.0005814164146386537,0.0003489879544097242,0.00027004022653936326,0.0009735053250208409,0.00033153855668923755,0.00019701931667209365,0.0001616830587094168,0.00031496162885477565,0.00040806252915826386,0.0003578079349515375,0.0002656684499102844,0.000384759219736721,0.00022160735576062655,0.0005565089854495679,0.0003118238039545116,0.00018506237150034654
0.00014591896048524866,0.0009248300587697989,0.00038669025419359973,0.0004194240629341497,0.00023210600423978614,0.0002565382152123951,0.0003886309801507279,0.0002517540648462334,0.0004555549744836602,0.0004194240629341496,0.00021994945226772725,0.0001455541630840355,0.00028425287004143503,0.0009225179836228746,0.00020895197965434088,0.00030146891645370827,0.0004263260052484441,7.062865146949604e-05,0.0002449344458406925,0.00025589686967436435,0.00013268450990082796,0.00015321490850951104,0.0002266400234149165,0.00027071701908708105,0.0003507394595860319,0.00034898795440972376,0.00010000031928698264,0.00022105333737122517,0.0006120172785670038,0.0002385684456999121,0.0004039971807235566,0.0005022493593682358,0.00021939957863705795,0.0007551677825121488,0.0001078021816859304,0.00010139178593158605,0.0011326100734314495,0.00018413821628266656,0.0004090852422639236,0.0004029871877717479,0.0001257351586947723,0.00040806252915826386,0.00045101647959597615,0.0006507114679243011,0.0004723833853168358,0.00024249427112516968,0.000477136891399824,8.780555074682585e-05,0.00040806252915826386,0.0005085380384721095,0.001195209152809866,0.0006798350764079213,0.00042953950437711987,0.0006781354887169018,0.00013103422560288374,0.00018506237150034654,0.00017780993329656426,0.0010298854377953502,0.00042047525106180396,0.0008430581474923382,0.00019652676838041326,0.00029996345605216737,0.0002686917131580823,0.001390548044820343
0.0005551177129859442,0.0005814164146386537,0.0004039971807235566,0.00035073945958603153,0.00028425287004143503,0.0002094756688264072,0.0003118238039545116,0.00048675266251042046,0.0001078021816859304,0.0004306160444883406,0.00040704237283536814,0.00024371130445177534,0.0009686438828040191,0.00012542082079803523,0.00031417422478263897,0.00024310202619064577,0.0002680199838751872,0.00031338878922068257,0.00035870469669327105,0.00012386087976684048,0.0009662222730970081,0.00034898795440972376,0.00015359890577394596,0.0001393187353958696,0.00021885107969046565,0.00031417422478263897,0.0007120422631527472,0.00017915020355614052,0.001882219098275094,0.000552345593906721,0.00040704237283536814,0.001540773456864646,0.00027004022653936364,0.00029921354741203687,0.0006135511564581489,0.00045441608704745125,0.00021775819211126117,0.000385723528558116,0.0001462846721656629,0.0006474619775313548,0.0009735053250208409,0.00020790852570594238,0.0001697672116448878,0.00020050189330723345,0.00040704237283536814,0.000527361827336647,0.00018810771373394767,0.00021994945226772725,0.0002449344458406927,0.00034637708282285977,0.0004220787057924344,0.00012246722292034634,0.00046590055519313457,0.00032988293602177114,0.00018905179111583232,0.0003682764325653335,0.00035249975523875515,0.0005482133498019065,0.0003141742247826385,0.00035161850585065845,0.00017147554749735367,0.0005286835361770903,0.0004273944914771368,0.00040704237283536814
0.00036735574148391976,0.0002443221097260908,0.00018050057631300383,0.00018857916163804266,0.000448764216050994,0.0008720156014700508,0.0004050097049860221,0.0001616830587094168,0.00038379732168737933,0.0010221805912718834,0.0004273944914771368,0.000385723528558116,0.00034898795440972376,0.0006458433225875252,0.0005537299187034801,0.000497245668754564,0.00016934279361577575,0.0003682764325653331,0.00018004932487222146,0.00018004932487222146,0.0003157510063707028,0.00013136263218334218,0.00023268772354865806,0.0006135511564581494,0.0010273107242008608,0.00012479450057417506,0.0006764401499951098,0.00023268772354865806,0.000497245668754564,0.00023268772354865806,0.0006135511564581489,0.00040806252915826386,0.0008698355624663749,0.000880790532161713,0.0001612788510626434,0.0002782544927247844,0.0003886309801507281,0.0001612788510626434,0.00027004022653936326,0.0001787023280472503,0.00021052698797259522,0.0011892405771030228,9.50003033226336e-05,0.0005260434227683054,0.00018716835083848894,0.00024249427112516952,0.00040602476690328,0.0003691994311431915,0.00011347598072203201,0.0008409505021236079,0.00024310202619064612,0.001630006642369962,0.0002977193497596481,0.0003682764325653331,0.0007949134552759469,0.0002449344458406927,9.002466243611073e-05,0.0005234164934258561,0.000527361827336647,0.0009833015279105855,0.00031654236227639384,0.00022105333737122517,0.0008367510055536274,0.00040704237283536814
0.000794913455275946,0.0008325724802196444,0.0002686917131580827,0.00017190531077428928,0.0004783327232078434,0.0007909438562086621,0.0002546189846814278,0.0009956134754642014,0.000880790532161713,0.00024249427112516968,0.0003348747674768174,8.320673502646077e-05,5.0068977811709175e-05,0.0002693651259730151,0.0002449344458406927,0.0007589578281665554,0.0002443221097260907,0.0003896049926323085,0.000794913455275946,0.0005009937359698146,6.422282597150125e-05,0.0009613972006207302,0.0002680199838751875,0.0003682764325653331,9.680561969837553e-05,0.0011354486951693737,0.00027275759107716447,0.0005799628736020567,0.00011290931004330116,0.0003682764325653331,0.0002686917131580827,0.00022105333737122517,0.00010807236259241136,0.0004050097049860221,0.0004273944914771368,0.0001539838654375399,0.00045101647959597583,0.0001697672116448878,0.0005047700548295404,0.00013897043855737974,0.000715615869903075,0.000552345593906721,0.0005565089854495688,0.0004997412516298902,0.0008190936702005457,0.0001795992015600407,0.000453280046829833,0.0003157510063707028,0.0004972456687545633,0.00032988293602177114,0.0004771368913998242,0.0013210206425793244,0.00022160735576062655,0.00028425287004143503,0.00033153855668923755,0.00040806252915826386,0.00038475921973672077,0.00023036955756891093,0.00031417422478263897,0.00021939957863705811,0.0005234164934258561,0.000428465655616177,0.0007570604335961386,0.00018952560512865417
0.0001995006369775307,0.0010350542399058795,0.0001462846721656629,0.0006781354887169018,0.0002842528700414354,9.777975663122928e-05,0.0002999634560521677,0.0004039971807235572,0.00029921354741203687,0.00023152573922918657,0.000384759219736721,0.0003307097102975147,0.00043061604448834127,0.00025782573246388706,0.00023268772354865806,0.0002391663616039217,0.00011885190530873807,0.0002443221097260907,0.00027071701908708105,0.0007174093933865413,0.0008304910490190958,0.0006150888786547858,0.000428465655616177,0.00018905179111583238,0.0006621657356287346,0.00017959920156004091,0.00022979363367498862,0.00039945148850871335,0.0002455483166322732,0.0005828735986352414,0.00016087565393498696,0.0002449344458406927,0.00038669025419359973,0.00034898795440972376,0.0003655212587498845,0.00017061924148203866,0.0003886309801507279,0.0006426181424953543,9.52383993209359e-05,0.0004771368913998242,0.0004090852422639241,0.0005579037448115976,0.00013136263218334218,0.000681538923717215,0.0003075444393273929,0.00034811548452369967,0.0004498889383969861,0.00022105333737122517,0.00010753267623171545,0.0002856794819544455,0.000188579161638043,0.0004759440491713239,0.0001396679051587664,0.00010753267623171555,0.000577066684002007,0.00016208827940793688,0.0003847592197367205,0.0003847592197367205,0.00045101647959597583,0.00018413821628266675,0.000428465655616177,0.000552345593906721,0.00025525712750017833,0.00035960370595816644
0.000209475668826407,0.0014600754470613614,0.00017736540846332303,0.00021830395199123946,0.0009735053250208409,0.00044876421605099344,0.00013169186183793692,0.00023210600423978654,0.00016891943663173626,0.0003886309801507279,0.00041732956401987174,0.0002100006705026639,0.0006458433225875252,0.00038669025419359973,0.00036735574148391976,0.00036735574148391976,8.736707177778374e-05,0.00010038166393121654,0.0001616830587094168,0.00014446523372717933,0.00023976577604403168,0.000385723528558116,0.000112627036768193,0.00010699568492978336,0.00018857916163804266,0.00034811548452369967,0.0002455483166322732,5.506304541731578e-05,0.000539338130205452,0.00011290931004330116,0.00012605028440578668,0.0007551677825121495,0.0009638067174142662,0.0008742011042306272,0.0006059200182021071,0.00011206460550333179,0.000715615869903075,0.00036643735213020965,0.00025112467968411756,0.0011382944312474913,0.00044260552743347786,0.0002303695575689112,0.0004050097049860221,0.0004997412516298902,0.0006458433225875252,0.00031654236227639384,0.00036735574148391976,0.0003905814462479282,0.0005162333021530577,0.00011605300211989307,7.884878227944982e-05,0.00025461898468142816,0.0006120172785670038,0.000796905719574884,0.00016249451569717987,0.00012605028440578668,0.00023327090080065932,0.0001586678507651095,0.0006104872353705867,0.00044876421605099376,0.00021994945226772752,0.0002565382152123951,0.0006638252988759244,0.0002842528700414354
0.00040806252915826386,0.0002498706258149451,0.0004414990136148942,0.0003455111401158023,0.00012479450057417506,6.116459616333444e-05,0.0010895307788482942,0.0002094756688264072,0.00034637708282285977,0.0003323694803902131,0.000284965283249559,5.492538780377254e-05,0.0007210099367582284,0.0003691994311431915,0.00042632600524844375,0.00013202191662951075,0.00021994945226772725,0.000745775265369608,0.00028283338227166584,0.0004759440491713239,0.00022105333737122517,0.00036460745560301026,0.000715615869903075,0.0001749313054685334,0.0004735673035757742,0.00011404549541475932,0.00028142098306894667,0.00017870232804725018,0.0004712024268535437,0.00042419703975973464,0.000161683058709417,0.00013931873539586943,0.0002977193497596481,0.0005537299187034799,0.00022720804352372562,0.0001620882794079367,0.00018905179111583232,0.0004723833853168358,0.00031182380395451177,0.0007138268302283176,0.0003896049926323082,0.0002443221097260907,0.0005677243475846863,0.0001323527986260761,0.00024371130445177534,0.00015906551455148826,0.00018952560512865417,0.00011974777018549735,0.00025525712750017833,0.00030146891645370827,0.00010753267623171545,5.244099563553886e-05,0.00013169186183793692,0.0001539838654375399,0.00033153855668923755,0.0002914367993176207,0.00012605028440578663,0.000257181168132727,0.0003756983316991145,0.00011855477554546631,0.00015436978991232087,0.000794913455275946,0.00040602476690328,0.000665489021429499
0.00017019269337833348,0.00024493444584069236,0.00024493444584069274,0.00027139550785672327,0.00038765940270035066,0.0004771368913998234,0.0003507394595860319,0.00025461898468142783,0.00025461898468142816,0.0001379307637925093,0.0005537299187034794,0.00033320248660673033,0.00024128331535873821,0.0006815389237172142,0.00030677557822907445,8.736707177778374e-05,9.632219663500662e-05,0.000329882936021771,0.00033320248660673033,0.0004997412516298902,0.00018763744444961274,0.0007495181717397332,9.127732158624823e-05,0.0004747541890483956,0.0001072638445411361,0.00036643735213020965,0.0003682764325653335,0.0003181310291029765,0.0002584719122444981,0.00043061604448834127,0.0003682764325653331,0.00014319773531551143,0.00011855477554546623,0.000209475668826407,0.0005260434227683054,0.000350739459586032,0.0002455483166322732,0.0013144237957454473,0.00017825557222713215,0.0010840899345214217,0.0001251072687460403,0.0005286835361770903,0.00018004932487222146,7.295948024262443e-05,0.00010164590068329419,0.0001900006066452672,0.000796905719574884,0.0003664373521302102,0.00013136263218334218,0.0007929261716377563,0.0001131922907702268,0.00031733570153021925,0.0007589578281665562,0.0002443221097260907,0.000447642305510866,0.0003126053172476309,0.000257181168132727,0.0006089610172821596,0.0005247283142113856,0.0002800156370347462,0.00031496162885477565,0.0001620882794079367,0.0008367510055536274,0.00027004022653936326
0.0013078598919154423,0.00044540689174772126,0.0005843344347220465,0.0003118238039545116,0.0004783327232078434,0.00023678365178788743,0.0004498889383969855,6.470691559484063e-05,0.00047002442078640955,0.000397456727637973,0.0004916507639552927,0.00014283974097722277,0.00012542082079803523,0.0002713955078567232,0.00043169528269507867,0.0003463770828228593,0.0005843344347220465,0.00032988293602177114,0.00022105333737122517,0.0003323694803902131,0.00017915020355614052,0.0002984655135435066,0.0002084295997052052,0.0002309469248811138,0.0002100006705026639,0.0001782555722271321,0.0002656684499102844,0.0007869940803267193,0.0001455541630840355,0.0005523455939067201,0.0008325724802196444,0.00018952560512865417,0.00013535850954354053,0.00032988293602177076,0.00029549203222239403,0.0006150888786547866,0.00023210600423978614,0.0006150888786547858,0.00029363354990084086,0.00019900188538508664,0.0002449344458406927,0.0003007152441625742,0.00024371130445177534,0.00047356730357577486,0.00022550823979798791,0.00037947891408327797,0.00025398243721972444,0.00024188803544735645,0.00016249451569717987,0.0006832470413205162,0.00018952560512865417,0.0004904216370454048,0.0005509647299219539,0.00040399718072355707,0.0012362623282511796,0.00033153855668923755,0.00014482730198213487,0.00045101647959597583,0.0003007152441625742,0.0013940331276394414,0.000194315490075364,0.00025525712750017817,0.00018857916163804266,0.0001539838654375399
0.0001323527986260761,0.0001697672116448878,0.00012246722292034618,0.0007929261716377563,0.0003463770828228598,0.0002338555396497839,0.0002856794819544455,0.00018905179111583232,0.0004747541890483956,0.00018857916163804266,0.0006798350764079218,7.116102600720346e-05,0.00021939957863705811,0.0008346591280397435,0.00025175406484623334,0.0004080625291582641,0.0004498889383969861,0.0003701247430006931,0.0004972456687545633,0.00017104685862861038,0.0005286835361770904,0.0003682764325653331,0.0002835422378663317,0.0002999634560521677,0.0006458433225875252,0.0006006038418401229,0.0006764401499951098,0.00029996345605216737,0.0001524497915601417,0.00021994945226772725,0.00038669025419360044,0.00027071701908708105,0.0002856794819544455,0.00020895197965434088,9.476280256432697e-05,9.127732158624816e-05,0.0006458433225875252,6.65085262660792e-05,0.0007174093933865413,0.00032988293602177114,0.00034898795440972376,0.00038669025419359973,0.00023268772354865806,0.0005537299187034794,0.00015206866708124148,7.490634316547733e-05,0.0002455483166322732,0.0005022493593682358,0.00035073945958603153,0.0002680199838751872,0.0001323527986260761,0.0006781354887169018,0.0002713955078567232,0.00021939957863705811,0.00040704237283536814,0.000209475668826407,0.000209475668826407,0.00010619522179009476,0.00022050070402779705,0.00010753267623171548,0.0006166304547917659,0.00042953950437711987,0.00045214684671275775,0.0005828735986352414
0.00027207569709947145,0.00018905179111583232,0.000209475668826407,0.00036735574148391976,5.8397991324343696e-05,0.00027071701908708105,0.000552345593906721,0.0001850623715003464,0.00012479450057417506,0.00023327090080065954,0.0007392320373559925,0.0001462846721656629,0.0009133273405896954,0.00025782573246388706,0.00011234546917627248,0.00014591896048524866,0.00035960370595816585,0.0001791502035561407,0.0003886309801507279,0.00011347598072203201,0.0004273944914771362,0.00044876421605099344,0.0010247424473903588,0.0006150888786547858,0.001075979569759877,0.00023268772354865806,0.0004090852422639243,0.00020505525928016236,0.0003655212587498841,0.0001693427936157755,0.0007889664965681402,0.0003481154845236992,0.0007889664965681402,0.0003323694803902131,0.0004759440491713239,0.0008698355624663752,0.0006507114679243011,0.00012542082079803534,0.00033153855668923755,0.0003682764325653331,0.0004723833853168358,0.00034811548452369967,0.0003323694803902131,0.000498491898500815,0.0003348747674768174,0.0003896049926323085,0.0002326877235486581,0.000830491049019095,0.0002183039519912392,0.0001393187353958696,0.0004759440491713239,0.00034898795440972376,0.00021939957863705811,0.00020454262113196216,0.000630634033932128,0.0002584719122444981,0.000257181168132727,0.0010759795697598772,0.0003307097102975142,0.000830491049019095,0.0004759440491713239,0.0005247283142113849,0.00034898795440972376,0.0005509647299219539
0.0003007152441625742,0.0004723833853168352,0.0004723833853168358,0.00040399718072355625,0.00034898795440972447,0.0004997412516298902,0.00040806252915826386,0.0001782555722271321,0.00045214684671275775,0.00019800811971994493,0.00030146891645370827,0.0003876594027003505,4.379301843497938e-05,0.00023210600423978614,0.00034551114011580205,0.000209475668826407,9.656360564912948e-05,0.000298465513543507,0.0005705736497481164,0.00031338878922068257,0.00018552618696776588,0.0004090852422639241,0.00017536972979301582,0.0009225179836228748,0.00020738875439167722,0.00025525712750017833,0.00015827118113819687,0.0002636809136683238,0.0007889664965681404,0.00027071701908708105,0.000788966496568141,0.00010215604242012968,0.0002835422378663317,0.0006322145703580238,0.000572003658895354,0.0003181310291029765,0.00032454234462724534,0.0005420449672607106,0.00035602113157637337,0.000788966496568141,0.0004284656556161778,0.00029996345605216737,0.0006849594399203167,0.0005799628736020574,0.0005579037448115976,0.0001323527986260761,0.00018857916163804266,0.0010273107242008608,0.00041732956401987174,0.0006474619775313535,0.00010753267623171545,0.0003110442444446256,0.00018050057631300385,0.0004879725939954089,0.00023268772354865806,0.0005136553621004309,0.0001795992015600407,0.00010526349398629761,0.0003994514885087138,0.0002511246796841179,0.000428465655616177,0.00023152573922918657,0.00038765940270035087,0.00027139550785672327
0.0003157510063707025,0.0005035081296924668,0.0002693651259730151,0.00047356730357577486,0.00015321490850951123,0.000209475668826407,0.0001323527986260761,0.00031654236227639384,0.000751396663398229,0.00040602476690328,0.000428465655616177,0.0006150888786547858,0.000715615869903075,0.00028283338227166573,0.0006832470413205162,0.00020842959970520544,0.00023797202458566196,0.00047002442078640955,0.00033153855668923755,0.00028425287004143503,0.00031338878922068224,0.00022720804352372562,0.0003165423622763939,0.00012004788991027297,0.0002835422378663317,0.0010273107242008619,0.00017780993329656426,0.0002565382152123951,0.00032988293602177076,0.0001612788510626434,0.0005565089854495688,8.714865409833936e-05,0.0003498626109370668,0.00024371130445177534,0.0004688493597344437,0.00021000067050266392,0.000284965283249559,0.00040602476690328,0.0004050097049860221,0.00022105333737122517,0.00011234546917627248,0.00018413821628266656,0.000284965283249559,0.00021052698797259522,0.00016849713804015682,0.00034986261093706644,0.0004050097049860219,0.0004090852422639241,0.0004972456687545633,0.000552345593906721,0.0010759795697598772,0.0002309469248811138,0.00042953950437711987,0.00027071701908708105,0.000257181168132727,0.0004997412516298902,0.00023268772354865806,0.0007850265951259038,0.0002686917131580827,0.0005523455939067201,0.0005110902956359416,0.00028425287004143503,0.00021939957863705836,0.00023152573922918657
