-0.9042861666711898,-0.14055797420844912,-0.8173229532447603,-0.8423065956184728,0.2932011749831184,0.3047556886222863,0.8591694326412835,-0.9094674963848715,-0.24336252968793096,-0.8079992163716607,-0.2791757007490762,-0.5616557969603556,-0.38383368223881315,0.4510517553420897,-0.23892858687466753,0.9436496515437334,-0.8641141915395226,-0.7064786970946773,0.8065098247746556,-0.06337208670047878,0.909217847335846,-0.27196754273688284,-0.2368898058705859,0.3124014184360251,-0.7087886970374482,0.3508765571071081,0.6181145073211008,0.25444517402125333,-0.38388574273899195,0.4309631136799963,-0.3323086685252578,0.6661970994642339,0.8050868403777096,0.918857732340079,0.7235800218158075,0.5840038554176764,-0.9344309431902286,0.8106832913677708,0.08640709723894968,0.23362461774550594,0.2239190690898302,0.3439240330737466,-0.9105631139980042,0.13239884896025716,-0.45432651430661636,-0.6253502068214439,0.7605760270398427,0.3203358792306487,0.36671242053785225,-0.7981154739861418,0.7172254293529157,-0.7183888169246349,0.14576525708431742,-0.9555560492241019,0.8025329665768909,0.9404725007575423,0.3207726689317975,0.029820005851697973,0.01085767380094961,-0.3328221900020984,-0.9801663860973314,-0.1448424609228015,0.40142180915598336,-0.7652643102366237
0.5272106164161773,-0.8965919540951677,-0.9007296897763541,1.1246302927755196,0.8622052236053602,-0.102012127683489,-0.21441776609522598,0.7289621283481136,0.18352067183494308,0.07580301070003184,0.2461123909370202,-0.11492112195537173,-0.5985925267025165,0.6978426060445694,-0.27119698185471064,0.7863460640205624,0.36734185877122305,0.28602652471040424,-0.4693982080554199,0.46155169323908113,0.36987172098874105,0.08764614334192208,0.19982342126691477,1.0883362402080499,-0.32235348994699187,1.1742799782883548,0.30275772845254534,-0.33996694231874014,0.9809333726993534,-0.3979238859581259,0.9719767279311047,0.5527021236670525,-0.2655868778920439,-0.36222289949821485,-0.21348478822264022,0.3248044836748062,-0.9015837835318006,-0.8002494618116801,0.7000713092330975,0.9584931258431513,0.06969256752475163,-0.8122494937624092,-0.7321652430328315,-0.7116676338157933,-0.14050740437337178,-0.24909361494362967,-0.18984740306652734,0.5640067238761526,-0.18728451922026693,-0.36524121893445216,0.30866128454957925,0.6246289890654472,0.7090047218433865,0.2258191504087797,0.3778722711464257,-0.17050250106388087,0.9896291947532287,1.0142222406377992,0.40282223573568676,1.032813737254192,-0.36626612363191235,-0.2194854634421071,0.17485995039781016,-0.7680347470883528
0.5294391757016064,0.18263809754136148,0.13348370614085112,0.2235665709822814,-0.31022914066623747,-0.517390732912915,0.14083493867590108,0.7388299514490008,0.5710991270414295,-0.4437955184964086,-0.46846374843628036,0.9175007886223255,-0.8943927344920467,-0.6137669191077846,-0.8764494135734258,-0.5087007128261266,-0.36753953497682457,0.6644021611137023,-0.18159154952714873,-1.0308747969714445,-0.07471988064023849,-0.9686607728256516,-0.09095830119682832,-0.1211349351768536,1.0143091062079201,0.20378343939983615,0.17564774953300538,-1.0192989359777338,0.8984044714732137,0.5201798898895764,0.5299117631773825,-1.1150937298724979,-0.9095206955823653,0.23945922333388897,-0.9036386121941142,-1.0895772844904925,0.4638281817931151,0.8868609265412053,0.25548060270530154,-1.1252946197385298,0.5731602446861342,0.6869407054905897,0.65977592738913,0.8004654670297379,-0.7037862991690241,0.6382036896337314,0.13733463550966973,-0.12350848988623492,-0.9947523240315024,0.9210157835574228,-0.44958714221314294,0.5857714698707747,0.5733259353035041,-0.11107426390622666,-0.0454024770986363,0.5279027193965538,-0.6093045742073977,0.7669192548902506,-0.2092962922505882,0.1351687615013361,0.41676979403312564,-0.8641317299582816,0.5574737908166905,0.6666433422715327
0.3709413119046885,0.7527251984736074,-0.5340982013205018,-0.9739205305903712,-0.5632226442559432,0.6038483495798768,-0.32305641625030324,-0.9975854879879962,0.7794498078227767,-0.14560626276519126,0.7052714284094846,0.666901696375912,-0.3628664824685772,-0.2805587980796039,-0.9470561998324383,-0.5161809294084369,0.7887164478960607,-0.36878664097169833,0.6835705769006141,-0.6123642438114111,-0.959676241335832,0.27516355126399916,-0.5928619594141636,0.8480840707189997,0.8008355478536426,0.1419223378355754,-0.726899791901738,-0.5857442555214915,0.616482995388264,0.05552477109309491,-0.5302006321044372,-0.8761995144565544,0.9956683387412721,-0.9800502116759974,0.6746772945842738,0.8707894883457856,0.4603185738301551,0.0459321960217937,-0.049166170517537855,-0.771712630485068,0.6788853476960924,-0.8056147492200645,0.6819530203921524,-0.38471067707711837,-0.32941429124179666,-0.8989519560230725,-0.9044065157413473,0.7229292456211271,-0.8607002163906116,-0.030416100121230027,0.7430251852188112,0.3585942384598038,0.751288313395614,0.25100017664207064,-0.8951610997184853,0.2693356636250819,-0.09009821636730536,0.7994124162179712,0.16218853169057074,0.055616905216915896,0.5362170459281158,-0.12573275025663871,0.03395356692935507,-0.21007004486997619
0.024388204516908082,0.012326092512227077,0.0190144031583728,0.9913394978350092,-0.14210658028913184,-0.778295415969186,0.6474675366791224,-0.6308561450783079,0.4330411171528232,0.603587764393755,0.3737569220097683,-0.8115428646293932,-0.2518924625261017,0.14157478075723307,-0.7454804369246318,0.9528452826683699,0.04546083169230924,0.7004689732766162,-0.6095816394741813,0.9668701191269404,0.3933911535591548,-0.4444616389194427,0.9345036203193342,0.4292259435858964,0.28513484413961465,-0.06834955315728129,0.5083322759870469,-0.9162632562352535,-0.16608237252709795,0.20276139381038877,0.7062285897310352,0.4926202710804043,-0.6918544873170142,-0.10428346424100274,0.8411558654232043,-0.011573024603612689,0.508970686523686,0.4748851312778891,0.8139251411550702,-0.740609411100761,0.7211577396812592,0.15027816191873195,0.5105478090806591,0.3633076137471616,0.6501423931761299,-0.5495186803826421,-0.34479741837642713,0.10687024059110142,-0.9268023679674611,-0.7327289229719133,-0.4180439096386206,0.23890785284073712,0.6355019980895303,0.5662282399112404,0.7057792158109257,-0.9740518049341879,0.07904399341590038,-0.4418519667974562,0.6976694237283498,0.8429975091827694,-0.25929649812060107,-1.1562623699016958,-0.7287025425646305,-0.20117289159223792
-0.8188961405630621,-0.9720368971162741,-0.35678421670394445,-0.33703387751027164,0.21507611476783667,0.055193162548741084,0.9010767231175049,-0.793561339552498,0.28796543408595593,0.10972789537725537,0.736864790106429,-0.8462955788989869,-0.09633498470110635,0.32277960418172447,-0.5454697602074112,0.235042435212947,0.03843607527139928,0.8746712182535668,-0.3520395220249089,0.3318955487895256,-0.5070566942391368,-0.9721246671409125,1.095935839528409,0.871278254973789,-0.5759312893742721,-0.9573377395755782,-0.004810265069862818,0.4769757622753136,-0.44684806793975845,-0.30801756252152923,0.18777907265197877,0.5131215601301925,0.40641232638378993,-0.5797450300242342,1.1915327931963837,-0.46020360124517723,-0.211379946607124,0.24006169450923492,0.012507491592984032,-0.6148119483772571,0.6732311497247677,0.5462303298558792,-0.6952620901136396,-0.5408756340620644,-0.8410306885702499,-0.5092570432121643,-0.29052762492616624,-0.1310119254230904,0.4631032672066634,-0.15176202876618922,-0.8994246270924702,0.0507449146063282,-0.9322304268058252,-0.1493073886117493,-0.4238319456999454,0.5651758519834629,0.049408865131188154,-0.7993819732798003,0.030690714667790782,0.2600274800009127,0.7338301254648854,-0.04240697576551768,-0.3809103408353209,0.41284645329441616
0.3176091859630554,0.016325410711228366,-0.3558171859359929,0.21992313300428734,1.0278615559662587,-0.017454742976851317,-0.531542719687754,0.856924069166247,-0.4735027862565796,-0.910589073602607,0.1464397798539054,0.14695817113447204,0.019990157720147228,0.1179503450020238,-0.28207106702173446,-0.9070002750568156,-0.03133090412807668,0.8764150922608773,0.44716620911725685,0.6705624086229346,0.6537674395154569,1.1082390290523219,0.4557205983077233,-0.651654859310967,-0.20051512488328865,-0.3802258911787778,-0.23550389369004127,0.6544538487015722,0.5669720308658965,0.7272571411099211,-0.28134146991887005,0.17428750088216932,0.6899004783015859,-0.6184253089984503,0.7511599513853848,-0.29238543586200133,0.488125292489909,-0.5554324227192672,-0.9214425180341375,-0.03285007818666909,-0.0241832063887564,1.0199806398171822,-0.3884942670250144,-1.1004854516342226,1.0687224700411815,0.07994929624169275,0.17439179267271387,0.6329786184596211,0.26712066191243844,0.6737372817359215,-0.912994904310592,0.9584079767599016,-0.5717325653530889,-0.9775777182268844,-0.5194359273625384,0.13508669488507685,0.5692944476071402,0.7052690242441054,-0.014680398824123683,-0.4423217926937212,-0.10485359592433663,-1.1062224217744825,-0.01738426699924356,1.1321154983369388
-0.5132537877462877,-0.13537952185992078,-0.37392045231677135,-0.2612759756025512,-0.20250555766567208,0.1902478382376285,-0.5637454322091217,-0.3006356852919558,-0.4688359327189149,0.8097675915369633,0.2042598356140879,-0.6662239576646208,0.2752794581555231,1.0516479835858181,0.5538540517553676,-0.710709758255381,-0.9483489994444101,0.8476381928432468,-0.7564928078836377,0.048500047244871405,0.07784543980109287,-0.7083479590088615,-0.4360701482024064,-0.14852362244067696,-0.8632603197604315,-0.4113363737717025,0.46047451575856446,-0.5263768948651925,0.5649089167090963,0.10367664262127003,0.9546271119452799,1.025155143263974,-0.7519756304669394,-0.3571452895539559,-0.5748371949703333,0.7619680896557082,0.8681094651654936,-0.12237702667975489,-0.41062901867381674,0.0705500866033764,-0.9331077913406941,-0.35424647146498695,-0.3120509910076133,0.029976043810645003,-0.2740134073882281,-0.8439695669349874,-0.900659877800205,0.28587066949200934,-0.8245580762957172,0.404701305185317,-0.5194949672235452,-0.16276255529666778,-0.1165396139508256,-0.1549847956404995,0.5105868594770961,-0.853957389073338,-0.8665814116638917,0.3907394992188931,0.11184845633054596,-0.4809557744296305,0.03594865286971691,0.7466533810218516,0.3725206269274061,-0.17556501239451205
0.0513750646448429,0.0058769197418934785,-0.6831695000795299,0.4153011754080941,-0.49916425712002793,-0.6384141467643614,-0.8914732053052705,-0.0857923938292263,-0.7309556376961754,-0.9927932193850957,-0.1615606201870566,0.3098802328791753,-0.9579924716615656,-0.7541968464598704,-0.18257104525954426,0.5342808656262686,-0.7116843324684612,0.17372647039621114,0.8327710491109579,-0.2040416885457323,-0.6275170376402275,0.5985028388572374,-0.6443110534555853,0.4950326513868192,-0.24821936348211956,0.5617300267219743,-0.39776591440783376,-0.2521671440127433,0.6035768260686752,0.06652241059884553,-0.48709466186083916,0.3323565386422387,-0.5997310776709575,-0.9263553038744877,-0.2424425259243015,0.2812018023552894,0.9752354830895009,-0.11260974018708148,-0.321222842194369,0.6600452243021132,-0.8510217833747649,-0.021745666619223947,-0.12520839557031122,0.5059054126517168,-0.17641379984127165,0.05353777795373321,-0.9383352879301855,-0.9558140636651262,-0.4822473470472548,-0.6473455720817907,0.9509215547442567,-0.3324417382143584,-0.3520608042293119,-0.908954679639947,-0.5108653132530542,0.4345862443012127,-0.22490408233245124,0.5090794784979892,0.004117890849118427,-1.0458360969587368,0.13632505598832495,-0.15775047214144167,0.23294034236202327,0.5285828268194619
-0.28972478650791555,-0.45456928681899433,0.8568931230749589,0.270454139215155,0.9559136209597613,0.19793484155971927,1.110064868576282,0.9083741640173666,-0.5295213754219652,0.8956225197632166,0.10180755783038861,0.2772084664447146,-0.9313280387942917,-0.794514658104474,0.3028912642240076,-0.12071721178176678,0.881858704430422,-0.8963772149016754,1.0654066528515989,0.029457847264835413,0.9679639572758925,1.4528174975922101,0.5904696980044979,0.61292535942757,0.30242278000310796,-0.6943493579459583,0.5635720705607375,0.2395961241317078,-0.5795350215611349,0.6094278381774176,0.6457204506974746,0.49553030974661866,0.11004415654030887,0.43987893994596633,-0.6065552894299682,0.6579745031829619,-1.130328923907567,-0.5701563784138334,-0.6415279045188862,0.026157095830668747,-0.10355640106675575,0.4546289728837566,0.7161245164496115,0.08186911177354132,-0.05191071994818906,-0.4139567837282369,0.039573083001498054,0.17939467743985757,-0.065211921047792,-0.2843382109057557,-0.8965029731198746,-0.23978495346199324,0.33909405438313667,-0.501673523727482,-0.7509606136106656,-1.0989711755669878,-0.6953796225019075,-0.3299533070786616,0.2852323189785314,0.26745867962802233,0.029433600568159454,0.2597901186234359,0.03733518418142498,0.31860739959075846
1.026331452232301,-0.4720279191093186,0.8825730550217298,-0.38261742357617096,1.166206667372773,-0.03602098255712731,0.9022589016346321,-1.041225344293713,0.7718299742850108,-0.15784019276295608,-0.90691193312032,0.253307429455651,-1.0095391243466567,-0.574544643561833,0.606109537577903,-0.800676214505929,0.5651484500641244,-1.0183458502824854,-0.2861671756846893,-0.5825909992332047,-0.3809318920628525,-0.8685985351488826,0.1923328544206043,0.3653390630447712,-0.5465322876855335,0.7057276893252568,-0.290344296132983,-0.5651249259351849,0.7205297140114124,0.16918181097041762,0.09626139184248081,0.30467964435627387,0.027429502614938886,0.35919275804169093,-0.7781293527650069,-0.18501873998144844,-0.6018650973896889,-0.5387216179530393,-0.28358203369246193,-0.0074307999947361425,0.33798959242647636,0.3509199870081249,-0.12233340196402438,-0.5345324728084958,0.6010628035304267,0.856433876716321,0.2985559458339023,-0.017374908075759483,-0.5455515681958097,-0.9039160878405026,-0.6337508401002652,1.028944377543897,0.317684156872325,-0.579304534654693,0.6258023349879389,-0.43018763196208043,0.6851684696966538,0.4244902799375999,-0.3811989851909505,-0.43161219878891466,-1.0954378358545267,-0.43391360401104084,0.6576066262967117,-0.1431518081301416
-1.0817247118095767,0.5619882257236974,0.42875036185329995,-0.4638213259156445,-0.8849867251449295,-0.21923251250928522,0.9638674061779249,0.7397498089688647,-0.5693230686404255,-0.7948831437411275,-0.37773089248090785,0.7574775367311494,-0.18667907917223525,0.06877543207142402,0.23424983349301184,-0.07877399475093927,0.07305783020940614,0.4369897590938294,-1.0959198958937115,0.8742846466841323,-0.7742137761283344,0.29006157562232354,0.9391907524857606,-0.38971065743879285,-0.44301320988129045,-0.5157432549673726,0.21612265815437187,0.7799108557839667,0.587914666979614,-1.0304705422986318,-0.7767904178900231,-1.0315470538913802,-0.6164841759956358,1.156894018659764,0.25449903248269545,-0.20097694051684623,0.7464888581966035,0.45859929181651493,-0.7510548557309276,-0.46283215050467674,0.8998610869165308,0.5344128910674307,-0.68387628847415,0.4384031494840007,-0.31655245204348875,-0.16613232500725011,0.5294046642707901,-0.5511624579103798,-0.13684562103421594,0.12927820289796055,-0.25437943448258776,-0.6778811857055049,-0.7508771785320144,-1.038362284083031,-0.5238098002981373,0.8780269072759419,-0.439125911624654,-1.1706914070684136,1.0937213256303622,-0.6514277527123421,-0.4265454195845241,-0.81642437624545,0.49086875309895306,0.8634040050106373
-0.5367462500083667,-0.017743401807785192,-0.7676150562292927,0.7488644213634352,0.3698686011205077,-0.05738796935909947,-0.6452745969957175,-0.8029861090756838,-0.716013306511264,0.001513503637772834,0.610482249952616,-0.6456900168399182,-0.6639044826702166,-0.4049823618203961,0.6067744983829432,-0.4611433198560065,0.4382947098174216,-0.5360393759978198,-0.34807708947822213,0.5817755642718231,-0.8242205563686463,0.8426308485194808,0.9667245903200551,1.4477490660278711,-0.4344041088121458,0.15285573280195802,0.23924177955377085,0.5083427452901663,-0.29273542083450177,0.6699510816286639,-0.05029592400561601,-0.12236324387932207,-0.6617985143144652,-0.07598562290348462,-0.0835749381316115,-0.644331413841923,0.21367408011786287,0.28388695078663345,-0.547020453686215,0.6746972489087879,-0.7316924696478576,-0.3524710912580094,-0.5831693298064621,-0.46890760677119014,0.3738528130010068,-0.7118389976307277,0.6421888171847403,0.8348335596970877,0.4298942842360613,-0.271221555743302,-0.22093813050510303,-0.7925295913359763,0.17969160407945534,0.37276851943537875,0.6468762371451544,-0.044023217255282125,-0.8011926903157925,0.9526641252125643,-0.6176267166084788,1.0055499599209718,-0.4786016197679291,1.0654648717606658,-0.7153378967760614,-0.32155879470709814
0.3829166848348321,-0.9271518192393305,-0.33532797389484204,-0.3698114526823012,0.9112601919338563,0.8453748145262011,0.6841064907823762,0.8461903184251873,-0.15635061035695913,-0.4919348577106641,0.2665991320350351,-0.5364720841636809,-0.039295386609878635,-0.6914447407627462,-0.6832878298544932,0.811242681798973,-0.3511200360780201,0.29509551655453226,0.7110054945106283,1.2448865835613252,-0.6779918656573495,-0.004946468769825241,0.27810055975452447,-1.0679942532503501,-0.5718408798308625,-0.102618785725831,0.18278176573444616,-1.0752954358893458,-0.9169876644909367,-0.9343554479169853,-0.45939276645882543,0.4172151895415301,-0.5945012313582192,-0.12992422243231047,-1.20489700545415,0.5479645595595342,-0.2785709189014852,-0.5741176477805109,-0.48449623810864745,1.1933566219137348,0.020046601121149865,0.4839762991045614,0.441738601801897,0.6090435113881388,-0.017899166258354998,0.3364397913818007,-0.7969089375738632,0.9849713870284278,-0.185325661832249,0.6406023523637114,-0.4989140803762083,-0.6368190108606876,0.8569923263335085,0.8513071880617833,-0.14963171198924513,-0.7388741307385784,0.22904410768564057,-0.42560065780814893,-0.012349282123183952,-0.7526389315137878,0.4811249898552288,0.7261632844543048,0.7342871194097862,-0.1339726874856913
0.46162219119409065,-0.29504262706233114,-0.38259152108440486,-0.3224619712633863,-0.2563117548345457,0.7473252992144552,0.2590491544108105,-0.49160352423302367,-0.313260969459197,0.7336337666528885,0.6841357954745548,-0.4857290686151111,-0.9041602344313597,0.7103490502458122,0.6943777649113255,-0.0005307413182510656,0.3771572000081221,-0.8118395937623853,-1.0020438896279051,-0.6961462876518824,0.37498618861526944,0.36647428159688816,-0.6130201953191992,1.1749342450333853,-0.1997209920764178,-1.0823054650268618,0.6617202232459479,0.5187499538531871,-0.3292992755297932,-1.0348519625742765,-0.09016055032759566,-0.7837075571310774,0.10491091326343496,0.6513600058470332,0.18043832174479194,-0.24413451536877215,-0.6723927928198485,0.7073516638205875,0.7805103317185151,-0.36761847743573756,-0.5869113435014643,-0.6408290923441197,0.031096718793493502,-0.45590457699709713,0.26736001552464583,-0.9354027899189131,0.0015249710045363574,0.7462277425999495,-0.5824694641291652,0.40415987398999836,0.7738989063312577,-0.42474923735207987,0.09782803805709915,0.40659234853776455,-0.3723580136071327,-0.2062960273673216,-0.33498940410409095,-0.6170499747650794,-0.5500824830958332,-0.7919946060204214,0.5857717696870782,0.5317931573215829,0.2678625955038878,-0.2235517589679721
0.1882150874984101,1.0551383252622013,0.1261183920326736,-0.35207108878679044,-0.34965535449421936,-0.7710169346716925,0.45639710935388456,0.15962778064701133,-0.6651442591797002,0.2745104484182924,-0.11900680947885642,0.8965329970928453,-0.36797784993556826,0.8615388168462437,0.475174807375521,0.3687701942956994,0.9429016807084692,-0.17607987793424346,0.9127740609877604,-0.028454339457509484,0.7380268420676247,0.38908394940585145,0.0330020436698682,0.5460838134800292,-0.010442426989834164,0.9817108888776686,0.6670510488290501,0.20417978458944244,-0.39011009518401357,-0.0613534650194105,0.8851652556151385,-0.2610902410750512,-0.30522051068997325,-0.7463408193626256,0.24494745487859937,-0.7185917729686631,-0.002888074828838738,-0.037115623089259586,-0.8912315419253558,0.41773903823147185,-0.9225765059036773,-0.28266518912886845,-0.3282823381910446,0.6573886365057386,-0.11647928959724271,1.0600011605310924,0.921573768284189,-0.3535131709980268,0.3373654385544732,-1.0365356473145382,1.106980188960164,-0.05292147713369123,-1.3688156345204523,0.8044605459720774,-0.36668054801043715,0.21495956578405512,0.3041942353901917,-0.7743853571182329,0.2872351154541543,-0.8864047521942557,0.4273976456051645,-0.38941867267622554,0.8972207514199086,-0.38925148723757186
0.8778345599488575,-0.38769470999461786,-0.24408688886157234,0.2939628396157133,0.8972845745262003,0.5900133267927703,0.30075805194244043,-0.9871962724456598,-0.32190071750926597,0.14299967598472804,0.7291521272323023,0.40385130543864867,-1.1508345249733518,0.7977597028783581,0.10854915262544715,-0.4315480799041233,0.6378864558269878,0.9499552006948225,0.7209169436306848,-0.782573943467514,-0.6261811256030902,-0.5901307992586404,0.5856977754993772,-0.6961746621903601,0.15498625173969172,1.0700097214017308,-0.11020992722620118,0.4196314945046249,-0.5668134093654678,-0.996051712362953,-0.13445940542079318,0.20098543388143364,-0.7137701246986358,0.32999500685378524,-0.11611067195362015,-0.08890883227941693,-0.1264722284975328,-0.835087884503842,-0.4881166568798614,0.9329740746710313,-0.9452369686442481,-0.2564825421401768,0.7911397060880315,0.44969063497391815,-0.4700432248615758,0.5253101469498875,-0.981531468529263,-1.1053521721982587,-0.6401977144897953,-0.2864088134110965,-0.7182720079314471,-0.664611653263245,-0.802075205304025,-0.1548266123281939,-0.2649813469200137,0.277943651498736,-0.2594176126951703,0.3475338959339107,-0.0964019967475619,0.8512405701164577,0.5392786893781597,0.9784515807636205,-0.6645931137965227,-0.11865673079338544
-0.7728201627192107,-0.07491293360199967,-0.16113530001421422,-0.05478118268337827,-0.32691402030509786,-0.31582985625365134,0.5784071229653328,-0.16477168899564593,-0.7049596007857662,0.9389288472246978,-0.6739702626133044,-0.4828498516775207,0.8853861576762398,0.7297356377184507,-0.440765199520361,0.379225284322527,0.13189026750055188,-0.8619287955236397,-0.19989812900905587,-0.15344023794213335,-0.2312914423476396,0.8046380655366141,-0.3945450303218387,0.3362665346031612,0.5314041490217928,0.165173131633815,0.6272597242215189,-0.5376809080634235,-0.6848527193996627,0.8912453386554424,-0.2016478572755895,0.8948722745143626,-0.596648770279131,-0.5914022371638696,0.9871660081445978,-0.8451837514194254,0.4048960990634879,-0.30452827261594884,0.2575589144823578,-0.49821514465158934,-0.5259519368724334,0.8036310631959227,-0.43829771806077317,-0.7052884334815906,0.8404724113850879,-0.6048315352028344,-0.4116781004051724,0.7671649960313236,0.8780992162427106,0.7921014398595584,-0.2521293803538168,0.8335497692519365,0.29241547835736037,-0.5901420402041201,0.6166383763355854,-0.1195065014169012,-0.26742286393608394,-0.36855944986496714,0.3808955752795202,0.9882013876679019,1.0260825123049224,-0.48501099812614906,0.6493233008499066,0.5225535725936129
-0.054023457664734695,0.29296839732592506,0.354796004082011,-0.6062889211258964,0.14467792556000572,0.3025941951589135,-0.6604189854926664,-0.14418334520157894,-0.4381360576961641,0.49703997154239865,-0.4944903135651572,-0.4716106919383255,0.7851415544328377,0.1090648934359478,0.7670762952589422,-0.3566224052167565,-0.7703639576793044,-0.30508676868724094,-0.08215796938075696,-0.5840160478611783,0.5234745350614162,-0.8627760507676325,-0.07023634234483238,0.6252583211051841,-0.2357916500945379,0.6074593923890338,-0.384881152611871,-0.4867634300031368,0.10073170480334798,0.7227305942308144,0.5557597488289542,0.17694647105509523,0.24234525987272892,-0.18116113214925386,0.7291710911792105,0.2973880326508513,-0.2471964289651474,0.5203077855780884,0.42982957594172405,0.08934027037799636,-0.4124737199712391,-1.0339561375689605,0.43304765456063343,0.5719972307320565,1.2564038458059434,-0.6223003073208037,-0.44598882437222026,-0.34044686204728425,-0.40202555952383373,-0.8888002250190541,0.5599556448483893,-0.45094592165771874,0.5749632670395022,-0.3650001253745132,0.33467172054727024,-0.07794699898740601,-0.4359605497794848,-0.14929307376713574,-0.49019591755968805,0.8218043090121159,-0.41949913819396856,0.08972609573560755,0.7526365332551339,-0.2745108505336823
-0.8386980264735844,-0.24375013876425264,-0.15434177186541176,-0.13172490011187613,-0.152437974308339,0.3292578991953762,0.11683112671576261,-0.46196718793114727,-0.3538542092675765,-0.8358274647109294,0.6240907271370315,0.4804968337160162,1.0333825940602641,-0.2325414731463458,-0.6286954428151588,-0.9984159656910451,-0.5267140587538947,0.08197255370029485,0.25701104013107173,0.22627167549710425,-0.35869295735476575,-0.9463925464532095,-0.36414225695931524,-0.6893839473090065,-0.11631931617134066,0.7358977207818749,-0.303561828692806,-0.73659209134136,0.028457182097865658,0.2809610709468005,0.3554307408608238,0.19651767216473576,-0.273086106436312,-0.3036743378024591,0.6340013285293052,-0.42340566109802047,-0.49611867316578706,0.07895108208589452,-0.6917323796363266,0.8476552173398257,0.41954335188637665,0.23064549811398122,-1.0258568501272711,-0.6999070415500896,0.5453514896443683,0.2111344479928555,0.47078066792342604,0.8387053567165409,-0.32766764338971877,0.0011475277388783636,0.6891592664909264,0.9639199540701994,0.6471176757254916,-0.9361552107304352,0.8299860701257251,-0.4550317631906737,0.7559266906406484,-0.21319804989313365,0.7775935379371173,-0.045152020997202905,0.03364691041143751,-0.10262427918637498,0.8886945836232213,-0.2726408744713984
0.4664403437039551,0.08816034375387688,-0.6297023252629926,0.17515381408165004,-0.9045727862193704,-0.29348419475503973,0.43708296538726166,-0.42274729978983894,-0.6128404746487666,-0.45040505126409974,0.4206567944229173,-0.8476646720857807,-0.5623849294461445,0.9350763730722975,-0.22728848176816277,0.35769910708043107,-0.7099763300464711,0.9663900844063327,-0.5311262849055547,0.9208968102504793,0.5077488539422503,-0.2756032277707341,-0.2591774115176343,-1.0694443792323385,-0.4514715543747707,0.6457949104013322,-0.27842594474906074,-0.6905642658614206,0.32551569513680656,-0.30791562831220093,0.24140418560411023,-0.7745046120564664,-0.7119893387631612,0.11889294697871666,0.7755534245990877,-0.4821366057649986,-1.1285029963030293,-0.5138426297687853,-0.615683522797899,0.13366965907891354,-0.9418242858506876,0.6602676561519467,0.1390845976870413,-0.6257684042582585,-0.6933908561848454,0.8761391568871206,-0.6959927267484826,-0.09593592427508202,-0.028481436212256753,0.8059544205473909,-0.021425126087240454,0.6524609525325281,-0.7270366106664382,-0.5912443751819229,-0.8403019255212529,-0.3707122084920995,0.185748383054678,0.7542130820708699,0.3260586390600365,0.9679491731407892,0.09680008147083949,0.3142558052880724,-0.5208211305084709,0.1324880907431567
-0.6042087934922497,1.0574883428764652,0.3093288826472638,0.8988688509626968,-0.9509274781801208,0.24600594557577032,0.4786749612303049,0.5566653305174155,-1.0039282125934443,0.6122405047189531,-0.20741275118422708,0.5472240213748996,-0.5872057212808014,-1.0899602214842923,-0.6305150800115344,0.09897721927089748,0.19963597163713134,0.40803550799341276,-0.7384885140298524,0.09258272707932097,-0.47066836195025324,-0.3666313715744147,-0.6704545041761208,-0.8474722342199187,1.1009005511290273,-0.25587314504297465,-0.22285236385643248,-0.303822859415676,0.8771305786277784,-0.33845029175993807,0.9507566638374481,-0.2720336292615656,-1.1454535806624149,-0.3274404997748732,-1.0789157164333314,-0.12143512691775198,-0.3515515344669918,-0.6170472537583935,0.7134360819779909,0.42037632218130616,0.43010617855190814,0.22289029523212905,-0.10404053068283384,-0.6821527750026698,0.6160257568250301,0.14219962110612167,1.0952313621015537,-0.3103314273697045,1.1217061320601414,-0.7488271506613269,-0.9090191401320902,0.635405466346728,-0.6511681675840058,0.16764459469900173,0.7753616975351025,0.6198082556207133,0.16421603491203288,-0.4939699128153201,-0.4774421793316587,-0.14117304676258993,0.48934168690493196,-0.5177765246765639,-0.9288657563345891,0.7203871628484892
0.3107686892558498,-0.6229764848942273,0.02389912407809508,0.17694103343660564,1.3033952022452098,0.9917583728639767,-0.01474589837541855,-0.9700158471760058,0.3319468283426922,0.9694246640887724,-0.10983480676736991,-0.652385548091482,-0.5119302800550747,0.41103218657179347,0.5417957541830276,0.08384515642693866,-0.2582843811067759,-0.6771098016552664,-0.009942984585090048,0.04332083272596722,0.9866048358062015,-0.09291984110226231,0.4763080971133511,0.19477888096077578,-0.23569901837625326,-0.49930435129880846,0.49408717229548343,0.2524200738686465,-1.052869180291968,-0.4853029446520146,-0.964029978184289,-0.4416772848051914,-0.06223850041748366,-0.6524722987278979,0.273563525480491,0.5284060339434842,0.3465549249825434,0.7509455813937047,0.29007931661386255,0.10049290422344676,-0.9043404801483251,-0.25346935380257996,0.8437129431462718,0.14458582523158278,-0.2771037501563345,1.0793272201836461,-0.08198531842134803,-1.1336593207689654,0.42619598573634476,-0.16285952057886666,-0.18940733394252932,-0.94557795104704,0.6178318308859202,0.6257690399776362,-0.6369848016206072,-0.2713748980827272,-0.14464281033024082,0.8814411182296489,-0.5401314268557169,-0.17254702155485171,-0.6597919617278045,-0.9346576735433415,1.0024975378210392,0.43836722872208
0.3571752240688623,-0.5943628803402017,0.4594379351223066,-0.3554379022800504,0.9215553970119155,-0.26251311036614317,0.7960715459269762,-0.3313522600422182,0.2769443078711444,-0.5980283648940116,-0.5074101309519967,-0.5458896368258584,0.01622027651408666,0.058570501377294415,-0.9715960950844624,-0.6948814145386155,-0.1696817792591604,-0.1359256782682703,0.722286688776878,-0.9047039605586153,0.26889907027556825,-0.7364031113583412,-0.12877056408482598,-0.7926267897305269,0.49693169338443327,0.44060764802448665,-0.21848036317550548,0.3629851437015748,0.663060516387673,-0.37890902437965257,-0.7100755124884169,-1.1345473428559574,-0.7948841197307626,1.1126072564410556,0.7175975547479807,-0.010560707513625117,-0.46513105183853637,0.41811816824416603,0.1924036731600745,-0.8807461270019281,-0.7777439184869539,-0.6129691023377561,-0.0026648944055797097,-0.428349520685811,-0.5950882906022138,0.6378515039368203,-0.07215974244935569,0.14174992481787263,0.04291535029861611,0.2879674859195287,0.9611988864012745,0.438922409907454,-0.9874764748531,0.7207039888640221,0.2658501197796283,-0.3872098864811479,-0.7051001959185023,-0.5176762573825577,-0.5025893936656703,-0.72926051712627,-0.5639090467107999,-1.1488443783611872,0.2505430909520989,0.1250055133019609
0.08955877834943457,0.30367905855171445,0.14827312753544394,0.8897103372714218,-0.05275036147952017,0.23610064947453605,-0.05172609323133652,0.14258699329169372,0.24927160754690536,0.09350732771277127,0.17138204075327806,-0.5245247401190526,0.37494084526624527,-0.7102880646330547,0.23503519097665038,-0.7757499476619885,0.6372386763153695,-0.658713280892848,1.0308233541166412,-0.0076802495223360565,0.6065876717722285,0.9683244168191678,-0.11179238675167386,0.43273634908488756,-0.2314234804565245,0.3721118165915748,0.2669678323290674,-0.6954261866766336,-0.9584718969567464,-0.0321406712961987,-0.6272948402305281,0.31736487446316697,0.3674999498256136,0.03675243047276654,0.06206774554425025,-0.7194330009080468,0.47161171599632057,-0.4362193661859211,0.6747089641260908,0.8891055147193525,-0.12043245290116439,-0.496041041582316,0.646401285422246,0.5101473912640738,-0.6454325138233761,-0.008456140605396394,0.8482788970951565,0.7799683334810545,0.3482910922267387,-1.0041633144973756,0.8314711048254191,0.5103547984641237,0.16165635890464375,0.1639522442191393,0.12436736732105831,-0.6648100995812096,0.109870322194752,-0.40266807020714335,-0.4258686676153356,-0.5132602718626148,-0.021744268889338517,0.2500556770762206,0.4912105200479701,0.897894811158294
-0.9071536171234829,-0.11778090987872947,-0.16857085285253964,0.6372622588854295,0.6742559758384389,0.06265606944237705,0.21355556495443553,0.2643710875981795,0.5996338017783553,-0.44039353121513625,0.7516504823547439,0.9368080850703087,0.6829441998974102,-0.29601470945253194,-0.9440203233165407,-0.5667901399716035,0.5311109559941093,0.14423743797623217,0.8550408181342034,-0.6679156352329917,-0.223426173028425,-0.2992914899257505,0.025261927984188373,0.32568102493443774,-0.6091056548221329,1.0670289957733228,-0.2474214075206742,-0.11601771421217597,0.05400537293085916,0.5443396828769743,0.002117182403466769,-0.5757826632385961,0.3512204735877636,0.6413515375108473,0.48864073437230093,0.9277958987145187,0.7753805517429493,-0.07834386699176361,0.856532063549114,0.4521758653708574,-0.34346856500323747,-0.6347209396565783,0.0014855778462543046,0.10697645469389108,1.0398425503290953,-0.958290270063863,-0.6669814671113574,0.2527041865086367,0.8862474974382472,0.243252654067586,0.47653265309739673,0.23041738434938205,0.40099636324421245,0.9101994452230071,-0.6965833030140614,0.025452709041599797,0.20466307201102793,-1.0365522617510736,-0.16668661486725156,0.38533431605439106,-0.21665519216164575,0.31027619670620044,-0.5787926084185119,0.5307255108632174
0.8159124981125708,0.19776381869643475,-0.45527330127766075,-0.16812185680220365,0.9246521298490655,0.31990108301662495,-0.5089039375473359,0.5918320828384876,-0.027250186337209853,1.2549007997706232,-0.9552691807492857,-0.3216641235188562,0.7415794640134251,0.5229975839607687,0.9042899031798213,-0.3744602771026502,0.0239561850809462,-0.8233708227758825,0.03550047145716694,-0.23523107976578972,-0.5746781644139929,0.13783341806194999,0.0318872250374418,0.3092526740946353,0.44969764432078935,0.17623491147298065,0.21226281611022335,0.6636899933562916,0.4936542269953925,0.8030011727829177,-0.07791141681219686,0.7934334503849166,-0.8058508144760207,-0.35416957401520605,-0.622487242784699,-0.21919834626299783,-0.06170501366022871,0.7528670006518122,-0.7985149768118186,0.48345236730672314,-0.914573777960513,-0.38411203304110836,-0.5922986686926979,0.6533538495233824,0.1684511399235815,-0.31887148111265357,0.20384778563231412,-0.554720400243264,-0.2981525300590261,-0.21738394778634482,0.9948628501160329,-0.40667369702354245,-0.15346845731065545,0.14088266327747237,-0.6150995634315648,0.6139503809190997,-0.8543333860471347,0.13000008375692865,0.6651535049389351,1.1003904847352783,-0.714941354928835,0.3475598717408509,0.4953524389960281,0.6661480242521398
-0.30814115188993974,-0.3549225207720868,1.1777503214698253,-0.32133776328521146,-0.18303294899844053,-1.0134990441477167,0.10579745922345898,0.48847581572926985,-0.34601822972812873,-0.17584854745382172,-0.2912379980704252,-0.39340713091888224,0.5180305998207552,0.392545521762322,0.2837334949782315,0.004519024159683166,0.7893563248129383,0.5552665083935966,-0.4927691805728592,-0.1505624741040419,0.21720485829207611,0.13354354975391072,0.8793925581317874,-1.000038677814968,-0.15625680692683314,0.04195235691191819,0.1138574239237603,-1.0304483048790363,0.9098455725605209,-0.2190533203669386,-0.7997380989012165,-0.624038058379962,-0.011149009461531578,0.0704155085614119,-0.4751503464828592,0.7811968686076336,-0.35629419604757273,-0.3979328422610421,-0.5792892764457777,0.33315353453667806,-0.17294547973143862,-0.8789651433038593,0.2368053984083699,0.8296498212102494,-0.2898007387913506,-0.24081817471212583,-0.034949776453700274,0.11579567672119695,-0.7492843309641092,-0.8782492840562716,0.03274342227139711,-0.8803804625473242,0.3236934395513184,0.7535670637157956,-0.48328112896048686,-0.7811048732304855,0.3757024594903457,-0.5324735913808589,-0.3103367240547314,-1.182548258642108,-0.7983485188858708,0.9559597986162449,0.007078602834430153,-0.42506657685580873
0.7019350985752085,-0.8161735594092943,0.7026327287791319,0.5254935357805608,-0.3090611951837745,-0.7629164559549699,0.5625514772816811,0.4794118227376034,-0.026733327455913752,-0.0318678552560062,-1.0382666739255728,0.09491800806572334,0.4430168431031003,-0.37684398038987904,-0.36323185376685535,0.9157217623361646,-0.9392148518814227,0.8554086072375351,0.7636932576953307,0.40991734440653294,0.29460650084029555,0.4112353087856483,-0.2375806960211217,0.34715803673100415,0.5865784285966171,0.8448330583627868,-0.4837221786723127,0.27735231522538784,0.030810608250951887,0.8678142281514883,1.2208318308495587,0.37076148297050926,0.4399803335864103,0.37199086385897584,0.5749653029276224,-0.13423460055259195,0.19652912835270503,-0.6245643889956116,-0.3520084181795348,-0.7465465829335212,0.48227260906360964,-0.7081447244917928,-0.691849770730826,0.33720307605478805,-0.38388905312942545,-0.0799522165182997,-0.43592988146640066,-0.057150360782993376,0.03727475815862216,0.012919369092761562,0.6233443548914045,-0.6077157228613334,0.32706898925940964,0.24853231874985277,-0.04185775795758842,-0.9409121212301059,-0.5161799178619452,-0.8882123850094161,-0.6947819268570274,0.8846401129380282,0.44010011395545723,0.6931092864654542,0.0335298854032596,0.40269108405230597
-0.07339969061265939,0.665804968855417,0.3144602618645172,-0.3394255482371949,0.3565787823038087,-0.09448767135150105,-0.3615039658277639,-0.5352629734828808,-1.0739264495161867,-0.5159041650804798,-0.6685616928217168,0.6741435652616949,-0.029761365806486043,0.37489498553090733,-0.07943432998948995,-0.38653646338234615,-0.674224984320406,0.05082843191175232,0.38114300365546194,-0.5872173225091926,-0.7492497269917283,-0.03267030234570427,0.4605387364030852,-0.5998125387210478,-0.6455920391207011,0.032642705332052054,0.012610739693159054,-0.7128804192546675,-0.8207611576880116,0.38030032491358123,0.6373640313103978,-0.11094928256993457,-0.34161293583874236,0.15611929368209343,0.6038046876254104,-0.28240776777506593,-0.600282653479563,0.7579887507001326,-0.7085982726724214,-0.39924402165300454,-0.8055826130889359,0.32958872894697205,0.5139092388051927,-0.41452560874177025,0.9002652870403662,0.03735720774284251,-0.7649058777885684,-0.47953290168654905,0.5267322462123066,0.40004769083902136,1.0601352852358925,0.11611314796304884,0.3144009651204672,0.3663824711592463,0.6739006484556739,1.131976217571342,-0.30232023204952074,-0.13192441181219006,-0.04095450845807415,-0.4534713025430137,-0.7946438319394726,-0.0456347617493057,-0.8832775569450882,-0.5409843304821366
-0.5844173068355987,-0.8565452505441538,0.6975137687910836,0.904278524136425,0.44407088226350133,0.6172991598313715,0.5063812050526199,-0.3263715266034716,-0.6860740626971467,-0.6487372474345717,-1.1393853530750644,-0.6860915468883401,0.7305510821831982,0.30138488639771677,0.9671100399896363,-1.0035391425844145,1.0565663566114214,0.10466711395017253,-0.8023781693011787,-0.6021718320111002,-0.7381817757075783,-0.06434245225462251,0.6064502794623169,0.7191355257680022,0.9421148699803192,0.6902574720811708,-0.029842865036124787,0.3105770760889316,-0.597639024515183,-0.8632239853350325,0.5815172078855936,0.062006174294727004,-0.47888174601410105,-0.40873159567572365,-0.2706979288029068,0.5269852612933963,-0.9813560424435476,-0.00468195631478982,0.7348397104747353,-0.1356447530088856,-0.7754419412183867,-0.49283333543536006,0.8023844730767892,0.2735536500106228,-0.6748273230879732,0.5977419165904403,-0.5911493202825014,-0.5828678400184484,-0.701775810225555,-0.7111163079125827,-0.7456221007472273,0.569577727142293,0.7240365370416875,0.5466945825854873,-0.4565512960178833,0.5847154566737867,-0.12313945544176529,0.4960510979821088,0.9272777011698026,-0.8753032883580822,0.2537439519129023,0.3911606193137076,0.3738966947272787,-0.8121251982325948
-0.21084171713310482,-0.6995709606852794,-0.2972538369383867,0.5113505823150493,0.15848032782079347,-0.6736394589939847,0.5457850657894844,0.8393962935445856,-0.8365066231663905,-0.14715835130293417,-0.42959384019614844,0.2558051193415957,1.1048989384095502,-0.25237815369276795,-0.2752697029783531,0.6853737387659277,0.49138522363997444,0.8055868474910586,0.31455581941728067,0.3511452156671342,0.9311929194518986,-0.7157034256037157,0.39014754856748035,0.281058047863584,0.006137888548259904,0.3596238462117479,-0.1532178096809645,-0.9512698089672371,-0.426550887432597,1.2364082091814916,-0.7805499971638843,-0.5991252518900682,0.0070326800877310025,0.8013616480040071,0.4542597052977936,0.1997137106681426,1.0208397781356413,-0.6090180620927772,0.09815074729278643,0.8195796249444072,-0.3065670315887053,0.3579715366527604,0.1269694956272063,0.9348133060386213,-0.3261465346806248,0.02608844182030673,0.3508992892490894,-0.922429062285412,0.6803949259581207,-0.11197708849531224,0.3115359432357036,0.44906607354208944,0.6183623343732914,0.3678563407811123,-0.9232447668562228,-0.0001460479862754327,-0.16811090746775043,-0.6007936672662797,-0.3367559857245127,-0.20374972536916763,0.32199587537498947,0.9849469080771861,-0.31282606736698404,0.3383573081253417
0.09209874054172501,0.19552751588472192,-1.0251177569510206,0.8650333955084352,-0.4941121247626058,0.6214242775014865,0.706379134409936,-0.1597722943121233,-0.7185076415704508,-0.5534107751391546,0.0027281323673539193,0.25210616781190637,-0.506262264228271,-0.009154376755540858,-0.6099377146337674,0.24099400631248175,-0.17410126964540285,0.04893180766605297,-0.13842156256865135,-0.9430060063297804,0.7238839260142524,1.0411229973401634,0.3380577429629281,-0.6589889548977431,-1.2254596389898806,-0.000641090336694683,0.5505259883456465,0.7993805140061102,0.07951926301445003,-1.1863541863638607,-0.3242919965511895,-1.0496272716234434,0.40247464424221124,0.22132890578797695,0.9321758294171855,0.7304731687610326,-0.6791703855697884,-0.6485856172087964,-0.34033338185785644,0.41547249919232837,-0.861636628506784,-0.7887469892242027,0.5632242631026935,-0.06490348865721114,-0.12426252323202763,0.9185845401049266,-0.22248557012004655,-0.18980310146439405,0.653183721859736,0.08272769234289128,0.33179223476440955,-0.2670724164609416,-0.3317155117729957,0.04943126022924019,0.4419697936198709,-0.03594977240935404,0.24581969464604814,-0.3774926881383299,0.542874273408456,0.6101054968214209,-0.26408014631563603,-0.4277951341835572,0.03921671223705657,0.4093107015317556
0.30691580716168526,0.2056223021455777,-0.5722402263833738,0.41750250603417094,-0.20536839623926134,-0.6666363424915712,0.2856622058513748,0.6238223571040555,0.4137642315989335,0.12527613852850583,-0.4866526930832478,-0.24649490723256967,0.6703742701012012,0.3804021256847263,-0.4824626101399908,0.2879252794597228,-0.14168164557933885,0.5044086710387343,0.11630547410637537,-0.08811911653830881,-0.025542350252443724,0.14091316803013954,0.6358816764068024,0.7969258208189478,-0.17157239055695844,-0.4605692024315616,0.023426659089998074,-0.6736919021224149,-0.9359056295226947,0.947186614242841,0.4219073971757501,-0.2610515514058157,0.074265111124403,-0.1362455660095477,1.0114064832891458,0.1827230718922378,-0.8882796341202855,-0.4104271962781416,0.23927583756019793,0.04426682772777543,0.6134827911320414,-0.9625029625122697,0.5019087023032534,-0.02461628347756488,0.6272842905460461,-0.5488035613390497,0.4636469234380357,-0.415190829019375,0.6736331764768887,0.4880893596659537,-0.9353878604082323,0.5158179884461705,-0.12746734009040328,0.8563047793607335,-0.5961427016224702,-0.3174289619502306,0.6087046877221749,-0.7239184871506066,-0.09178603986007572,0.9232487237846445,-0.5753985741320609,0.84901069456866,0.294580883923636,-0.43037747674786153
-0.4164420512150483,-0.039368849774229574,-0.7477638431849244,-0.28053696907618003,0.3251090694263602,-0.1284821160513956,-0.11598780570975896,0.10976953165549957,-0.292364518179565,0.681670096035408,0.601531027849286,0.4193894668069559,-0.7606634068778001,0.4225847719086986,0.8322339574715654,0.08491699966765642,-0.15905430055091552,0.8861266496914263,-0.325955395804804,0.16870456566649614,-0.7690759048454925,-0.16952495451002775,0.097814881067046,-0.0034426550315784232,-0.48970230748101096,-0.3830533858270234,-0.033294455302130946,-0.9358140638622936,0.3592183383293693,-0.2454910951373453,-0.49293463955996286,-0.7312987553966039,1.1301579829930728,0.08877514023668913,-0.17993080423002442,-0.3887281614143946,-0.9218254523160954,0.07652683612586363,-0.024938923302252364,0.5696762373528441,0.02257565041502388,0.4574950547872516,0.3639456341458771,-1.0019281467580623,-0.5231388473341794,-0.4679169728064523,-0.37135462206648795,-0.5611189480865105,0.8929480097766124,-0.504808315294731,-1.050284650267795,0.14421734501718714,-0.34897548230838094,-0.6583786397219384,-0.02971539417924801,0.7019943561258705,0.2190977363377906,0.3990676596188828,0.6611572842227192,-0.7512820663544026,-0.4382752180286774,0.16560978364192636,0.678743540125877,1.2336609927207083
-0.6166674164363126,0.21081151582096005,-0.17011616026899964,-0.8749576823505207,0.1384396390382855,-0.12381798776702294,-0.09927898077738948,-0.07498836448794702,-0.031180522647199463,0.3056462331029282,-0.8456299405648359,-0.9337733455273477,-0.21798513229309294,-0.36405225022953397,0.9791667961525328,0.004480417176006016,1.0665860167423502,-0.15925670660397154,0.8546283607074955,-0.7747568317182504,0.7130298984867881,-0.17915484208318788,-0.5183718628062488,0.3112015239426544,0.03715117364056828,-0.5366153302056069,-0.11192651037956954,-0.026491893823187493,-0.8105112455755533,-0.814361228757627,0.6291699493509876,-0.7784935458971848,0.2425731685158594,-0.07744503178529812,-0.7030276573263974,-0.5237614938326335,0.11508329878064857,0.12297680193547363,-0.255937090968097,-0.4975862894651422,-0.33962278950501223,0.2542219510139968,-0.48014268634480955,-0.7128295647635176,-0.0051069160869084,-0.341592679245481,-0.8663806752378964,-0.1329754833694211,-0.622043448376666,0.8846685259746242,-0.7709660641859314,1.0103174515537494,-0.8014831810484744,-1.0133005962728665,-0.21485629236070594,-0.41189697092874644,0.13446970913263057,-0.7025147646170719,-0.4267885717285479,-0.27552162134558206,-0.7109762094350001,0.0915005920008248,0.37073852678392305,0.7353995390937603
-0.5384637764397652,0.17697394193096996,0.770650319976885,0.8730520001677428,-0.7349989401618248,-0.8644380922660837,-0.2690376910816242,0.5274141557548357,0.5525515674653977,-0.8656974711236194,-0.06259667107376694,-0.6831117291844245,-0.03858656804013892,-0.44964922583919764,0.2926258188649349,0.9242917613099361,0.26882063700672076,0.47694481298172875,0.26743641317589784,1.0841902871465317,0.13238728486847726,0.18075723520275502,0.8902487081271829,0.7820348772790483,-0.3727479947102203,0.3592255089003987,-0.26189823566601483,-0.637747472930001,1.1390349569980218,0.47847534034316086,0.7300171270548267,0.6798163424107263,-0.3978135402327899,-0.6543572281624997,0.23912887418341505,-0.31848037776941357,-0.3433006420543119,-0.21049343072276233,0.8041390075862581,-0.9615772470283266,0.8728862889857958,0.08913179592652976,-0.8370377597593759,0.6674148698986462,0.45955216091800777,-0.7998881823219977,-0.05466026526776343,-0.7258929499485565,-0.9699561159461102,0.6152775392761709,-0.4464283933505269,-0.32287600836330627,-0.018906948690142478,0.93888592577797,-0.11024951026850821,-1.0158143415999672,0.35019729791713083,0.2589432059949889,-0.9574912336603768,0.10405748763574435,0.579386171037771,0.7389005205537655,0.6823910330030146,0.7897021197194357
-0.9906778781181838,0.6744680809445374,-0.1826092129463856,0.4896586328436888,0.6906142374052427,0.5268919862688505,-0.8936154143257322,0.2979206115298634,0.287181182874426,0.9847815123743117,0.24888789538192416,-0.27879402531647013,-0.18253143032984626,-0.035641556044564746,1.1401132292893075,-0.21577851829972394,0.0457478057578555,-0.2979529154070062,-0.08845691877844096,-0.2766449439602214,0.5263933973830413,-0.9086439338000627,-0.6042027294888702,-0.5322279257471861,0.4883269475871681,-0.8768228387422482,-0.7488408835528855,-0.40897690728040226,0.13898339388044129,0.13549265040764844,0.7968851027439222,-0.33995805000771534,0.7144665007280899,0.2359371451625908,-0.18682898270843373,-0.5687415231583475,-0.6550153478646635,-0.7290178685127738,0.3013735277043044,0.2723690691210997,-0.1451189491080999,-0.6634567718208837,0.599695532350025,0.5988645268661239,-0.679994630038069,0.04544166078371434,-0.8273911236303376,0.846692795467775,-1.020750463976517,1.010957589747442,-0.0500099738289472,-0.20707442921699196,1.0519437963040887,0.35850006880015095,0.37352748665435187,-0.8014697931965202,-0.7371544271943457,0.48990381962564156,0.2922703948431712,-0.1732833799815261,-0.4528080111957255,-0.4443197067833295,0.3767632507497254,-0.5935375589595198
0.33225052685498513,0.6361042070575682,-0.5250420079010387,0.35209651267623143,-0.4132366406977521,-0.8303242890559965,0.3686348909909686,0.5373796872551095,0.6967795402098971,0.8237235380049245,0.9855299433258882,-1.0441172464188484,0.8145811454660704,-0.9409314950899135,-1.10105947704659,-0.1384795122601571,-0.30300185922914546,-0.34027259844686275,0.8344944026615306,-0.1284285068336584,0.027621665778854096,0.4077057805863537,-0.3646305701573204,-0.8718912673277055,0.4828286908824817,0.07753307370950212,0.2633627524636459,-0.9292863997889783,0.594091716277376,0.3610416972191144,-0.15925621761416886,0.9357325686637472,-0.7504100877590603,-0.7300110830751725,-0.9562903363749992,0.742833442743606,0.1362284670271305,-0.036094157819292316,-0.126135871550493,-0.4384625629085815,-0.8555537409182731,1.0789995940989545,-0.9402146650981238,0.16273083819074052,0.11357790966235276,0.1651888790676379,-0.15222391606412095,0.04544376579969383,-0.7754253787929594,0.7891942402369829,-0.41968499263420816,0.1941670671181492,0.5061679770955012,0.6839803894235676,1.0106492135086615,0.6090014451781414,-0.5271117115544351,0.054134443412029276,0.10998331860211474,-0.24958922353280302,-0.4675122009668288,-0.9477575500722234,0.6143566406606034,-0.25198899819177684
0.768705196121754,0.8372792900782277,-0.5103279281426554,-0.6468985190499292,0.5775784157240242,0.35700388924823556,0.3892986590492767,-0.8741264204607521,-0.6321285328991697,-0.6057493953857981,0.4046200928361692,0.3257316576573198,0.5504811713540422,0.5400055762875451,-0.14017335349525337,0.13827101844312187,-0.017795232861968546,-0.27225852111664983,-0.01073956100721156,0.06093249556510909,-0.08750458075138137,-0.018501115812028485,-0.6400700820370516,-0.5518005017286494,-0.10172114388948551,0.352690775240528,-0.35690414501950385,-0.8139672250391642,0.5961602175557167,0.6625149236167622,-0.5788748707639451,0.884854137017258,0.6067103539161444,-0.6754533325538209,-0.8863025593467967,0.8306083924244224,0.39737921368206197,0.637180252128531,0.7374901704946871,0.4009554662102267,-0.0060019350660698925,-0.0821552554557598,0.3588255425656911,-0.6359064779347017,-0.0788815286012782,0.536243036376281,1.0858342206058826,-0.32781710594097424,0.6221134171552147,0.04389425709181735,0.019518823243244297,0.46596079428426185,0.8496394072943845,0.42533428067121903,-0.22865469943121727,0.19354742335048344,-1.1447683028075175,-0.7772068576806807,-0.03451415040095879,0.3577620382061045,-0.11782588243019189,-0.3568334775325641,-0.8689616374553407,-0.9766963865898464
-0.630252986263168,-0.5349470849137599,-0.4152444764572094,0.7403063290325573,0.4299635343867758,-0.685386460444256,-0.7008869435201508,-0.42359244511263083,-0.15005740314439325,0.7133809742702283,-0.9485492805437644,0.0918887409588075,-0.21809177956228334,-0.9330165403326572,0.31843083130716593,-0.3831844809516927,0.04428591210181651,-0.7924689791974135,0.27592923747762826,-0.9892727866161956,-0.8402948967379786,-0.4923877383675646,-0.18593932935197408,0.0760328928985273,-0.49333952208208565,-0.6087704417017468,0.2341857644434436,0.07339345073408031,-0.27298655965440227,0.4453300710453014,0.944510544229846,1.1190657499236971,0.21547052924157933,-0.5648727933113321,-0.2666153911179766,-0.2170844684972286,-0.965880790930007,-0.7210551914394243,0.27865764493025125,0.6362899589528703,0.569458100216499,0.5752024489570438,-0.6011110098695428,0.9620929946225054,-0.4134510728987908,0.02337288874562511,-0.03444921507493902,-0.5820536886465153,-1.1809414658178505,-0.7728874788212228,-0.4721245526679493,0.7315662826258678,-0.4500917042440765,0.11245725331334913,-0.7600673644945605,0.1757811040498698,-0.7201706764454946,0.08088819315510175,0.7048228120408293,-0.26335814116618156,-0.14054170959108908,-0.3604894590234888,-0.3837225215037535,0.8435067215176506
-0.5213359522379049,0.20650951459564776,0.9115819331355796,0.44211978033031907,-0.5894987322303471,-0.6470728144662038,1.152262777431596,-0.9379553202087784,0.6910207514814106,0.10583936343461237,-0.32723411272217257,-0.6889651823985427,-0.039799338293474415,-0.283190945470783,0.06830887958786916,-0.2241500544260358,0.8327310800876752,0.4731661189387426,-0.2770249536464409,-0.07470969392072647,-0.09998275824285094,0.45825880018505033,-0.8022865923570222,0.29926407772474295,-0.7950249773074913,-0.5544085810656529,0.8720437848372582,0.29754999053514253,0.3917429181494152,-0.10814778544045407,0.25006177967921994,0.048727906612856545,-0.09184800028458623,-0.28428220834058265,-0.764273446054074,0.6534914737428912,-0.40550583217141595,0.37442655640549577,0.9119377220778062,-0.18779269098133283,-0.5731488022992908,0.795984195504007,0.7776139603443636,-0.5842066800638842,0.8607484683110785,0.2845608424827317,-0.260029218857125,0.9695016093133719,0.5137073174698107,0.9317656377150242,-0.7988301625399219,0.3415510116013638,0.3838637075613496,0.017231647215301918,0.6815153289633683,-0.9599928004024392,-0.9588361129798196,0.8027209274929681,-0.8893100555575282,0.3738941627639293,0.11330394331640022,-0.4985237656600047,0.8227098768958663,-0.02316378286688696
-1.3033213777165786,0.17788748990026837,-0.7079583994853484,-0.39376241474334195,-0.33433389394884305,-0.06681219116339181,-0.8307276419814682,-1.1666444462074703,-0.6846462521142301,-0.8086883686298316,-0.3754861316759636,0.329765582507077,-0.26240204034392345,-0.6169775193198057,-1.080223697657939,-0.3371749913031944,-0.020090406388747525,0.7079812400983786,1.0821925292554702,-0.18847715633537748,0.5145034690234928,-0.9130290534693433,-0.22320768486064868,-0.9560289273706786,-0.11123211657131443,-0.1231343068414822,0.48973008891386194,-0.22684811769526236,0.34458345980634464,-0.4278993982999775,0.8844605954610841,0.9303775548577989,0.22995552257877236,0.029438005356043462,0.053838202669863534,-0.5577377725667164,-0.8701429293447086,0.7112113093926626,0.5105045637552282,0.7076738312654529,0.13878177530899544,-0.7584448508828201,0.21348356327924484,0.5131339266547333,0.6525273371801809,-0.6981329301161745,-0.32878594405524875,0.6956423647616093,-0.37304169779471436,0.9520252125604796,-0.8236983127776585,-0.7769425771282332,-0.6563355128677788,-0.6909287728506885,-0.6184114487229164,0.8572914344783982,0.333937006538079,0.7128139319172683,0.2719305172551072,-0.45025915602236516,0.5304287510659174,0.5138657743470111,0.779352630637911,-0.9344632084126678
-0.3301847543838194,0.5975431556632926,-0.4572755203759782,0.5780137724841334,-0.5374932799826739,-1.0649346018138184,0.20954540191430499,0.33153872006095586,-0.45320743827642807,0.6753928833129625,0.0023962543414701026,0.7612770083945201,-0.8848225264729408,-0.36094786148603764,1.0736720437417655,-0.9641176472404863,0.47697346960171905,0.16921648073302667,0.7443582548431489,-0.10077143743924952,0.38745665695012055,0.10716940651400768,-0.5330770628356203,-0.21759454139242812,-0.9384111307177935,0.014249550651788345,0.2892388708063731,-0.9462933377539581,0.647451263566656,-0.0033005764857180903,0.15048530113018824,0.6857640125791908,0.062352266841677634,1.0626656147848204,-0.5633346787875256,0.7954139866317994,-0.17721171749483552,-0.888191734438755,-0.8242040572520437,0.036848841539490106,0.6018589752887861,0.6347821050507189,0.34969405280363963,0.4001682429020461,0.2698944231926899,0.6012167544038511,0.2874821336546397,0.27849945038830765,-0.45024189213208565,0.25124910960617364,0.4274608230340158,0.17810579266627313,0.10220054469652158,0.2556259521080352,0.8069949385183689,-0.31877220571821596,-0.6019985928546713,-0.24811441799738737,0.9272934977901847,0.34537754946563154,-0.028274293686874313,0.9631157656517408,-0.5177729863377707,-0.23774818793893662
0.7534543748492103,0.013244075386091063,-0.9098899558101752,0.015095549971976402,0.10503636141395886,-0.49464940432219245,-0.14539266462080913,-1.2672588614716964,0.5337239337540889,-0.07455954103839524,-0.6048325398021771,0.1904861482502932,0.7504804041334431,-0.5241707963989738,0.2930944907241645,0.6858698099928954,0.3848255770461748,-0.10944601915213656,-0.31566370939055555,-0.27690725146203066,0.27278976913519515,0.27793098322879184,0.052187529815836714,-0.45820961368331437,-0.08855159463609623,-0.3705826599824934,1.0326758400546963,0.7991444051062565,-0.7776713285752036,0.37115273854077646,0.21199661399408823,-0.8607492668855345,0.4095968771660736,0.21636411636192154,-0.04289497061380146,0.5800059560366277,0.023949216909094836,0.33346384440781157,-0.49682601298518114,-0.19671186747662786,-0.17011347106140132,-0.025524713369931173,-0.492202754061529,-0.4128593046402894,-0.7449532429950897,0.5492072213341612,-0.5873582456103081,0.5950096738856134,-0.8333189199548767,1.2644513821927525,0.18269631704105538,-0.6768852297947607,-0.24775596639164732,0.9402216923342971,0.4678920348038732,-0.35787606427577023,1.001275351548222,0.17319582299079744,-0.30368556259629764,0.44351028053211716,0.5856180131777856,0.280018434828673,0.2449587668516612,-0.23073384685582568
0.3114569464161461,-1.0147332317425255,-0.7094014969826717,0.7568957090531093,-0.5670573938801604,0.12078124070837379,-0.8895282317322482,0.4979182296824245,-0.4322074884667748,-0.6121058427431608,0.07347744082220133,-0.3675377064590778,-0.16796499217496189,-0.1591246279341869,0.17856695084060067,0.3420593979027492,-0.15173979226228074,0.8630852036776573,-0.27011912133170624,-0.5914033643236498,-0.5679360753078778,-0.9910858648334022,-0.033401304880471584,0.4953729207078905,0.9017325256361334,0.046256392612137404,-1.0185891157665024,-0.02541439590971828,0.9826856169732203,-0.4508009790313774,0.9028344987251021,0.5169682245328964,-0.3626185784824201,0.3092332125859739,-0.5560420440240856,0.46771740482720275,-0.26929026609367823,0.4507696585296367,-0.6126603843971913,0.06255369009929809,0.10220223746443495,-0.6176061097898373,0.1085846810862563,-0.24463494194395907,-0.8002308938706711,0.07549752781294142,-0.21702259866153611,0.3391873015966653,0.6374491129965058,0.5423857772161937,-0.11285497824276923,0.8735537991608519,0.6129183262200019,0.2839448814782456,-1.0093712832777848,-0.166008912767585,0.7013906191435433,1.007959786997485,0.6455267345590792,0.21517779910626764,-0.045805145855451326,-0.03346918177359923,-1.2550699455171017,-0.6474053940009405
1.0315724200056755,-0.9015505271776427,-1.0487951094766597,-0.6846336230846926,-1.0743102272347103,-0.2722036828456721,1.0385201102213528,-1.088705547908902,-0.4497719160500105,-0.33934133397341987,-0.07279003206972298,0.8074148324181553,0.625770452325738,-0.019786675928274003,0.4436325882810265,0.5913184067690564,0.23039737731222004,0.3834072473251094,0.5719362513998669,-0.1575537177441893,0.008878475106951542,0.6063180998591059,1.0487637330456099,-0.4717247095384055,0.10865777908125769,0.1986713646405396,-0.04134129170384465,-0.5957497065721532,0.20400977705304751,-0.5515166057831888,0.5042057246701412,-0.7337114852745682,-1.008268829819479,-0.417405178760299,-0.39634003899908044,-0.5394474097316119,0.07049006642852458,0.7188901585794742,-0.9019579271226839,-0.01717721338009478,0.4998523946538931,-0.8107629796054876,-0.9240096898099018,-0.5811455050692429,-0.5125041628200943,0.21329256820498627,-0.8319747410216083,0.8629972971744266,-0.684876005840025,0.7328473338244451,0.2904067875188776,0.69368677377563,0.7784184791207955,-0.8305479949732972,-0.23688071452982556,-0.3514661792070846,0.9045358827331637,-0.43312510701866264,-0.8435520882654538,0.10170511049062439,0.6505513198520287,0.09022697073337294,0.09822361738273212,0.40844999084915906
-0.41981100477955136,0.6132340406217175,-0.6237374590984979,-0.2442890285589231,-0.7107562208471658,-0.1857238494536345,-0.7555923234999681,0.3404423188051584,0.8735336491945903,0.6271303881533508,-0.3849726358873945,0.7821783878400593,0.5888859789890297,-0.4839220780448374,-0.07512574166371996,0.07850667226891377,1.0397759945554264,0.3567257166105158,-0.5148442017546517,-0.2896148675355175,-0.022618791215608502,1.1754405293780474,-0.38708434663138935,-0.5748221651563621,-0.6261535415626797,0.23628180337396765,0.4914790042502292,0.7774308499823335,0.912566530391996,-0.19609088959774273,-0.061787473018893035,-0.29246132234665756,0.12921540641110732,0.6004401528952874,0.6948746661193067,0.6557903669005173,0.8557972736980288,0.1828238164483449,-0.5981752094229401,0.3538020063926028,-0.6388179346548877,-1.0142909195388823,-0.5121257639215029,0.08536343217314918,-0.8127476267575993,0.5344283486634749,-0.5169218229208805,-0.3378860988027226,0.44771928875864386,0.9006832236461995,0.681602072183939,-0.46746795526965784,-0.6509651367557326,0.5021284211353336,-0.5856568276393224,0.5989798761534462,-0.20411361837017333,0.33851633864452324,0.8673703746209549,-0.17670140180829286,0.8446673770903488,-0.012216192967405726,-0.41386178560187004,1.0906189915340494
-0.12546349552613953,-0.49601416056765896,0.2579585690286991,-0.044805930439506356,-0.5610388982838851,-0.6056783196275238,-1.0927344549375995,0.10516001150510276,0.10189249629582899,-0.2200989066445234,-1.0907679598551472,-0.5284689591029993,-0.32037079352239217,-0.6203021503879843,-0.048261666161197064,0.20700885531205515,-0.17315034944228122,1.0895478112647339,0.5651055226044887,0.18873157627753775,-0.31445712911363866,-0.2680326220532778,-0.7555542642564135,-0.12283588550649471,0.07945918913544692,-0.6624106294601364,-0.02087868618373992,-0.5980760337154262,-0.31616252336791634,0.4276743339984367,-0.12175788653846588,0.015086768736431208,-0.5420880273365757,0.5329778840569416,0.772934419458329,-0.2619508708697972,-0.3598292976961387,0.516414601179798,-0.7457795185633302,0.37871005925274753,1.139008022874665,0.163986264315089,0.8291509860168219,-1.0558543497635609,0.366985738196191,0.1396639865067052,-0.16127833308692743,-0.9641036879771729,-0.17116171042667694,-0.6390648857254275,0.47234950709851853,1.2112421241359406,0.6035801588313208,0.680939628702727,0.7122275204606219,0.2224922605593201,-0.32841455063051395,0.8480613678872169,0.01381008658662429,-0.2229099507158629,-0.7475974139274449,0.12207961278145137,-0.9220860282481694,-0.6781795202687104
-0.27881557777093147,-0.39809896466840244,-0.5809803836970402,0.7499887473437019,-0.35017313460219857,0.47636264533941364,-0.3773288626464139,-0.34335857872423037,-0.22574685450967655,-0.3786295564330373,0.28747572924689735,-0.4320896845424686,-0.7338792000165786,0.6242101814195511,0.4073836351124911,-0.3343845933886088,-0.7009519367727032,-0.9492948170764808,1.2840896052591644,0.675723480122058,-0.30797499888150365,0.889324484943007,0.4626162436980445,0.6134315504239953,0.5867713462448708,-0.8904914601576448,-0.3932585253867143,-0.6799642679580066,0.48911518546407984,-0.5767737914879407,-0.08692965658423736,0.08812867195026164,-0.09923446709678815,1.0351387890573793,-1.086993642086129,0.6391588438793255,-0.714611437536094,-0.18589746568539425,-1.0840476261268055,0.15152049517104388,0.08710691985477143,0.74429661792391,0.14279463396832381,-0.22695024831141736,0.8157601744441034,-0.73950492784679,-0.9820086293848928,-0.7945153417257922,-0.8096865727085297,-0.3935068202997231,0.06770905802771932,-0.9622459342555169,0.7665010184505838,0.4469934558698911,-0.3653150750445621,0.7237444549134037,-0.10939139670899006,0.33267380806937763,-0.5179163887745104,-0.36258257930886373,-0.6514773401471979,-1.165014695698237,0.48383164009154295,-0.5977168292604469
0.7249877012271295,0.29747004064362864,0.3261920222552709,0.63958985567905,0.23571502649557693,0.6839317062406398,0.20915291162155425,-0.21497442783694867,0.520947832515181,0.7503989944846945,0.926280419237096,0.385936834167951,-0.11038822026279088,0.7232145524918189,-0.4158691016996382,0.7481864230424372,-0.2583188847240076,0.5919960702231545,-0.5562171259677965,-0.4854517406360207,-0.04647575442897392,-0.8477044193672282,0.0043782841081534685,0.9464888193192428,-0.20538213149435813,0.03537627130522675,-0.025149659418940318,0.5498514252235067,0.3410478705038925,0.22698769299824612,-0.05865615517931744,-0.9096103810469914,0.42372546639927033,-1.0097922894947609,-0.11172881510449806,0.29183849618810076,0.7769285744515657,-0.8126920616987892,0.6276289525432611,0.1882304308420668,0.7068286824907026,-0.6507782950989008,0.6767000962794385,-0.543702367718627,0.3270375008386711,-0.45526511998614794,0.6695032285253306,-0.21968523091343684,-0.535441110191699,0.5536918942714576,0.31894896018517127,0.5954946791238239,0.25643919552439665,-0.20945562329335993,0.6900386837957359,-0.6071682618410381,-0.041066870785193735,-1.171100534660249,0.9096812858527564,0.24210169675160337,-0.6947717701340773,0.923116539533549,0.8012834402226217,-0.8385487769891669
0.536270030436509,-0.686351998280771,0.4533696915340011,-0.19215210484518352,-0.49375634832399307,0.4211016726555791,-0.5092238610583604,0.7258951022645175,0.36977801264490406,-0.5298696224849447,-0.34771061153985944,0.2660758156614413,0.5771361133956225,-0.7120747748975866,0.42608003033187536,-0.22571270881972844,1.1291461289704556,0.7107348313052059,-0.09591944395600266,0.20658271434870318,0.18598451567472488,0.5362205051662488,-0.022854909281424973,-0.6304625507242967,-0.7709562868084985,0.13570390306991018,0.41563021291482116,0.9479719569499101,-0.5437954407578847,0.1404698164351353,0.09534106027999908,1.2089015785256747,0.44526651043410725,0.43813903903458795,-0.8114702993434103,-0.9277002507375196,-0.32551038364146323,-0.2631115341228277,-0.6439582754296691,0.3656156247321961,-0.2837563236929362,0.20538797000983516,0.4924847388746976,0.5759521967674012,0.3880908720759414,-0.8692678136760065,-0.0007150241783287631,0.6311242110606665,-0.6798385084473638,-0.5420750085613228,0.46430658121952406,-0.8466509361993063,-0.6070458599226654,-0.42207468017143224,0.5890448389949702,-0.8779273475383608,-0.6496032010595925,0.30445046251009855,0.6268557798968677,0.19386761363322969,0.22821315231244493,0.38334103442033596,0.39828594153366337,0.6491346862040799
-0.7201310172815689,-0.01609216403446237,0.15868523917181337,-0.9480263302523951,0.5196470836252467,-0.365902884744098,-0.5069085994749231,0.2901541676016497,0.15213349148636995,-0.4872017307712531,-0.30816822295588553,0.06941733132171983,0.10063001738737867,-0.1531080239480897,0.6012713520204436,1.230385556246229,-0.3924615328789539,-0.6718216922732273,0.8851246285253219,0.546824448944403,0.32717502017159494,-0.12754523536343215,0.06722466541156592,-1.1193928848124397,1.0084976929308271,0.6054535084835071,1.0226348291962395,0.20820881504435976,-0.9623165221704079,0.4129372292862363,0.6035093712434451,0.7803622990929404,0.8822044432880438,-0.8537363718535788,0.7384319359552892,0.02570362089283096,0.03953970655340298,-0.37865234257535507,0.0865120517126117,-0.8098939674497968,0.12307263500574513,-0.8335784410281217,-0.4523129579854692,-0.2769149933678216,0.49206942471873927,0.598879279722277,-0.3163701464615212,-0.012877839353398757,0.035442945143391136,0.9661080583587169,-0.2608009615215974,0.9312360616457469,-0.38572615722457526,-0.6614271775471692,0.08710924494704413,0.3380115545348844,0.16487428760298103,-0.413593287152537,-0.9593171146646219,-0.2383358022153808,-0.1418383780718451,-0.8541598026691951,0.2890565950343642,0.677605513698333
-0.18337316864668485,-0.39544507059322714,0.4093024661193768,0.8441758053761745,-1.4608002556210868,-0.5742761645170006,0.05259009063330304,-0.03422762874562078,1.0237700417756956,0.8831508507349857,-0.21959661209901715,0.7519138203282096,-0.28634065872625003,-0.6265535114862913,0.7545975008041363,-0.8359866713243876,0.9842143192063062,-0.4641560592849553,0.23361577473045395,-1.0863478622017873,0.49432227441497795,-0.39077437645730806,-0.9139340647209028,0.919619597529035,0.6856413837771808,0.4019589993396624,-0.6553602703580373,1.0027033510876273,0.851315983444202,0.6285699158647319,-0.688482698721359,1.1575384161578046,0.12358579698681467,0.09798970926745226,0.7182159165967497,0.28910274838197647,0.6019256265509442,0.32499660050175705,0.44372946784264455,0.4631775216825219,-0.5108628054569677,0.11095407917588897,0.6642960188549792,0.6842121013504427,0.44205748793200944,-0.08098896564222581,-0.45426305073987955,0.255925257197513,0.8464185873757115,1.2313923354163432,0.5981807646847241,0.8575558362892118,-0.31707462090383765,0.3720229587885301,-0.29058574709990537,0.37756415378797176,-0.4931333053852949,-0.7658196224645798,0.16947564199996396,-0.43538459965260834,-0.7787354468482464,0.057579475657559026,0.6055115530384458,1.0932404963024225
0.4289019667888236,0.7515629531431642,-0.600470445249968,0.33982594218363116,0.8523373304002516,-0.43675366444221786,-0.2121042839682379,0.6407231723102981,0.5980133501234066,-0.909247759396167,0.6953661892890175,-0.02721991469279353,0.6902062865826851,-0.29795601353463097,-0.5441822830039873,-0.2623887318107076,-0.6982233988243194,0.9483924739658063,0.7057647422992182,-0.7719400842589479,0.005907252489918774,0.6392993066123868,0.7950477492592197,-0.42853483578910645,0.49758157243674594,0.6587149293175635,-0.18421242666962115,0.11329622704326299,-0.05568012145500409,0.5314556623937101,1.1133680966056958,1.2178061459002096,-0.30220607834540536,0.9123670618902348,0.4021404357491832,0.00804550162040664,-0.5815416748323935,-0.5469446635731342,-0.6022348329691969,1.3335604001363803,0.4776067266603705,-0.43386880693718066,0.3485098745919253,-1.0436352664164357,-0.9211972541907807,-0.4713000460434513,-1.0450506651186873,-1.0271182841523676,-0.1724427759993275,-0.5624407581590093,-0.16133764524917465,0.9860751486365337,0.7322095692390729,0.6442277748239137,-0.6506492779457652,-0.9732790597449109,0.7758983146715842,-0.008960944340897253,0.002578570011896139,-0.6098791050876917,-0.8925172465238224,-0.2749271844677411,0.9698810531473111,-1.1414440689855943
-0.5238529175253115,0.6287762407165467,0.8076250885185497,-0.02617700000255674,0.09770977530715702,-0.356007888133015,0.1878938750606915,0.17944363671456487,-1.1836878890854274,0.2033586118866327,0.9703578630927745,0.9152502713101821,-0.07810111110072444,0.598302965081819,-0.8439367780503759,0.6348296545385054,-0.5535253864324199,-0.5897167003948658,-0.39827454006009055,0.5177390376577053,-0.6394352124380372,0.8303993630384696,-0.4127126245136564,-0.18267539169308405,1.0314718462616532,0.29829903939716634,1.1300564153333044,-0.9675101676467311,0.669722878527425,-0.6431616589572499,0.6686352461706256,0.6464855373489611,-0.5167961055458126,-0.9399007408503092,0.6840531822899438,-0.8221623410557299,-0.38188505841631826,-0.5678216558987581,-0.7567958476180817,0.683286794487981,-0.020903713078372632,-0.24691743647372033,-0.9002379427616678,-0.5380774572129732,-0.48886115522277374,-0.7182531837536161,0.507785317379022,0.7347828822388198,0.21314508313285074,0.19499296796680612,-0.6039531473681483,0.6801569409564565,-0.9277274780665813,0.7925175578071095,0.3012421857151336,-0.619700767709547,-0.18766253871945673,0.633117099010766,-0.17417427979981415,0.7542341549159102,-0.7589390098808295,-0.5928059524394563,0.3384742419464522,-0.39360187168436356
-0.42884960227569147,0.4409765946114269,0.9942372300724545,0.5776763210793548,1.0308880286561508,-0.8756067739627351,-0.7336663085253515,-0.528461052758314,0.6043657390579399,0.5060136357905604,-0.13551297230838114,0.49799247826528004,-0.5448905805395441,-0.28238934069743765,-0.36029132933186414,-0.35765151334018097,0.9192646864444474,-0.2044658859362549,-0.8815305236644547,-0.8446853380792271,0.4140224637101606,0.449332847073446,0.884970914725522,-0.2144474501981119,0.4264621004027549,-0.8630574909647434,-0.2510407358126721,-0.21409900847085925,1.127013612055481,-1.0823934913863802,-0.6268999740004542,-0.48965259486323953,-0.3796436474909539,0.3487630336597146,-0.49530553933884724,-1.2108135818776,-0.3332371244876392,0.2771610374655802,0.23290548830333924,0.9283781723855591,-0.7791429351816573,-0.027135701513320357,-0.8437936680730377,0.22030318347038177,-0.31853472145246536,-0.8685134419335622,-0.31504905485285767,0.8282616314046392,-0.368952292251016,-0.7397520511051233,0.18422683708625112,-0.514044223105363,0.47154156207910414,-0.5553614108258399,-0.21880965123215884,1.003606704906379,0.1341906713945874,-0.527676576963215,0.16065306196827517,1.044707717387085,-0.8424364517173105,-0.43401882550941684,-0.9386726641599397,0.25788182275009597
0.5173452925616305,0.551401520071934,-0.091593939727676,0.39781556503608695,0.7356141408709869,-0.5300107478567242,0.5510195675889754,0.8416468334670676,0.8120593795081639,-0.9901225624901732,-0.1644222699046849,0.5384858547713978,0.23598799845650947,-0.4823610127022676,0.7408650773200111,-0.32160305178836746,-1.2485560027951892,0.6670216342590962,-1.0408075845510565,0.39702683436598324,-0.0364440952970359,-0.1473953119577275,-0.2798733954902284,0.9848131070298263,1.0454888986639947,0.6624385191874994,0.6119579042607062,-0.356149117960046,-0.012975689968948018,0.039700878675663756,0.7412829132542899,1.0119669801173277,-0.49520070241226555,-0.3527979207656454,-0.057741581100820116,-0.36819654192592877,0.7423259792482181,0.3883595751633362,0.3386025024267733,0.9978654847320882,-0.1150659743811324,-0.644041187173719,-0.8205377914451423,-0.05823735826039931,-0.19625785428752698,0.7321867395398461,-0.9737356215390554,0.09793568631942244,-0.6569629937075274,-1.194658514591308,-0.16784733893786513,-0.2911939251153243,0.11877492089071029,0.9516958124119648,-0.026220486969747353,0.8640172800968114,-0.17665036198019676,-0.8848963924647558,-0.8223022604212208,0.41560792499535043,-0.8223816069921351,0.7906109823605858,-0.7477624059996365,-0.2363423959505287
-0.15511681304679237,1.308003230527037,-0.6620868043751487,-0.08818225765312214,-0.7084063431577546,0.297213082964891,0.753677736730838,0.8575337391900655,-0.5009806383925112,0.565135808137355,-0.4314421031767587,0.31972631220167624,0.603251976340309,-0.5346193956514008,-0.40163139939631887,-0.7348340908334856,0.6311457066218824,0.33103887999538284,0.46128388860875297,-0.36976476360991894,-0.24674925631740643,-0.47430512807851954,0.2838552393003558,0.8672375657084269,-0.032640771750493736,-0.732522507998488,-0.4015240556122577,0.3028189887343117,-0.7627168469545921,0.06817713806309919,-0.00975550169111479,-0.6000018018578307,1.0830375886918553,1.017230819089077,-0.9891922115377341,0.7609983567917781,-0.390873042428852,-0.9308843065177056,0.6102713766215666,-0.4311293680646675,-0.3160550024255777,-0.10081315988522957,-0.6539695356419148,0.05659319824909369,0.695353752126858,0.5147900056748789,0.4479335579306055,-0.2450823740292443,0.35946062218963637,0.48987074631300687,0.891633376612921,-0.33160120806706467,-0.7440260534725283,0.1318127992069223,0.19749425742290538,0.1344868779917399,-0.3086432307397302,0.7904867354777585,-0.7578784576151718,-0.8744465990547095,-0.9150428675266385,-0.4698591507589466,-0.14376928356261978,-0.4279605239978606
0.6642099856446723,-0.48644650117686633,0.259311830660541,0.5726407695736454,0.29077692068583394,-0.08616318945450802,0.041237577163577274,-0.02894904764467203,0.2132665319362838,-0.18869525145466257,0.6532852133801411,-0.8288744445400646,-1.0496160683390656,-0.8792755092567217,0.32738564490535305,0.4845753802735747,0.19014901118271524,-0.06662764055169576,-0.9738212569233393,1.0667973284117902,0.6173527063698084,-0.3256969712154826,-0.37706109671115234,0.5918511279048468,0.4826392475816171,-0.6699683264668453,0.6484481721127323,-0.06362836444158543,-0.31081319421092857,0.6285461208911213,0.6130645754105104,0.17481838994974808,0.22068192633292344,0.6808827512079368,0.44878047904482526,0.6821640783447729,-0.3008731434860794,-0.44169051573320095,-0.28653070733632724,0.4493663160673086,0.6529452016498221,0.44543450849939087,-0.9850224596882116,0.3722748751025613,-0.6147115061975472,0.31025258054202565,1.072316787929556,0.7356177108807236,0.21284725551899636,-0.09612210730082754,0.17410618284342144,-0.6461141170661528,0.6004084227916705,-0.13555425645831448,-0.5448907056275186,0.8425495555921433,-0.3390275397004184,-0.061460383168059074,-0.725664084208082,-0.05180078121331051,0.6461373850445752,-0.24235400877159363,-0.9395661890575322,-0.6186106914797108
0.15114850744829628,-0.314540162245334,-0.5678525788341071,0.4711187149086712,0.2522072522146033,-0.41905514689022816,-0.4772487101564851,-0.3458815179379988,0.5838633463529207,0.10916127462144827,0.11473093998483642,-0.8259715123421064,0.4923985646429322,-0.19613454565443444,-0.6243839142176582,-0.07435232830522023,-0.8747233164336945,-0.007108468477569199,-0.9544277902732912,-0.37892701749570246,1.121678373814917,0.4943812688515966,-0.8516056474295398,-0.03912653287806806,1.0097962878911582,-0.07476480524204579,0.4072868825849758,-0.4581930927577466,0.40758007670434626,-0.5035892293291641,0.41024930292346107,0.12106923991896493,-0.2339487502871875,-0.10329797330710291,0.5000284744118582,-0.4682249594898925,-0.642491917305346,-0.960761453364256,-0.576857809065907,-0.08555423037720439,-0.3104772500052241,-0.6918161702168678,-0.5993558153945813,1.0901721130930973,0.911145070132178,-0.13131279586838074,-0.6065317385301167,0.41656594750385467,0.9853827197465034,0.011481734239195227,0.19429564814542302,-0.6857439395517214,-0.2652105770609967,0.018827827220908366,0.8492002352791609,0.17230732113006786,0.681042970983891,-0.5913449773272912,0.09186140006390697,0.09516963234743901,0.8551497123838551,0.16371883735766912,0.10666428045203818,0.497599730237001
0.7894884049215792,0.0960964554243443,-0.8162510231896883,1.0093789361507992,-0.18737013144053094,0.38392894428924546,-0.8797581516154859,0.035590755062273285,-1.1576561585309098,0.020149353946427154,0.12123829613562943,-0.5554183215733915,-0.9531263441289954,0.9459571102937782,0.4742610235292665,-0.5573147278493917,0.7642885272623414,-0.34644732315729887,-0.7729423899950241,0.15563124794653443,-1.0169300104089285,-0.34435060975588444,0.5821687021008114,0.8422611196552059,0.6598399639477418,0.05206988562565312,0.1475618057472702,-0.33306671000058463,-0.5189192787876821,0.08378765955952705,-0.6846984253327888,-0.25410829930690515,1.1364857027752076,0.3860758764667577,-0.05542967759571263,0.7366663055264779,-0.472343698325441,-0.5199146253082318,-0.22471838325459076,-1.0592969077934484,-0.39784737005779075,-0.5360587866321126,0.0410271704441202,0.8611364467909359,0.4292187717763315,-0.28555455881747627,0.4966732337542322,0.9308486453721484,-0.07545966708421672,-0.6465973173804062,0.4326248035414394,-1.267949339647928,0.006065191680001664,0.8431829337827337,0.10837959165817361,-0.18185384154696996,0.7050875927260349,-0.8202759129369313,0.6850393466559638,0.14003335842252512,0.6512049488569731,0.5104239159030772,0.6375780564507321,-0.1561389338043073
0.7727432903293929,-0.11697548323398851,-0.8220470277127535,0.8044789090682201,-0.894398278841078,0.5440702611808329,-0.5644023277912579,0.19213199298842162,-0.5187007080878049,-0.5428819940434831,0.49803218535778626,-0.7434471968774721,-0.7840059853593025,-0.7796479244518144,-0.4606801096829965,0.55220465552054,0.7955288509659373,-1.0932583266985987,0.2576566759583876,0.523197895127112,0.6139753786406386,0.4653740119022345,-0.9149710043990652,-0.36659380442402123,-0.7591684751031952,-0.6937813284832786,0.5864910284971293,0.7791232186082337,-0.4952247524613943,0.5517288285754153,0.6757723396075245,-0.5548382672273765,0.31669354351354273,-1.1166540719115545,-0.631547123954725,0.7494663192079821,-0.5767761212160237,-0.7533013773451186,0.6106864587931663,-0.27518943758582043,-0.6789404352824047,-0.4447659325338744,0.3806837508342056,1.1604146896433405,-0.24766567771061923,-0.778400271225145,0.7605656347977272,-0.4944947335982738,-0.4967362488299174,-0.3797268956370634,0.08217515258029216,0.5477354991553193,0.7133033772019447,0.3974827038184604,-0.00734690331922043,0.797408101529134,-0.5854369017946991,-0.834736211103095,0.6545993984330407,0.6856651922741691,0.20807490224345576,-0.41185722177496775,0.01875255127220167,-0.3057636708185268
-0.626722008960796,-0.5582763687676381,-0.16456188568091668,-0.9229167577835605,0.3545111511811596,1.0510155245415398,-0.5005104493675598,0.4844091514326415,0.19575423758787402,0.37353538017742033,-0.9149677979055908,0.43754202081743343,-0.17894952374898893,-0.907763126310686,0.8025775290326375,0.0671248629122505,0.9404349442787989,0.490786579134423,-0.4476766658239415,-0.6732201275971523,-1.0176663768798744,0.7433443163628627,0.03116996562918012,-0.630731326461536,-0.282595287389701,0.0417644444693286,-0.37615251109134307,-0.6458008324301151,0.5251221742351,0.1358887888435499,-0.08249630522445453,0.04521547691339735,-0.5672696778239938,1.1035864020480923,0.8524660459646125,0.7392246810441596,-0.08429345918169512,-0.3078845672267972,0.1341142788138262,0.5287619045773535,-0.7402167318821435,-0.7479397659221174,0.610357457880984,0.9235417429604498,0.7094818615042907,0.37814121111331656,0.7103676727126123,-0.3399014308935541,-0.06536796794606592,0.7940736295224614,-0.45427360039349785,0.1149674678037023,0.685823534682864,-0.8650038472911521,0.68304506943173,0.8367371796659705,-0.13576976876033597,0.6256691398670953,0.6857122359809467,0.5356266779090616,-0.3769129383702968,-0.17962632279934246,0.7177315959046945,-1.205664056075426
