-0.8095518486890368,-0.6296395814546045,-1.0880439513052895,0.41320990014352726,-1.2131246564174998,0.9411618863744824,0.11597419468307962,1.1651397815969962,0.1884731528948377,-0.296716562987775,1.1190617902644888,0.4236322809500767,-0.1647098057885727,-0.3444022627783512,-0.24555009390282653,-0.6327953161963106,0.4237407021406549,0.18133423389909786,1.016207610931695,0.45637677867107873,0.4858477292660198,0.5243959863257568,0.5532199093771468,-1.0750954378469966,-0.6912437889443241,0.12075618338864422,0.34888164172177094,-0.836588910453808,-0.7452933597915017,0.6881015403389458,0.17918911972625465,0.8408857162070061,0.3316069983425114,-0.8659514243042707,0.3443430319734546,0.39827784484703804,-0.2097270552364531,-0.16977788862171525,0.8047993903532186,0.48140062186408844,-0.9155650541891015,-0.07336442484147865,-0.6080033180344271,0.06876082537782066,-0.08053104007667383,0.5482202737852727,0.713883591668125,-0.43534699016904543,0.962731704675243,0.013469319563560414,-0.010036546375397623,0.6750891078365433,0.2753896219994516,0.32900605669890176,-0.9573836091479031,-0.5339304130275565,0.6466494006734,-0.20027007776550393,-0.1716831010561527,-0.533017794570435,0.4300187989125922,0.07403290443579628,0.2560354767979601,-0.049342356511054425
-0.28972281576025904,-0.16266666310887262,-0.012682741225252661,1.3884698198993126,-0.6062697995497379,0.8316661851094755,-0.5626352825616273,-0.19439597546361137,-0.8261969348543126,-0.3396137065912236,0.7892387318071351,-0.9166148789956408,0.0477400507950593,-0.5649233897708237,-0.18560256067468503,0.42401885055040556,-0.6933710076885555,0.997756766250216,-0.7612559921821702,-0.3522762781766575,0.6048655879162944,-0.5436003989486804,0.6250788757587902,1.1533391654445257,0.40584559152480837,0.5077928848984082,0.1133779651681749,-0.27925099487737226,0.5325341989772928,0.9439975270183475,0.8707452791783996,-1.2678783339686235,0.6287615931368453,-0.10171628261200069,-0.44632536409012524,0.6230881250945819,-0.7890412863891964,-0.334824651159448,-0.10269249545242035,-0.4454599834784376,-0.9155161532853875,-0.5811298847506893,0.6489634281622791,0.8907787484616789,1.0320863906834568,-0.2689082368076058,0.2662350596708241,0.19094136482344903,0.01990917518108616,0.1862254975460862,-0.10961277663968136,0.2688232699291891,0.6704311131128341,0.5929209953937378,0.3929559566597022,0.09230989285450428,-1.0426143625934412,0.2651550372988653,-0.0743106847227917,1.1555190273283826,0.043306167334398696,0.3468991305254987,0.6519835956468103,0.43405237539744046
-0.21868570630762976,-0.5588110151295751,-0.4660870123164569,0.8012111858548192,-0.33641281142265933,-0.35704723045839915,0.8983424913157236,0.3548007365247131,-0.24397079752705464,-0.9418303493949183,0.7137807681782128,0.8300747804149295,0.3287333479611098,-0.568042002017716,0.7955649871455933,0.5123113318938404,0.012321325300041916,0.5974630999969301,-0.7631866207727673,-0.6703331846500228,0.19491509366154414,-0.09560229418844969,-0.10377044086679875,-0.8599876025792235,0.003448010991723066,-0.31974587395829873,0.9810963858885561,0.18648264494182165,-0.5191722376117772,0.7543757875444494,0.7125401740889662,-0.021676596109235405,-0.5110664923720909,0.3569511444423529,-0.17792713814226907,-0.24188141402978383,-0.3744570196222837,0.37811839552849286,0.16760214867265338,0.0473567517824344,0.05258335649014438,1.006118668453441,0.8150358025860464,0.19749703241994604,-0.7088557724063265,-0.8849164852915768,-0.4978177837216786,-0.6189130273249107,0.6978797349201202,-0.8472557240177021,-0.7752011936451556,-0.6934995827033787,-0.8265845468228918,0.710256188636638,0.16017006418686014,-0.4837109970758471,-0.7230605650914105,0.4060406894998623,-0.6798364646360748,-0.3119539124337899,-0.6828738388287529,-0.35122337412604765,-0.14038524375480352,-0.27858159003592053
0.5346934469029696,-0.5164067371399813,-0.9448536013315426,0.01355531166809923,0.9154941903461605,0.45327613004283235,-0.26501513538885113,-0.5382817574387465,-0.7163999323120422,-0.6441399896642211,0.864419453734713,0.6088163020057631,0.9538671314045665,-1.2587290812427578,0.019087608785170865,0.3723433408824462,-0.2823429789113109,0.18167967907980903,0.4604931459840877,1.1421375780290677,-0.1995294838155376,0.1695841654868884,-0.509599991526296,0.8364491891921277,-0.4711067602258892,0.8512625535950773,-0.07522928667882814,0.9023593805906783,-0.2308023217298678,-0.9581745424639497,0.2835342007139967,-0.11731300311158543,0.509761433162229,-0.9210440553922193,-0.18515871903915918,0.0011189431546789336,0.3541774304988462,1.0865836683034977,0.27975253975835757,0.5929325636664489,0.20404939967682417,0.08981143230588695,0.9970086505744715,-0.18922130057762565,-0.39253967042446397,0.48183428143733203,-0.30294969024717633,-0.7548044361809332,-1.0770572832859666,-0.6312922833710484,-0.05454103293138496,-0.1197567358925023,-0.8346693297590045,-1.003586822046903,0.6928200989774823,0.2112567780894546,-0.8803900877709798,-0.9487097957775292,-0.7747775415173889,0.5063606220360302,-0.5795770406770039,0.9913985217479582,-1.3379108567424753,1.0843175702236203
-0.39833392547042507,0.6197707860222321,-0.24289462511578963,-0.5351443703681121,-0.8796292745470622,0.060223976438221624,-0.21841371097812307,-0.7819528888094108,0.6002641630421885,-0.4116832269959255,0.1366374213975429,0.6224044532567408,0.5376046223379715,0.00010546032237548908,0.35153330131845506,0.36612228449276624,-0.061465005851681256,-0.6744565644302288,-0.1449715341879982,0.8314142507691817,-1.1272950364495957,0.6593410984469557,0.7933826690457312,0.6473967211830897,-0.4368163962037992,-0.49749023108423374,0.22671648642725634,0.006507615952354925,0.7864013607147347,-0.8273786546230516,-0.19837568509527023,0.05572011711540602,0.9507699560520642,-0.8429952564578375,0.39408967207630585,0.6406749354955429,-0.8930577877882167,-1.1008420532416874,0.12643577574735973,0.4675482544775687,-0.8095335326867333,0.8114071839103303,1.0762040181141004,-0.686752475699931,-0.8747097166595088,-0.006185477321491523,-0.6155078444908261,0.2910608888197042,-0.6142815292625063,0.03235519295722178,-0.5468466040869516,0.1665151958387132,-0.1121547158618195,-0.8423049141212187,0.49091430853794793,0.11914325707269889,1.2490535506257738,0.2507812469769136,0.200035914300002,-0.2603263989721896,-0.3615304113443383,-0.030109427182574616,-0.8873120671835466,0.5041353003494544
0.5424267587573537,-0.41219647536050247,-0.09015657734478519,0.30067386572643034,-0.8733814699020208,-0.08383624214999491,-0.4900622635861167,-1.0283056430605633,0.3812882751895747,-0.965051544690089,-0.9174432090287898,0.7298322339044409,-0.6563783815471015,-0.19079655123529696,0.20737339177157593,-0.5705730738813248,0.3811385821155577,0.6325676134516527,-0.7557276844625479,0.9607790566565638,-1.14296044460721,-0.6278063830927556,-1.044414393161276,0.8959966392701361,0.9013253103310308,1.1895010497653995,0.4117863529375707,0.06430463308830185,-0.3583283232331653,0.8318783403276825,0.5686029997590438,-0.6774169169827742,0.8666730105395608,1.0968894170078978,-0.8470677741119205,0.9034817345668019,0.5676586806747796,-0.6355958931236693,1.081482807167768,0.19372666853654774,-1.2087328244757434,-0.3917338461424409,-0.6746107230288658,-0.6267945906021233,-0.13598676265414159,-0.5778726742266564,-0.8308213527064222,0.20994152118187237,-0.5298707074848494,0.8043094962414155,-1.0595512008331904,-0.25169741590744665,0.46883427762488517,-0.5000728114235186,0.13563480371151498,-0.5935251051994025,0.1529896276452824,-0.8599870080032803,-0.3790784961924626,0.7239599371018515,-0.25471814452963626,-0.10750163956412008,-0.762585582336055,0.7367537843091672
0.5222163088089065,-0.8247698857654013,-0.34669760853759246,-0.48597286308769294,-0.19190585015017403,0.037553382989970574,-0.01943882928624767,-0.28971879309535054,0.13556058968861784,-0.22442610005203795,0.3672768949873083,1.0075520757828451,0.3675250503540156,0.8641425781057452,0.01565959110394076,0.0634243770489142,-0.37478139882136885,0.45972577601725156,0.16729970952257822,0.6661171470976542,-0.5935445432809244,-0.5527033099715849,0.8961144808616901,-0.09282563604114916,-1.070038339215195,-0.7930126731293015,-0.12116359914493925,0.3129508265386582,-0.4883822516467536,-1.0083513080003683,-0.0412311775310534,0.8028957049235991,-0.7951461856281081,-0.01783716564540494,0.488072592715522,1.0090733022892797,-0.5886812425683264,0.4169834878703559,-0.5503604454168743,0.35227839250831566,-0.29010622752624105,0.36445078939484354,0.12619875816357817,0.5035809559618402,0.7983375277926072,1.1093745707250309,1.034133514207707,0.25506745391194185,0.820751769009888,-0.09058964857812771,0.8570265557520083,-1.1285005606461374,-0.5631831425385193,-0.7085802454433808,0.6069225168935874,0.5573961482374612,-0.19559952513262402,0.6673121181253615,-0.7608219860669949,0.41973958126802907,0.8225426446430542,-0.36253179976357586,0.642908284750877,0.14357860135684442
0.887519828228874,-0.2511244850636614,0.8146612256778418,0.028614139462746338,0.6154088532368072,0.1084493212347312,-0.6402654423104477,0.6603627340033371,0.7833616265007675,-0.8188975679039451,-0.5493514672126804,-0.3230588625032701,0.8859845983993154,-0.6434080038564325,0.12788676491865736,0.6925403227699682,0.7577400087874485,0.7652907684428317,0.32310828272016456,0.24414281568816823,0.007345097494864748,0.10265357401661171,0.006921556698428671,0.5676825462770018,0.06368515484180547,0.23873460558150866,-0.1677462838081834,-0.8081458299005344,-0.4844743041095273,-0.09119681335571805,-0.5005945182816514,0.012258746019564004,-0.7504744010959719,-0.7582859074847988,0.8244216040515897,-1.0080468819203352,-0.7785716065254988,0.8758294098537756,-0.17443810602990023,-0.26743468746988935,-0.7556355175486684,-0.2060856247865415,-0.6233322254814688,-0.4933574668125017,-0.6263559888136566,-0.4578275873401567,0.5054739894376613,-0.16460259315269793,0.053353300537887144,0.5216425206551327,-0.07984736775285882,0.61618540888911,-0.9162619244529042,-0.2990613398535126,-0.6467048266077225,0.10613304703502924,-0.7396556936650245,-0.13640769677460773,0.6415804091234911,-0.09776472932538649,-0.5386925791291853,-0.6962023245757559,0.638462695886885,-1.3256144353541603
0.0630754525741796,0.48020052123849905,-0.13859049151781166,-0.7750415941248769,-0.13408217342480902,-0.5961100172545595,-0.012588034026897316,0.34049248382976854,0.710863143866308,0.6701555954294378,0.5598793357731496,-0.5204342324375598,-0.8306701255854176,-0.7016944857707702,-0.15334900998333753,0.9341097000364115,-0.21526077712737765,0.6822716005829484,0.8223464663952956,-0.23308261073594563,0.5586610398260783,-0.2153137887131023,0.402387246763407,-0.6033986621516333,0.5006750388982393,0.4883840256152956,-0.9757275510164993,-0.6429445074102323,-0.9169409734044784,0.9732885540492764,0.5124496271896677,0.03928987555565972,0.7502396292106832,-0.5835894993030384,0.36255464031859463,0.9840891453138036,-1.0425126858324876,-0.252620156617938,0.11567032991763354,-1.0804717996628168,-0.019648010292864948,-0.0061470288777836085,-0.9647171682376005,0.23296768997737635,1.0018403924892296,-0.036788634641749335,0.43121815301656863,-0.06388726371480193,-0.3705872837312058,-0.5203441601458467,0.884740478953245,-0.07244948262834386,0.27400144612216115,0.7719271809687406,0.8015336645402585,-1.0478729190203635,0.056421881500036214,0.21860959235841393,0.3343391964337784,0.31357700239330943,0.08107233156096408,-0.46377874094500243,-0.21752402946489596,-0.12134898423230689
-0.6841407696008861,-0.0035876556080361166,-0.5230372765950113,0.7183885459293268,0.36804179162911105,0.012758499267079462,-0.1786028638093347,0.36101691386578877,0.8839302599789289,0.2535799610532531,0.2647893482716303,-0.8341114628327296,0.7389168795326446,0.3946414131873551,-0.5175315327887643,-0.5925657028400679,0.017807854784045937,0.06117225270559619,-0.5830927627223952,0.7831811127782342,-0.44232747205402523,0.9223028228286285,1.1177971970922562,0.03241016979480804,0.9302097480443425,0.5206182445162555,0.4030033639060441,-0.7666449535212454,-0.15176541358836854,0.6848546421269202,0.2725223366814883,-0.1652370169727092,-0.7809723829018987,-0.24683569958399887,0.5931201845248742,0.3527636321596521,-0.3242567980564799,-0.8387521060570318,-1.2664863786010783,-0.6560614208345911,-0.5468579562037883,-0.2366806863595913,0.512046494043611,-0.8730508046366027,0.12994002127225593,-0.1600143611071034,0.757624434979514,-0.2731457240149642,0.2409899178022086,-0.5047734561154134,0.3656838017941534,-0.7218432293964254,0.1906417873306977,0.5545901072989593,-0.008653164249376108,0.3382229004259459,-0.5307355896005814,0.5914279220651294,0.6766779767024541,0.6331107321165589,-0.5077942895335108,0.17437863836265785,0.08998697086750328,0.10477800331570926
0.12834885709470994,-0.15125161338920184,0.44600581020221175,-0.08811422434127619,0.5571049905110783,0.7112880912326817,-0.44841338596176644,0.5036609239109697,0.578402412786942,-0.37700473115543254,-0.19602524115918082,0.9828134519773286,0.5426915229772625,0.9501420978709423,-0.31274787192180015,-0.5267151718538677,0.6713962176943756,0.4348266722579819,0.117408851357391,0.5672929560664857,0.07575804951041412,0.4804063557751712,0.08917001559803975,-0.830882535685434,0.3632504862052424,0.23658725458546023,-0.2096885031596294,-0.6108907826996419,-0.023890415176982968,0.3271207625253547,0.2112914979632549,0.22721075371942917,0.009609871033683659,0.9628615119516605,-0.6398373923062505,0.3350332148619837,-0.4915235813539026,0.6076794627074349,-0.4759673435399113,0.9730366110698392,-0.30116032177461033,0.33121099695943457,-0.10981281692031081,-0.6900606170187986,-0.3213701116251736,-0.6436111845948854,-0.3663476667512714,-0.7517327743691988,1.1659622038692583,1.2703335274011949,0.6794410131220534,1.362050112952602,-0.1894049766438646,-0.6730260377574555,0.8995202780774054,-0.11608839066816809,-0.09411818271425901,0.3518245746939962,-0.58065745759313,-0.07160734232239707,0.2802377132821866,-0.048015245668511564,0.2974424046407476,0.643557790377201
0.20186816633321375,-0.29851240855688055,0.05029641766270196,0.060450378882202796,0.09758721151792352,-0.25763172189457056,0.21304590613981733,0.05016059513510354,-0.3920664841071052,0.9088046027580361,-0.3299587688054934,0.23033669863182096,0.6920389875608541,-0.6449096184976033,0.43461139634380036,-0.860848292526132,-0.09037427471689075,-0.09711672480437195,-0.8648599151368214,0.5504141428466365,0.7329203160491554,0.7663099767078749,-0.3137614583067266,0.0716222676739334,0.034686196172791034,0.3275861560537937,0.3217533280013569,-0.5275259440335103,0.9179846169234711,0.3606114552401165,0.08624307418135731,0.5820162311125574,0.7781219395969481,-0.27752684282998485,-0.6049839347755096,-0.7754646745532482,-0.4687527859816495,-0.163318167072286,-0.2836110492741466,-0.7391782400022746,-0.9143159868331118,0.46414680707520384,0.7925642410602456,0.726825197277523,0.15046144193285432,1.1621955633002843,-0.5116903593901716,-0.5195829380859959,-0.9953189919325275,0.7071154401905801,-0.16860801559991306,-0.7027420280988932,0.7713800727891635,-0.3571240390918221,-0.4793886075423552,-0.033847259585900624,0.7949104274537332,1.042266208963353,0.21298365684870219,0.49294156944150447,-0.8116754840592642,0.030657806318034664,0.39037555853527683,-0.4770392266343795
-0.14799356905718716,0.17306775619833847,-0.7116213061896436,0.8487890107293148,1.0077563653719062,-0.9158839301359581,0.2166504247497214,0.6584300443137844,0.0660611617483566,-1.0144878737572585,-0.9292794950053251,-0.8446831238412896,-0.2830352733507521,0.013449313307872024,0.796441813856464,-0.6817107966582573,-0.18348508846035042,-0.6355763856770357,0.1775054578651014,-0.6281032615432083,0.7473562929991163,0.8568600053528195,-0.48294900369513094,0.7276128911017754,0.4233797497259558,-1.0396345283131543,-0.1248450444697478,-0.24965982374000148,0.7187919524456312,0.5306881853222593,0.7306273413958632,-0.6647208392382904,-0.7109225730283402,-0.22310096705108634,-0.42259429859164577,0.4111918029859825,0.5696145518846902,-0.4891675481057226,-0.845445402311003,-0.5191968810348327,0.3807353685694679,0.7871649283371474,0.5880870207747991,0.12755169856800005,-0.05200209457335081,0.5001719072251773,1.4250043735150992,0.5421560047383528,0.008254078794411743,0.7060143629439674,-0.2714133833389428,0.5154362906089373,-0.8137628320721043,-0.6906227337076838,0.16430354125997798,-0.9586673233332211,-0.3669842906510961,-0.7933801854358852,0.5978734608449041,-0.17414659388408416,-0.5094350260992507,0.07994638885439191,-0.05518821805395528,-1.1483322071140911
-0.9860726117844253,0.4113903404502157,0.9412685882297847,-0.3578029225577218,0.8211065681445011,0.5711811622108212,1.12920894433683,-0.5548880533641455,-0.42022215271966623,-0.1745206378069734,-0.6787881091511024,-0.08115416459837319,-0.8613059482039248,0.7287582167524229,0.8577679662173925,1.0643336253032474,-0.2523420099711504,-0.47813535049217204,-0.30244158713604663,-0.760648787930098,0.33448204235542023,0.4017948439850486,-0.06104238535684136,-0.7522430725406107,0.927533801511285,-0.9935214012749402,-0.14340552266751747,-0.156883606433367,0.42636475288034636,0.8139708953841174,-0.5534492649035744,-0.13424995489586034,-0.26573199982144846,0.2333900478289249,0.5575838122218735,-0.4306168813375877,-1.034769853296392,-0.058006230260338326,-0.634855205499956,0.7187424435402016,-0.7952089190778359,0.1146485383852817,0.19522367779993255,-0.6151487956563334,-0.7226823360445256,-0.14098322293273916,-0.6052465816950106,-0.19434661370176187,-0.29717878755366334,-0.034097829580957195,0.7395615365821345,0.41380763139189214,-0.028698938376107146,0.5025524046366975,-0.4001930725078161,-0.5196522645615634,-0.9619388203586299,0.8167107763201593,0.26591878103271055,-1.0628958811692226,-0.8478934978525966,-0.39948127330406824,0.5141085037621034,0.01755265562435223
0.5665207376088568,0.6964487135110408,-0.4379048461072235,-0.6908213294996846,-0.7062170881061661,0.6865925576497846,-0.7886336067512028,-0.03141303555517247,-0.4570683840583655,-0.2529625551389393,-0.7308967649696142,-0.1686570351093328,0.9608669023785612,0.5237744778535928,-0.6856257716529912,0.0017832813179399082,0.8541030443379537,0.7150647767385752,-0.49041311577687313,-0.33399671296455014,-0.8340459244611311,0.05506048763139927,-0.13507245032830392,0.28349322173732855,-0.936022963897812,-0.6854086919292912,-0.720231416814603,-0.9277874407163571,-0.19813941442533659,0.4127608036987398,-0.6014951165859939,-0.719944401937625,-0.2471158403334492,-1.1759396013545798,0.1842367038514497,-0.9556695949463248,-0.24613234729107936,-0.20530854634045556,0.06962175979093235,0.13253914637745554,0.7983387117768604,0.5890215950302073,-0.7362068705455797,0.5341080714159592,-0.7847395345858417,-0.34501591349713456,-0.051551121183091464,-0.3033867340185741,0.7164676482306582,-0.06544063466961716,-0.7535826902274771,-0.3941693542239456,0.7980515299872548,-0.1448387663155697,1.3025199494012256,-0.7311536515113201,-0.1517256602188375,0.8147612757448359,0.051369033778331644,0.7852798461104307,-0.46901295402459786,-0.5135406244424636,0.9648598916029161,-0.09849266429274056
0.5122872562081416,-0.7240031163749221,-0.6234930521273054,0.8095590378627259,-0.7893702872772205,0.34986580750366847,0.12698204819514647,0.5712298319555108,0.16453932779881408,-0.009172068687177903,-0.7418410785937493,0.8366858519340653,0.6925950833425297,0.6561387556628535,0.9087450523882663,0.501251759948288,0.7090110785046035,0.7303252092124449,0.9405470582934898,0.11797000765490859,0.8881455847526111,0.37928732219004463,0.23116399270142562,-0.6043525857522855,0.801614576843452,0.9162444345527401,-0.2945403323053416,-0.6568364849695647,0.7554482368556122,-0.6163368634413395,-0.3521957511500815,-1.0477199730383375,0.20766836051811613,-0.46936347432143743,0.7510107177812866,0.9713612833946519,0.5635654842211222,0.5542880254426369,-0.600127185214283,-0.5525410584078935,-0.6533078556223033,0.7577361705833825,0.38340105183483975,-0.2573481411516335,-0.5127522352380772,0.21100137103090255,0.5672908148344419,0.32000847697735035,-0.5823679942988725,0.22401764013830847,0.03515287737837168,0.3423423291213693,-0.32134981897612297,0.06616672205994878,-0.6929250785039833,-0.6675568047253957,1.0362945121837228,0.6260420729701346,-0.6864683706648936,-0.8447308065000593,0.638384813124567,0.42740747989269356,-0.5912743173391676,0.8989707226287412
0.5211921278534681,-0.21492087870738685,-0.4422065030640328,0.9048163788678316,0.6088182183152672,-1.1921859490023041,-0.5094591674820665,0.6945994882622843,0.46818125339800376,1.0104991110669104,-1.084110570356468,0.5563535144086775,-0.5916546895847746,-0.7999849999998604,0.18461931630436004,-1.0398293552668687,0.9675706968364087,0.13531049785420468,-0.3275913623651623,-0.8003048745686762,0.3261095456480731,0.9864684628387019,0.14561317314954608,-0.6475096951964812,-0.5388262440125028,0.42278575483570957,-0.11862038497018529,0.6902974326209972,0.8401770839892005,0.36662859622575766,0.6393229473921794,0.4977902807298716,-0.6282113307404681,1.164754784786774,0.26536015166591276,-1.1526587919689768,-0.6141500920898822,-0.6623582141757004,-0.21445093131833365,0.6144871892741763,0.05420601122962519,-0.757629529247302,-0.14949769946832847,0.01738675228667183,-0.6740554130389612,-0.8672436717810695,0.034607656564988765,0.4864932906622693,0.1854007667882137,0.776064794883496,0.14307617604736575,-0.2918264646660068,0.5960071296843171,0.698812219201365,-0.46595829581098236,0.3361067197929169,0.7968723323468534,-0.5339357349481653,0.8133715903358871,-0.21863798966683687,-0.09638091498143195,0.6338048915471353,-0.9648691567266201,-1.1512457390868136
0.6458862370385364,1.0100764327025347,-0.7940270199295136,-0.5146252261637312,-0.3705747960090912,0.32566946242689754,0.6816873086331474,0.4809549070117364,-1.1727314738384689,-0.154630533563974,0.3338328009758207,0.19448571880173446,0.21721188627329893,1.0147166976974977,0.12016347701389159,-0.5189289597229588,0.3491975286222386,0.21820898918425657,0.4616782136863876,-0.36680064643263477,0.06638527565652708,0.9197950619340914,0.4834010553161859,0.6891053924546537,0.8267848611026267,0.46753386553517107,0.7998813292348241,0.5161884725004916,0.06412618749514025,-0.14854260703356736,0.08034496573892891,-0.48525605983089976,0.03413898560141608,-0.6653703491048139,-0.05221327852213252,1.170097877877177,0.0019075931963425247,-0.9521916601294373,-0.059857277347324434,0.23582461591133386,0.31849309574020473,0.8533967741297283,0.8749967488284294,-0.7495213940697825,0.22434403415748097,-0.6829490934061726,0.22483419977098001,-0.07471133075550127,0.18849347085486745,0.9588238703084124,-0.23835746134756694,0.5804138886062776,-0.2330028694975669,-0.8115468199719985,-0.16402974891202765,0.5873339221817302,0.3225237579258393,0.3044667558926181,0.4210394025391796,-0.6493721827329355,-0.23552445560828594,-0.30384410481536817,0.13595075226392428,0.061214452676455575
-0.10565038536156618,0.49337646533971935,0.4781280312678333,0.06933637983445186,-0.0713305063799542,-0.5553558986717486,0.2404933086998127,0.5894095155003231,0.6439642618499144,0.45946165198311095,-0.08897040440672074,-0.6548666087007171,0.6096555064492046,0.5177751863181271,0.5240792513269961,0.4357629893892996,0.6597716679536653,-0.5648963509154223,0.6284047759794604,0.10222185765293357,-0.9616626984856154,-0.34773960095576983,-0.44128503465839064,-0.04167550980316906,-0.6906638345537705,0.7117459524878369,-0.6664403394515027,-0.7989792286527265,0.47150873114093406,-0.006036114808301185,-0.8805741902753572,0.687694388581527,-0.20722666796086106,-1.0375898206046972,0.04265736982966979,-0.21164947097712283,0.350181638312936,-0.4903993011063506,-0.8571429447025751,0.07874059601757967,-0.8653173292605699,-0.8348727980321909,0.22460169996109938,0.9517920169386214,-0.43084667915737795,-0.11279816737232175,0.8189537259191806,0.2521713017798747,0.5291932662382437,0.28810304225632977,1.0695341921747072,-1.0728791414736627,0.7836855655439238,1.0190080947556597,-0.6651920739356372,0.2699769185271468,-0.6360841588013291,0.855788554102023,0.324429855577563,0.304302842581177,0.6534974488586387,0.44718612435602834,-0.8145858071016203,0.3676437725828926
-0.6262137000468458,-0.16842721698252067,-0.45588624602884514,1.0803041843169938,0.13911282444657716,-0.9747365083315198,-0.7841596054352663,-0.24742499575660676,-0.24812150874617886,0.0426972810445234,-0.7930087751139322,-0.6967896494619729,-0.7173199301954902,0.7509911902307103,-0.7613022843514988,-0.6397466354918329,0.47189697230996996,0.3489904922756485,-0.8171892897137876,0.29977414999791396,0.4871855890597896,-0.0009345383269016988,0.7859079403824966,-0.3447224933722164,0.6286665574509506,0.12633383922419866,0.7373761328231517,0.47447308760445217,-1.1344847687216786,-0.6151834947315792,0.4211822179173641,0.04280544438148995,-0.7473327190768649,0.7264404627283466,-0.25278633818174956,-0.44848376240421123,1.202600083680751,0.096147615465177,-0.7712604546709261,-0.6306316405908319,-0.9047752145376501,0.0846010146835697,0.5887837226722444,-0.3799517935572972,0.32149193996520137,0.16476649312767705,-0.39568584856487643,-0.5280685631648497,-0.8951771261325547,-0.014875185597934104,0.6179106287315355,0.5713100971196361,-0.04390506300422001,1.2151045412329016,-0.7912344005694352,0.8105039885080099,0.4137760297866643,-0.7848145236780498,0.655674455668622,-0.28198051347495645,-0.025418783185099957,-0.40949265213032454,0.5030577290429717,0.10498386334931699
0.11463801463130663,-0.3332760478727363,-0.746587000596361,0.9848608479612257,0.26377169970809133,-0.40620793860869475,0.62470334759053,0.3350384006189895,0.8097555568796868,0.12798027023038902,-0.09660525350475083,-0.33922831495492656,0.49455417954152114,0.8647214197574226,-0.08797765828879398,-0.41191862825601755,0.9220284092860707,0.33772144916795377,-0.32072442731625617,-0.07380821862221602,0.20382570891107069,-0.46820010483417385,-0.28594308607164987,0.3906869282627201,-0.36652906442150684,0.6466812832521956,-0.31331000676620807,-0.3583444232612548,1.0227589737660998,0.9662175246340188,-0.25083097132760757,1.071639320685205,-0.633410343521937,-0.48118209372529497,-0.7319995733697198,-0.5142817604154442,-0.19988701341489523,0.0435140146886681,0.11503165042523955,-0.7148246848102621,-0.844748917446914,0.2697755206781861,0.6487049880540556,-1.2507213166717983,-0.8820291253521508,0.2070304252284651,-0.07675738757856129,-0.5422577143502935,0.09602297354584452,-0.4715962077596777,1.1759167384369167,-0.5553274660574964,-0.2079536262751075,-0.5542675794401828,0.1025876850962762,-0.682878432954325,-0.2944832228975373,0.12247071645717779,-0.16647913925672475,0.704882699846414,0.8096573056200617,-0.533680181224157,0.5580724155167079,0.45598902981494105
-0.37717993394613314,0.43302485060466644,-0.7528585454637704,0.31147211137802805,0.3833502380167573,0.26383204894250223,-0.7646767280044999,-0.649655390162972,0.9278398413339306,0.5823440197748136,-0.41951846907219315,0.8553579883285283,0.33421049719760054,-0.15851994094968652,0.9617045845958903,-0.49977369026766405,0.5806959101417681,0.27667819222020507,-0.3769449300804956,-0.9085809772514989,-0.8876401859236852,-1.0300641607055514,0.6186277872779894,0.5243168239928232,0.8169500617415293,-0.5981104721054125,0.631941934650728,0.28036344401659297,-0.8882236064800298,-0.6006201905853429,-0.44189278889026506,0.9812778159293245,0.0769218415678406,-0.8238581800956284,0.6170188659972287,0.2784948991230971,-0.5772682337212357,0.45580875659449327,-0.5626584473766932,-0.831605957337907,-0.5287468038577344,-0.590990899164973,-0.4701628284209084,-0.6545208260874774,-0.1453813397871585,0.8985100209339013,-0.08645873219986139,0.7582622821814147,-0.8032167715282521,-0.3234020177216084,-0.20376362144400575,-0.08994177675215005,-0.5132874464101509,0.6684675423414331,-0.779555683123824,0.6364607600985872,-0.7307966343506952,0.5656778096252407,-0.6665464681796686,1.111521796902417,-1.1138635296098005,0.923085542557013,-0.5069407494892264,0.7460147142440107
-0.07403104788472217,-1.0484550371469106,0.0375167610218277,0.7430659883036825,0.23922320176641232,0.3258021595141153,0.6154636500620492,0.293629339294411,-0.6317884881347212,0.31666121989253965,-0.28827314950318206,-0.09542428698153932,0.5245478194971344,-0.6681328272479543,0.12496695603392026,-0.29386794013367634,0.4861423561502769,0.5224555171465874,0.7699085748001486,0.20999821380864153,0.13842146067396333,0.35234678363035243,0.07924620745479088,-0.8639650873771816,0.2686903586937199,-0.267325863093244,0.7962052182538858,0.6208733575464438,-0.15342845844290715,-0.7852299507635926,-0.7473772919974799,-0.17637640483289432,-0.8271022078787238,-0.20088384621153527,-0.8720421773389588,-0.07729449188665831,-0.4145285920746844,0.5184848866109787,0.24664406546509482,0.36584289112372903,0.8582052005788694,0.3348988541944386,-0.7312139919639845,-0.7074604232956662,0.3328864841255365,-0.21831471808256842,-0.13636788983884093,-0.009794114405930462,-1.0657379229675987,-0.14660921389207177,-0.2045334805933207,0.9425930434909989,-0.7105824957119586,0.9046548306798772,-0.13970979955836588,-0.9073128025831904,-0.5680444784574499,0.5386092328713353,-0.8991981752564888,0.36711022070828336,0.5332836179788517,-0.3442894914886958,0.6314555434256705,0.057901301676014746
-0.9896257428028616,0.02605341653482788,0.08988342025315509,0.2557510247201127,1.081965533255254,0.31855835996461307,0.8511027717235264,-0.3710748345813032,0.07205700657894835,-0.29433030790537607,0.3359538809367192,-0.404521023613189,-0.7505044206943942,-0.4366452125884409,-0.40584153461783923,0.8040558090454542,0.0092125437301519,-0.8979083458276992,-0.35677591751244575,0.4627359998305001,0.10253171736370875,0.8960117433619184,-0.8423597400948057,-0.407910392410327,0.822077939318516,-0.480941115668016,-0.7729137508753693,0.31821424574445734,-1.200953606676257,-0.3403172115391374,0.4107132112716716,0.5069415484341189,0.6590533286134446,-0.7448131715321838,-0.25596615738054956,-0.7542860736613197,-0.6965862545810847,0.7720670025597557,0.8973779105132842,-0.9679459467476264,0.24572197046568617,-0.883084771939553,-0.03851258477206969,0.022704460194838155,-0.5193228636961063,-1.0774332312913701,0.60326898971387,0.2324020573901341,1.0315943937007483,-0.40880753565207534,0.4410998089360749,0.5095910656994137,0.021612687111500092,-0.8060317940570142,1.0201248567582242,-0.01708296604244952,-0.29124724760943843,0.2866060459084276,-0.631687215582529,1.0162206452407598,-0.274981775228093,-0.2079104464741665,-0.2864481877844674,-0.2686690595158906
0.10987284641778478,-1.027234474475918,-0.8153932217124169,0.725194134602266,0.15445704912702468,-0.267954415810276,0.804195901233891,-0.18247051353312066,-0.020426142338567294,-0.019435246809813053,-0.9982526235589917,-0.557527963576927,0.49230733073907784,-0.17379903705514582,0.5117095561710574,-0.8224131616063701,0.23635662801289084,-0.29638709155307885,-0.7916609692472056,0.4049993954594586,-0.8727305571177036,-0.9002665489922943,0.5631319826901079,0.2677473810776364,-0.2507010819602434,-0.9357385964587791,0.0063446196681117145,-0.1691263123340052,0.9142771320345386,0.9535334082691038,-0.63563394948867,0.5739987203799547,-0.7278812213532737,-0.03696271739666897,0.5606082622570203,0.06814085878084535,-0.30792868664973516,-0.18103538825797738,-0.2671718392506538,0.7012862777011216,0.11218930785504305,1.00613165943657,-0.7724190013858652,-0.7845167762569816,-0.15320531328787462,-0.776698045861926,0.1630223309181154,0.2657079329876927,-0.7356348993122681,0.4300381004116529,0.7993584249358466,-0.8414326203520143,-0.6611448043885373,0.3751489945416909,-0.5310417381046831,-1.0497393492982356,-0.5487202638533004,-0.08901458897227857,0.33506883739860227,-0.17235014406560561,-1.1668527526647678,-0.5849399651307667,-0.5126228617816291,0.5780748835753537
-0.6815135013797109,0.008317645625827423,0.1928676980342086,-0.4024753361792851,-0.8815704883580359,0.5767498140053513,-0.3472774751769331,0.027785550193924452,0.6768665939848846,-0.49542714824160006,-0.7205211526551256,0.5674571612187259,-0.2965889649290846,-0.8665399921651595,-0.5428092882358361,-0.1592591561466617,-0.47680501001184894,-0.6733225555047352,-0.3835775894852696,-0.09317596821636868,-0.3589180582803694,-0.10270543466871798,0.49363287213174445,0.959058580976996,0.31974750130608154,-0.7255637348067292,-0.11232332999104432,0.8490897549714815,-0.5462777176487195,0.2900208226705053,0.839224295938403,0.6384597771722137,-0.2558005463916688,-0.5942290700230141,0.40485670515862887,-0.629127984471705,-0.729898163733849,0.39327126135424795,-0.8657070836855485,-0.5201414767590204,-0.10896569807821521,-0.9678575247114526,-0.8380752073960551,-0.9879088493706603,-0.1794668089471021,0.3148007006680098,0.7894632344676397,-0.4858139366684472,-0.4683489195863333,0.6045910262617709,0.4204887609447367,-0.8007808430551107,-1.0379719192930732,0.12280117642107863,-0.6951122478089162,1.147554855124036,-0.2227961863405994,0.8581648292435523,0.07389325085605361,-0.4327246752306151,0.8595667392488042,-0.5048150924570022,0.17847353649780323,1.0481596165410618
-0.9201986750036388,-0.15694562287693176,0.07303389295684327,-0.009912996565811905,0.5507318481467885,-0.43784658823148387,-0.3179947609978345,0.37449329006672255,0.2057822920848943,-0.3458686152756136,-0.3941871000252707,-0.7145103393846306,-0.3717433184951645,-0.03529511741938858,0.27743589871954194,-0.4208301661970029,-0.7024908232629438,0.4000494861041886,0.02353884424030009,-0.3177855327365672,0.6644332961168705,0.49378143708473377,0.37002699921397997,-0.39035966666086797,0.39128838104500596,-0.1305667413756669,-0.6863787177594659,-0.83338477309744,0.3637579402040968,-0.4206299976753073,-0.3485723366657416,-0.6136420440297037,0.4250831392350853,-0.07696547849982771,0.24769343064132981,-0.4091866591216794,-0.4849887011034023,-0.5678210867641879,-0.6429265261684758,-0.43849851594374534,0.8276865288637353,-0.8539532182016774,-0.5793040130458862,-0.5457352440631396,0.7503675408590373,0.1660801383292745,-0.0883386841060837,0.2302364543742893,0.20072345367406633,0.8108469637033794,0.5986880953201472,-0.3046622247417897,-0.7793858105610217,0.6712604841319885,-1.02187176263472,-1.0276757137559507,0.8754063658486072,0.1233883943976153,0.1806341263592587,0.11383125688840726,0.04861857733683621,0.4776377054534831,0.781195987816582,-0.2230569600996354
0.4471038077218441,0.5044394322552865,-0.018982754305045743,-0.008729770093036826,0.7679705065241288,0.7343706190186765,0.5822107824497499,0.2192472851297463,0.8941538523377066,-0.2139243328548763,-0.800335723408331,1.0521999665154802,-0.5475310779230174,0.5031061479341661,-0.08315878379342938,-0.13131229212499762,-0.2850642408652991,-0.5893889118584132,-0.04327675862684445,-1.1766718643311451,-0.5483257851949095,-1.1598611314035296,-0.7277468902878752,-0.7710192948471163,0.20574526623932698,0.46945043149718396,0.6621553597055998,0.6384940538257834,0.0882558950492431,0.8051219868464394,0.6862294094821237,0.22930980548713348,-0.9222597920667752,-0.9786118283594815,0.530506356430908,0.7583105431308352,-0.7500337837747877,0.45116317891981805,-0.03871075330948792,-0.56221313399704,-1.0439573110645874,1.0830552240684694,0.257750575970764,-0.15547451628298062,0.5674666039856646,-0.5366636339695461,-0.4645242165744884,0.34969223800816573,-0.595226699724015,-0.8550669074857816,0.5703779215089726,-0.2616054199373023,-0.8970905304090934,-0.41861418010109874,0.47497158757044067,-1.120697484413261,0.1752434784401124,0.5981244887071328,0.5037714453890225,0.31054080520087296,-0.7644651674649365,0.5770212563564657,0.4912565460522937,-0.6064771141194872
-0.23203953987744336,-0.7456119193088924,-0.12918940754972633,-0.6921930453576162,0.10153112830963149,-0.2308080975921582,0.8300011067759036,0.17903288062452105,0.6697256804898368,-0.7072349660143511,-0.043806856031697136,0.9948869309801684,-0.8472557102479408,1.2912499212792727,-0.536868078881662,-0.5610648215576683,0.2965033089147994,0.6054661789275547,-0.7513935009435034,-1.1323916379935366,-0.5285455511530862,-0.42841517961885167,-0.833040428568276,0.7628359822767252,0.3495056444736253,0.248690699580771,-0.5600185151912327,-1.1770915048758124,0.2502771673409686,-0.1169262571284124,0.5989331601757234,0.46085455138399345,-0.5022186159331299,0.673019549453651,-0.004335776280196463,-0.08737195343306856,0.8293117855547097,0.8469098901672242,-0.17512682424403173,-0.5302069128408115,0.0845737547716183,0.8700694039437034,-0.6679892773284306,0.0005341307979083582,-0.6353492804368228,-0.5365962842167642,0.016983562921824277,0.5015406908626072,0.02052216209920782,0.9341376771865663,-0.3124207014184379,-0.40131211919844045,0.2579601833541939,-0.8744743183025435,0.18722122039045577,0.25765405770045136,-0.8633424037749832,0.8244642835144051,0.4644136860451258,-0.6757390276468603,0.01253443217535409,-1.065370247439547,0.3634768250465859,-0.29430605970555535
0.5370898200989956,-1.0988827898667426,1.1471963025049865,-1.0180609168901236,0.4652527749952635,0.8050642262065816,-0.7899428125255297,0.36494521586247736,0.3872742933566831,-0.24859706752148836,0.20450227674689686,-0.7339470325599948,0.6795257871560264,0.06947065586516266,1.0329551751801314,-0.23444818703455741,-1.0433463756466936,0.4279248498910532,-0.5073550738596042,-0.8657958714584236,0.05954279693268505,0.18853165438076105,0.23841715945632197,-0.5899533378786858,-0.22912726464880112,0.25836858749343194,-0.6990020919962182,-0.6136244385858993,0.11890259847515336,-0.4745722515760243,-1.040144767610058,0.9414967711020437,0.6583924185365636,-0.5054731980886353,0.615285353961358,-0.3991874080361919,0.055772984935345396,0.737851680216074,-0.7246916363610006,0.7314795583631003,0.6807942425332177,-0.07906743209593362,-0.8467432380911456,-0.7319780899809908,0.3755450828394693,0.1065242955399249,-0.26394835546442724,-0.2769420658880835,-1.063717741217124,-0.39223008510875657,-0.3609057046756604,0.19078200798931674,-0.965421306161482,0.5363133240727795,-0.9219879012744615,-0.49123950079197826,0.5911135235338438,-0.9715237173456662,0.3124546301695328,0.44717432825935427,-0.5092180203233098,0.9169286083934196,0.6149172009120567,0.07991688779911356
0.28954247609778805,-0.770367928353064,-0.9781928779375229,-0.8224641595138177,0.6846589078319352,0.27654236149895595,0.6928097987472894,0.13918872413904113,-0.7304720138460625,-1.0282231660297225,0.37050128840665725,-0.6951671113992979,0.5480875857172021,-0.08721681294853831,0.23669257622745152,-0.10928920803998385,-0.3320357377995815,0.7468757479200792,0.7078466871682718,-0.8311144084256634,1.0279629038631237,-0.7561774351961912,0.9250240564882312,-0.4886786347446729,0.3000338822106453,-0.5968307092401262,0.9283260526949915,-0.945322814923834,0.3885545610649936,0.3907232102628865,0.9849852405836543,0.5738852771359706,1.0620698457896605,-0.28965880981849806,-0.6294028797119241,0.6447789636053879,-0.771287685447944,0.8104428945478159,0.9350626458212365,0.33234275060982976,-0.9882893452417467,0.280484473401706,0.6845483048810762,0.22182010367456234,0.6279697360278275,-0.5858560649307732,1.074378763709534,-1.0038759392878713,0.25324949296117294,-1.0138551899094725,-0.18923765458980948,-0.6358884739123324,-0.6273580832743472,-0.8805271142196617,-0.013619275128467778,-0.2505296252361967,0.23654116439001324,0.09834091016265378,0.1265522559378004,0.011008739522429492,-0.34265162747739636,0.5691087256274183,0.38294436573929713,0.5161302005269116
-0.9048884386145419,0.6880684922716138,-0.9973370773733723,-0.16518959840814995,0.5469576073089261,-0.196498926528145,0.6713240562712772,-0.14066852187031412,0.11728821468903942,0.19233584280976826,0.8506682259018743,-0.44022916296994724,0.621866411332905,0.4929094215559126,0.22033130585139296,0.42229043085389456,-0.31370137040867174,0.5098035925783798,-0.7212721329823933,1.1802282541901405,0.8761545611892115,0.09759332649239627,-0.9559228492748526,0.0013627708297879043,0.6447829022968948,0.7044957526233325,0.8796060714482938,0.17401495107315312,-0.16687114309637122,1.0118198746173583,0.09165122323687871,-0.03044833789529379,0.6164300859232832,-0.27323882549269507,0.9734955085175914,-0.7373742847108379,-0.357364537203963,-0.4009346971462562,-0.44921703411704134,0.5935051979641032,-0.15647825536588855,0.3484792608688176,-0.14599271706206896,0.6835379532007957,0.5518179363491182,-0.6926500335897785,-0.805868025819013,0.27075701104321254,-0.5867809364357859,-0.1917406784454469,0.799778380867203,-0.6439973826612624,0.7628162140056357,0.08191035525428995,-0.1868049735090006,-0.04575833939297935,-0.26488415749168237,-0.7784757387878394,0.8790303056265659,1.1726059321966602,0.18386301729209653,-0.2611333346720382,-1.2266656106906204,-0.7303201057911974
0.1971485823473837,-0.5264279319909465,0.11721483557260923,0.6220646423186122,-0.7472868880182877,-0.07571244331300636,0.19327728761917026,0.19433345712212372,-0.6430812674804492,0.8160311753280198,0.012879476870867212,0.00745201661747856,-0.6637457482593294,0.6505316979180349,0.8981718948111997,0.8909174394995951,0.2026697817270839,-0.238853009294274,-0.7911571084910952,-0.5009403709466229,0.8598701290336984,0.443184500341558,-0.6906891572202248,-0.6583184601118663,0.5085471304917625,0.5281354767010423,1.1167104974723934,0.1856861380464492,-0.7688364850782038,0.9812146175890342,-0.6550361697952178,-0.41036702525735136,0.11340998485383771,-0.07148037966156161,-1.2963084980142523,1.0876537592791542,0.6927322409181397,0.534888287724149,0.3169566273924978,0.7601216154343367,-0.5068666143348997,0.8314570260907146,-0.1276320135008016,-0.23446954418961918,0.5236158405174022,1.1213697063200119,0.3761882053592769,0.4069131300739788,0.3919669609228379,-0.10500960761305263,-0.4389601146232811,1.1571006677190023,0.09488589263811287,0.1433419668876481,0.17124843072836027,0.10502616209765833,0.8590531648588314,0.7016673702050872,-0.9451367995059291,-0.6398522936876487,-0.6028873868128584,-0.7638621521362002,0.07377287907885641,-0.587948006187206
0.12542646137732139,0.6212291146602994,-0.18204962111416506,-0.8050772868770502,-0.7282611645345775,0.7570062084043712,0.7421749354000845,-0.18065222191806762,0.30680812796698403,-1.1025977228756514,-0.5229380683941292,-0.24892460550973666,-0.533826661043734,-0.27867876266626584,-0.5993459606034921,0.9766594206230492,0.9851641179915114,-0.31462331892503914,0.03346283408595585,0.11758441100912594,-0.21351063036079881,0.08515325982019367,0.5270389509097969,-0.09978306961989573,-0.06485839150592247,1.0187173208098494,-0.5551404199457133,-0.6879581828284957,-1.1742575901277166,-0.4471905852734719,0.4449007593989439,-0.4062692765540818,0.6534153664037952,-0.06654075354784605,-0.9763715580481077,-0.06731756329991084,-0.6087271855548142,0.4610342867705449,-0.41558424871018046,-0.6140488548319515,-0.7104506489743605,-0.4419085392466997,0.663354765350112,-0.9191760547283957,0.43522740282637123,-0.5494202504473754,0.17646690901261264,-0.054523573741476664,0.13791580336098008,-0.37608976089914126,0.4298564174800606,0.6600307339516053,-0.796487266612438,-1.1484973451582663,-0.3258011650831767,-0.11575111711672322,0.42506229732169926,-0.9070295166071963,-0.2495379464615189,0.32026110345576836,-0.8168370613192092,0.8114225482031947,-0.1053902582533878,1.1247286772345935
-0.8416976484832879,-0.5918977598350359,0.7535133013567418,1.0130348959286237,-0.9459399371849943,0.10686512141712053,0.021507867680720216,-0.12096320300961533,-0.4372044224141094,-0.42735827619221806,0.16093327733886226,-0.3977613091959896,-0.8848231697351568,1.0437229180496272,-1.1927130966551125,-0.7495393920551775,-0.25671968122280703,-0.4933417860458208,-0.7608423851346027,-0.8080265712130783,0.21127136106581434,0.08804764908809665,-0.2620357250547777,0.861413075816168,-0.31889384336276405,-0.2775704987062261,-0.22623109673877786,0.666829377476869,-0.05631843912331454,0.021884862856544833,-1.0357778794696164,-0.571401413064285,-0.22656417512961555,0.9480071242920818,-0.9173612595280476,-0.0446506924090907,1.3346893094343057,0.8850809246735551,0.9107715442765925,-0.4393243981658419,-0.46180055182871754,-0.021184051693083142,-0.8570506390401096,-0.13358033441827355,-0.796885588123926,-0.09935499591806356,-0.01769306228799329,0.7793168015220282,0.9496431443462127,-0.4478184397092233,0.13244675852938323,0.8501271141682728,-0.0025896690273015804,-0.3647393515079429,-0.006820853595950652,0.9048986336876217,-1.0299801562725857,1.0156653747666646,-0.5935587115328711,0.9213834339372217,-0.9675687471414234,-0.8169225414914308,0.02794489004148809,0.00463100163090617
0.9828664353848318,1.009666540729632,0.4193246512415363,0.8810982453459307,-0.8429185391114705,0.8302710844733789,0.03842625299061378,0.5216303307028239,-0.21836278071897272,1.03170976444371,0.895711691141984,0.7337146749631628,-0.030980172436646816,-0.8785839719747024,0.5059734830078237,0.43340787424838506,0.07129435984582624,-0.9003458097631302,1.0914502461864894,-0.5615059537427357,-0.3155056993693419,-0.26349695006956053,0.6025560774483654,1.125937582388503,-0.27014018223682573,-0.7503677731456766,-0.6641078577447453,-0.0058606096793526186,0.18688142251899348,-0.7228382232893806,-0.2127727816464942,-0.41653343279131616,-0.7623391739985481,0.5352218241038481,0.956505176126342,-0.434503047651208,0.8462145559409623,0.4596647518309218,-1.0009010325221865,-0.9590386993832826,0.01588043098262132,-0.6644473866449144,0.6855747355922588,0.8620788191391884,-0.002565495514682603,0.586127916960733,-0.8669176604328683,-0.5437889660506691,-0.12542910046723255,-0.3703815508248074,0.2126044378819017,0.24018196244565598,0.28956481998220374,-0.5326552808163718,0.5082579880638562,-0.32842526904425234,0.38872436689358164,-0.4683968015074173,-0.8439307162425623,-1.0470470149671023,0.5861193274060084,-0.6406014970256807,-0.11360998351229981,-0.34884590998886383
0.3235631094721537,0.308340351453919,-0.6618488506454898,0.5483926299915893,0.39054886718634807,0.35902037414852606,-0.752132469808606,-0.8602296576733577,-0.006631341505361162,-0.20040483394426156,-0.6465765105660978,0.560358284883402,-0.7823015545872887,0.1640216312078429,0.6627653104776166,-0.7470740608337156,0.7635043124728496,0.6679936376931646,-0.5347969976501669,-0.8303286765519216,0.21771373292536136,-0.753931615937453,0.6148092086058609,-1.2850416415154062,1.0735608095045155,0.8251966779438933,0.818007510844567,0.8908603814462942,0.14214406132901491,0.4622015975623339,0.21831864898281605,0.6880891377252272,0.9016271889801319,-0.30653503777155255,-0.5491941728277574,0.45163640546255124,0.45518362315850697,0.1889584596222557,0.3319739468563218,0.3614836936638027,-0.8877016321129798,-0.5707693851154201,-1.2104341253078743,-0.8486851702861886,0.6143428767544278,1.0226229877924458,0.8699936221558685,-0.8123433196337922,0.8698601718452462,-0.21332006570056625,-0.48107281817683917,-0.4000105442081011,-0.6139627564970624,0.19542770167555726,1.0319448138516472,-0.838604190322466,0.4644343564219586,0.8345155033098239,0.9046397470273299,0.609716069673326,-0.4749874674253966,0.0634413775346081,0.2693051124840319,-0.28963526072393203
0.6914752380153566,1.0920140768639877,0.19391687043559563,-1.1679602172712742,1.1361995649697691,0.22920713993812672,1.0219781800754624,-0.44965214590498315,0.0023922967174555415,-0.28059097627915325,0.9484638043674296,-0.8395226743179128,0.14621825134596508,0.35768932111952667,-0.27241662962996316,-0.022134247620117675,-0.7088595670706036,0.3355121777523181,1.1801873254935218,0.5212902989273404,-0.6858321360060892,0.2005429870771128,0.15874745493796066,-0.2420937757325775,-0.4628949531301163,-0.16547441226942583,0.6960671140496426,0.41286874023313525,0.3665013718498304,0.6056713430234429,0.6028619741800094,-0.5085313149677549,-0.3601418722355484,-0.23831358251064583,0.8866871117482629,0.40537308121325916,0.5220400822740607,-0.22969031465884845,0.5669443233050687,-0.8166872247933705,-0.8903170696950009,-0.25318942118118326,0.96069969977518,0.18558674323213276,-0.782748361774372,-0.2809070573820894,-0.024152300151899758,0.8930065631510434,0.27406164255752163,0.4217772949992943,0.3547168848711426,-0.26493809824367265,-0.2608792247121522,-0.571555087248247,0.11529426124783874,1.1502390687396473,0.4799439113416452,-0.0725400178221732,-0.9842921644976635,-0.7029218665488401,-0.8789165827380104,0.8606909309777021,-0.2961157860451533,0.22594389553936775
0.39569830389886174,-0.5476757736864697,0.17792749850796952,-0.6376513185168015,0.27660089646583447,-0.2361536924994576,-0.11104035074661235,0.5278546358920329,0.9157020671374294,0.42331896541934544,-0.17411186270251267,-0.687246021345144,-0.7559932753279562,-0.5355569355883157,-0.1593307281564441,-0.18552531085946514,-0.2898422730449143,0.07266082769615809,0.573849760536046,0.6936415364989946,-0.4176169634147205,0.21783250515215136,-0.006108371775719185,-0.9200313151972421,1.1570248763438422,-0.8271040792270694,-0.08302910769705438,0.6910819673522262,-0.2993156873502871,0.4743574994000057,0.903423452357639,0.7103366833822466,0.15735584406089648,0.6722609323399131,-0.13400079747617166,-0.4675373468879453,-0.5024287548162018,-0.2624570207745683,0.8480482437261041,0.8936496583659927,0.16825034226503432,-0.11479766720989323,-0.2844040630517636,0.6138177109601113,0.25977174587310914,0.7952045907472174,-0.3024722959705617,1.0902539679619263,0.24545098576312524,0.13196719377458183,-0.021786345317217848,-0.7480906311924775,0.15950752970160686,-0.599214910347643,-0.529369976350024,0.10296053024018026,-0.7827662667109196,0.3371751014669671,0.16113358058249308,-0.14075228033423876,0.7285381905544103,0.1177606858086764,-0.0878569530023042,0.1194662222318099
0.8032858148810605,0.39096741796037815,0.9105520913890893,-0.8205194739353175,-0.9481031597211499,0.40163564815354025,-0.9492026456619435,0.17848269136227157,-0.33196716568600587,0.180326996811379,-0.2368690187100341,-0.7327379376758649,-0.6000254169121133,0.09875799641534083,0.834606622208543,-0.20246761468368513,0.652318594624282,-0.9562297461672463,0.7123332993817352,-0.9094874111716301,-0.11504678181754777,-0.6909918106955436,-0.6156864191716342,0.1734817030580916,-0.1176057356918967,0.5680914645242184,-0.4798036106492336,-0.4261048632359411,0.7031296805634016,0.11915110774609984,-0.07569660355979757,-0.18480949767280178,0.10953703159171996,0.5680239218996496,-0.35925669900871415,0.0510103491833529,-0.02987661849797142,0.281159103857743,0.9548670275820439,0.24343286150184462,-0.6110239547409897,-0.5260005417151796,0.4683666070246161,-0.43501250577835365,0.01356812839551122,0.5099661967868312,-0.4907334648578163,-0.9906582113072048,0.082841073111867,0.14221415917301988,0.28468959908185465,-0.37908229555169726,0.08962519340403974,-0.22633844162613997,0.8078170824033402,0.23695824504428453,0.4251175770915391,-0.4210596488045847,-0.6670872125884421,0.4135175504036149,-0.5354015461727808,-0.23112445090893033,0.4773751091463481,0.45439632007644903
0.8653412892621467,0.9353671441540222,-0.30932800969632934,0.8279379145270559,-1.1295071041329194,-1.30733261061776,0.922044385936886,-0.09264161485608652,0.42686064912555555,0.8635759773161509,0.9773402029235283,0.5663999358967999,0.14783564103440217,0.5426875930024951,0.29482095844880774,0.8961036267970354,0.10814531333939968,-0.6465567640840757,0.05459294898969472,-0.7098550394599832,0.7903101851554233,0.0010112904446191728,-0.5496372648825061,-0.26753285655569015,-0.23380982519833826,-0.1990593583275021,-0.33882326508261895,-0.22430318967158125,-0.8797587026761838,0.41805013013549325,0.5810863260825412,0.42104832496225086,0.0841147445368235,-0.20753813261116744,0.678090627749874,-0.2741207223374762,0.7511029888181879,-0.23928703091505393,-0.7472222140229473,0.6208174462264937,0.7072274120118922,-0.06088122638851611,0.56722068995911,-1.008926704170357,1.0843614970352478,-0.699317772699849,-1.0356173171791792,0.9559832163712966,-0.7550491207857494,0.4311522321781658,-0.3366444061895964,0.5817067628965721,1.0150301948721563,0.07269258162666448,-0.27816412926755857,-0.49992543118956456,-0.4749504207724802,-0.98993352509262,-0.6640413305669953,-0.3173423684768777,0.6632449083447352,-0.9777843749134778,0.5995619625902344,-0.8496778272707292
0.07531295701090508,0.20517750620319697,0.9407023901199184,-0.5123235144984811,0.7445146851890473,-1.0513495340573378,-0.740949810719463,0.3283660699695543,-0.7067638075107776,0.05199194541628109,0.9125224580071534,-0.20071084626393765,0.9595742255137438,0.2432196330774203,-0.18129923772230855,-0.8942047509614992,0.3236438832897685,-0.6962498702997449,-0.5311730274285861,-0.6452890882296035,0.43496831671895003,-0.607675809436645,0.7428737531003978,0.6466121003536678,-0.2271383148444073,-0.36478086240108076,0.2206232850463538,-0.8709878650635704,-0.5048256969661817,-0.45380738924676134,0.06176530221893611,0.2539842132385988,0.11921826576192486,0.05733867095953169,0.6501071546336006,-0.38956611779954886,-0.4331649377693132,0.6000657213553354,0.38937227196786267,0.7168506857675006,0.6870628251316986,-0.5549916294084255,-0.5779789363783944,-0.09614707926589947,0.888370331009064,0.3512998699497383,1.2243176289214575,0.08817974072020157,-0.04423388776647555,-0.26407754872133615,0.2234471049565296,-0.5456778516464093,0.34057555100678566,-0.8224427466659557,0.4523127263261614,-0.2561900940991397,-1.1199733961065397,-0.979794653797711,-0.6413242770675008,-0.9775779279817106,-0.7603370781722555,0.5837988718723861,0.5837451432008571,0.6647322505436136
0.2557601747155428,0.6596376881235302,-0.3040343418276907,0.6534195646195665,-0.6925504368254168,0.7375232903058948,0.4649907096001614,0.5502411293311709,-0.8344554069886931,0.2520224236126662,0.6009708755085064,0.5404216211015029,-0.4974035536676738,-0.10004455459232767,-0.8942385286888537,0.005170388324833325,-0.03155816234885793,-0.7330233078773423,0.44914352689859316,0.2734973421679566,-0.941290883830533,0.7880769616251903,0.0049973262037764435,0.4184040005001056,0.2284819860402532,0.6557616293120293,-0.12939477811212088,0.8154058334395213,0.23370698314743632,-0.6382256204011236,-0.5180528819914596,0.6654519061653775,-0.01379474438767471,-0.7094302421042902,-0.5060964628905558,-0.5636822756276169,-0.8655659323693328,0.4210394284946235,-0.15026868759510842,0.01445706390740742,-0.3906763954620984,0.5183915069602079,0.9306217371726353,0.6595740891885993,0.3331441776292389,0.47573442569261276,-0.9979330751456813,0.3371455150738142,0.14593535960478388,0.4362009777669475,0.993817420608642,-0.6951361376290222,0.19436079318412364,-0.177112910803595,-0.4860701558522425,0.6999766303320617,-0.16206070323427352,0.20376365035102129,1.0883475022907063,-0.21549735677406817,0.8541397208714807,0.7161489082328286,0.18692738963593344,0.964694511579556
0.37764167770580453,1.0938442068251502,1.1772155752981583,-0.840820303400128,-0.14379700232991238,0.40386009479001794,-0.8413037985232519,-0.5787209549616598,0.32704269392707047,-0.33865308782766923,1.0765771179821002,-1.0773393587842794,0.4040853511094999,0.4546514550614428,0.9099304620522477,-0.5332054191788828,-0.81273390881117,-0.5279210649185928,0.28548739370242776,0.42263818740328307,-0.8246552665388518,-0.48505156769169844,-0.979534732217844,-0.5425867609492074,-0.6824935305320305,0.9749431870909238,0.6181144980338058,-0.5200248738202993,0.842740417069914,0.5478501167096089,0.11667303561672504,0.8760974513819969,-0.38114583793219864,0.09008356509378745,-0.5126635126178577,-0.8264320503794093,-0.31543476008139026,-0.1913592189373264,-0.5140819433171563,-0.5003046697676024,-0.6315924004176166,-0.3386501345196781,0.3303705431483508,-0.5365868671962875,0.0626175556081294,0.8947000707181341,0.12420688063365014,0.5925286969467192,-0.3092428879833801,-0.1699153015631878,-0.18113938162580306,-0.19250924903937644,-0.693847407093945,0.43453443345237774,0.005589059550329227,-0.8735317779525094,-1.041030553815519,-0.3153892440143158,-0.22403414129728813,0.876289549312097,-0.9400674684220478,-0.4190030309467039,0.02468618488386075,0.3256301830275892
0.0922576411754409,0.5840611891297259,0.07760637233788215,0.07065842836502971,0.9840789040724239,-0.1312462581410746,-1.0477286921878757,0.8117273042189446,-0.7026956793811548,-0.9698116307342202,-0.28764117546001045,-0.37602089081407364,0.7703724595146211,0.19570021113448144,-0.2917525271842897,-0.6430120075118839,-0.55836457553382,0.3645862392304289,-0.513919716319333,0.7078776968896149,0.4365511103211166,1.2098812151322182,-1.2093199130073113,0.5186583184021509,-0.9624667553424028,0.8044656089083647,0.22081031013405877,0.5482104524837365,0.5612774005231433,0.36662181792132326,0.4872977623169962,0.1624761972487202,0.5350674646251267,-1.0548625367917757,0.6423714375540895,-0.3829372059437419,0.46583606174652276,0.06151784227718453,0.3146460782804945,-0.5085511917597775,-0.0058697042591692936,0.8069551038935387,-0.5561584623747995,0.172001817090788,-0.9154920023412314,0.43734179355303604,-0.06396845583588663,0.5543174749630233,-0.535441144376684,-0.7832489428069295,-1.0252922491200516,-0.6444978796947226,1.0059106782575642,-1.027075616651023,-0.018111826204108804,0.40328583843460397,0.21640569498115564,0.6793781200192197,0.9424603510521778,-0.4928368631191032,0.1534033010610595,0.10867397368553083,-0.18073177347387318,-0.46489068241986065
-0.28227777552830924,0.057081324344887135,0.06335359514385035,0.5935361588292508,-0.8428844874728778,-0.8914253120883437,0.8829011188091995,0.980791337972787,-0.5823129257792345,-0.5261464937412349,-0.8603056984483131,-0.1903815473354948,-0.7465801257687675,-0.5111550502668174,-0.9618789157104198,-0.9003640418383451,0.1392074369804083,-0.44607866321948875,0.8858698069084223,-0.5352821787677127,-0.03860432648694065,0.3967696501336221,0.4438883990434522,0.06915614485409008,0.4882219320739779,-1.1100664782370135,-0.8408694850008401,0.8431560952372018,-0.0670979954330482,-0.7896496760873086,-0.7768593008599397,1.1018845200402565,0.13078032282820098,-0.2910667875033655,-0.5276807772441079,0.22066201313872796,0.13847273941373156,-0.5793324905039778,-0.7223970381133828,0.08607116999483486,0.04260485038995051,-0.9797689432661744,-0.1993541368741835,1.0980498825544793,-0.7985107995571908,0.33717950115016626,-0.21976532865067328,0.24986730745198785,-0.7258313849893416,-0.8733689671612603,0.2437652276342701,0.1854332798310634,-0.9397480777696311,-0.7208155768550967,-0.09443124717630015,1.0334487179767786,-0.0020707714429854945,0.10857062915907764,-0.15072473568256167,0.6475111148125233,-0.8361435710064522,-0.6019716858142508,-0.17877962777829398,-0.6633528811223961
1.090513662946001,-0.5379865984540807,-0.236254496796024,-0.3589616199351892,-0.10365866177975225,-0.5245946882441436,-0.5979292703978097,0.6234435557757739,0.659462869513111,-0.40402229527154243,0.8064043094217326,1.1157538959124353,-0.3529406308755007,0.8979278077670225,-0.43749815676128667,-1.0620343115120066,-0.863041416084253,0.2507132828758397,0.4920158579731993,-0.11451284596911201,0.7468600487297014,-1.114754389541706,-0.8175282634502913,-1.40334733894587,-1.0500552516344437,-0.5134606697407413,0.3661360819279694,0.7747976166056644,-0.8528641591590005,-0.12257376107112937,-0.8401561992888881,-0.9457880805395028,-0.7332778158888503,0.9348180467321436,-0.9666938562298375,-0.04434481020595085,0.11909704356807357,-0.4213004028447138,-0.9064991492272062,-0.59673511144555,0.24438659182113065,-0.27951268840339305,-0.5393586359981982,-0.23429547627618072,-0.45531114487402957,-0.3234871899231646,0.011869089821596096,0.17310319220491954,-0.3157885756392824,-0.7501209333974126,0.8746577038451714,0.11950918831016209,-0.3126654049279316,0.7797405261646562,0.38663950492519694,-0.13830149188830532,0.3736418295618946,-1.1262279950502931,-0.815977617853869,0.6507906999329922,0.4880954399534974,-0.306748282820048,0.6515452297591198,0.3907870346086891
-0.05783753970782869,0.805940147625414,0.5932431333241281,-0.36165901148826696,0.7942827745954738,-0.28266908979750405,0.12872775099063366,-0.2470783381776368,-0.28329610777475916,0.8520593406164577,-0.5938433712715762,0.7997610373310865,0.20009382890008215,-0.5066919846190829,-0.516174504483501,-0.6927343961402922,0.45362612404043196,-0.11564726738113448,-0.036318528343687734,-0.7878400219807944,0.47778444935741077,1.010052471695893,0.12013824736969474,-0.9038281190412506,-0.7471271514063795,0.37084146628310855,0.30054010852389734,-0.7363596482952645,-1.1547929279597315,-0.36674087797304034,0.8549625263788807,0.08833601110987446,0.8860438900115972,-1.1290688615094056,-0.268271754863148,-0.41611522149037544,1.3290044972546027,0.7389789019566808,0.7289439552102323,0.07530437853488424,-0.30774953667293914,0.04374284377137711,-0.6059847146111321,-0.27223767987015346,0.7551563387207141,0.06831010503014992,-0.652847126834831,0.08763632748247276,-0.5983771588964351,0.8178015833480881,0.22570854913151903,-1.2220100904652054,0.7481951054590259,-0.5134547796005102,0.16288939271251462,-0.44925597036229836,-1.0423786510671649,0.3527187764392208,0.3527415109622257,-0.3711564223175918,0.567377216398242,1.0050009890238802,-0.06758954179718371,-0.2237289178221042
0.40889174467058,-0.8079224919561611,0.34276103563615457,0.8773880523250195,-0.8904942491698945,0.05508940201552555,-0.08066631772345956,0.8306639953755611,0.9555096780143086,-0.6179860040119589,-0.48457415140829174,-0.47540515260542854,-0.8399261076750195,-0.1124267665948274,-0.31199845370223217,0.5679515764473995,0.42228200752163614,0.6840853167085937,-0.2739826308615764,-0.6188418037658623,-0.8883151836087585,0.9466770308943853,-0.46857193368318,0.4203878017245617,0.20671603435940103,0.5466406659273225,1.0117348820516894,-0.26396905649771873,-0.7303292129519057,0.4074055584100631,-0.7395317839212382,0.8125206874024831,1.2039682832499508,0.9385041008110817,-0.18517591044281784,-0.7322662443458274,0.7385021090616158,-0.5170666307631752,-1.1346292139426188,-0.8451508965494561,-0.6861809021234335,0.9612161463913036,0.3131069536298431,-0.7459017303608241,0.7337614870269927,-0.1703354777986663,-0.15817039372748765,-0.48435835737148675,1.2783602505838292,-0.3051495765282653,0.3925940413118617,0.9510875256631665,0.7259961834395546,-0.12710850464651913,-0.18313065938038647,0.04065008475312437,0.7749161042667321,-0.7800907947177698,-0.20220627243857328,-0.7045955045734891,0.15363130113967827,-0.32550931858369625,-0.38145765117803443,0.432747417557795
-0.6320956195716282,0.48930882369630113,0.3290972527127624,-0.574220825504689,-0.4915824787318406,-0.24876046390970963,0.9130158439307547,0.9769613709388504,0.28123402382497065,0.8163515902009721,0.932525092328544,0.9854517883074423,0.5680174847722927,-0.05716804784786621,0.2976801020518862,-0.6063852967852563,-0.26748996676880843,-0.2874329206715001,0.705975372724948,-0.5055247256696688,0.9816296920618064,-0.6167414565660558,0.5848317465415513,-0.4770387664938895,-0.0604315951498276,0.5200722935593147,-0.47975194026380197,0.9982896242429395,0.8556968843677981,-0.8401644571893803,0.7124598292692509,0.43347351681069235,-0.4485770863323271,0.915641215530709,-0.4533570681664518,0.8217655326066435,0.01599451034311003,0.9483849839477888,-0.8484019633100973,-0.7211004521947366,0.49216158300382834,0.6413693846956237,0.9216434314854346,-0.5709445781983598,0.07785733909572368,0.16626603693479636,-0.15350130770176149,0.9498141162728969,0.9958952647178655,0.23574353608009452,-0.14419227436621496,0.8928269787473148,0.20167095088764733,-0.626182728511998,0.4446269367228375,0.39326060533636875,0.29199303924725745,-0.04799815644078913,0.5051077183783982,-0.169091206342903,-0.7065290720723153,-0.00041907982159454515,-0.9825275493627124,-1.036266182521346
0.9404840570552015,-0.9252687454688062,-0.88187574284758,0.5625041673817844,-0.2392535195091209,0.9976595287774407,-0.31057080849056473,0.8153942597519468,0.4228196039977573,-0.3854763529319454,0.10033521885759035,-0.7513157224097218,-0.007196928710200973,0.573134708682057,-0.26109029573105763,-1.051414123744667,0.0718232549054299,-0.739351129291076,-0.16112868586739396,-0.2756840343055982,-0.5207200453080937,-0.5683129741067157,0.3595723336776695,-0.6894141848275541,-0.23141415428519369,-0.747870351063213,-0.5792521387494878,0.38730397015472673,-0.7426675991593266,-0.8629297740180774,-0.49392664808327,0.010609727582824018,-0.014118868281510238,0.0811668944027517,-0.7609751150892797,0.37749407299461346,-0.9738498805234841,-0.03341771040732816,0.8754306066371317,-0.10652352350394675,-0.5699121949779474,0.3085255351965136,-0.649992202160765,-0.06906528043659452,-0.1876753470855963,0.1283275644450739,0.1783290433976768,-0.03246796296151495,-0.08745052154871649,-0.12123298492786189,0.8412556722059482,0.04403300783354447,0.8169478124085854,0.8309092148375351,-0.25424656926714956,-0.7436326412279061,-1.0759091518391108,0.42464728451227407,0.7882370020356041,1.1032473492417896,-0.6822032606359,-0.21190097771412192,-0.17184991176658448,0.630384098601154
-0.05403524362916656,-0.3383073813014219,-0.8213335292782965,0.07683976754521178,0.3067055861179496,0.6809073366533279,0.9762609336348543,-0.7010377661874554,-0.9021316304251848,-0.16893708935096574,0.0389198570342993,0.5161830956300446,0.32339472203985253,0.7652841696910567,-0.2886715482593581,-0.7570348079920266,0.41406750070051046,0.3113561591435156,-0.7781860168101964,0.003902184336929543,-0.22586371397698027,0.4708132981892269,-0.2832553751012844,-0.5405616160229167,-0.00038682256433549694,0.8328050174637202,1.005936495588277,0.18788034936230918,1.0815566065660602,1.0581242758596305,-0.44806722617064987,0.18779738129420165,0.13752712116792784,-0.4802259540147219,-1.0191510456060702,-0.4082592053103731,-0.678405336587329,0.7164296976184119,-0.9540001835275814,-0.8525402977084847,-0.6911222441577719,-0.5258554835969986,0.537616489199497,-0.3224821532589688,-0.16380736486332084,0.8162672874381722,0.8994559190049998,0.775174964120573,-0.5002225357111202,0.7392737490929666,-0.7520824166679287,-0.04827949162868695,-0.7612517614358686,-0.602122916742791,0.8738684023549508,0.271440780338683,-0.1269234049175758,-0.3476596935896896,0.6134582963891376,-0.6622121126570113,-0.9936796277002462,0.4029560658659661,-0.6992009477281014,-0.327144597328588
0.550526611338339,-0.7164500083706146,0.6725909406776657,-0.34259339970276903,-0.7454443241816048,0.5199585357621669,-0.5082626949743538,-0.6460948611572737,0.27555405346431433,0.8265788349916529,-0.23433437124201353,-0.42707332259948744,0.5576125033365679,0.34391144376091665,0.6059776929429006,-0.611118290448982,0.34497317691875046,-0.9971337491652055,0.4715854612707972,0.759296696970087,-0.24359773291933157,-0.7541203951211642,0.4252154973209835,-0.49554095756255545,-0.1440868417795862,0.6334042037068683,-0.351905453315178,-0.5720101122185945,0.8922602180987941,-0.6701790413263498,-0.44066998244041367,0.3245916977196114,-0.6800087278877462,0.353360387299297,0.7255342882957966,0.22833215218032782,-1.0310976304097816,-0.2763662664559567,0.3603180331042053,-0.8412376719626828,-0.4899505500003207,-0.04818425550145732,0.07118094955012882,-0.9429121661959914,-1.2371339752681756,0.3255060825623211,0.21437508344630898,0.4040602235705847,0.344619960348485,-0.15279391983399057,0.5621016341811522,-0.7224165170963229,0.3946322488416543,0.9513486899121758,0.6352918927914679,-0.470055636020031,0.8239904522612626,-0.38126707275861244,0.09615386790129787,-0.9604096042878103,0.48169594405273514,0.363253588994396,0.9005562600573507,0.1841758737503787
0.20134509461242994,0.4249007092742361,0.917276245631345,-0.022576396763958576,0.49194868893103,-0.7322218259231141,-0.1395843429902427,-0.5917200378516089,-0.37922442762700315,-0.3064662894942496,-1.1362955261344119,0.24070758049779445,-1.165100209143545,-0.4002890971839816,1.0428596130938257,0.20883551455922722,0.8157133176976827,-0.8347254247352583,0.4787078283721098,-0.3141249179713172,-0.6372611933775704,0.624990080211597,-0.2539708710027007,0.16877675588138652,0.7775535516736846,-0.28517172207833374,0.22258025684380398,-1.2672819886593034,0.1359761449448074,-0.5183013776442754,-0.8685914380859414,-0.04113449334428093,0.06139472113413842,-1.0157825255846025,-0.5681765368312865,-1.0463585499764676,0.4540320090831572,1.102548855423335,-0.43987448944568625,-0.44001778678682313,1.0946470777983306,-0.8664992988873573,-0.9951114566276144,0.5359917085045669,-0.9945485634477189,-0.08125201718885719,-0.09159636816756744,0.1849401802809261,0.2433619240771809,-0.17581671280241684,0.4883218910762762,0.5552063985531627,0.5686614798388648,0.041205014750997776,-0.4001526047034192,-0.2769048718059979,-0.3320379534137848,-0.56150774399989,0.006475292439259664,1.0155588452677056,-0.08079453354994065,0.37191023219329367,-0.14359689546724375,0.07164681624853318
0.008097322889169173,0.5685999504339652,0.5428529320842629,-0.7107016785128601,0.827813892548475,0.47694785616641033,0.057701477271302384,-0.07680491420370728,-0.8549579127398582,-0.8894745300257683,0.8428409579493134,-1.4013711805309306,-0.6625664432476943,0.39673710368871,-0.6066798033985974,0.09899577563021732,-0.21647923164461585,-0.008654459992744702,0.6291870124483736,-0.5998830030119754,-0.06666337001129108,0.3316612841944458,0.3102310314042738,0.7627118835069638,0.15691888904394155,0.547394855567727,-0.14713148704799636,-0.6838036701431172,-0.6751942239852957,-0.19009180532159095,0.06520337397530913,0.4549634948692321,0.7607103585619401,1.1321463628379687,0.045181900056228144,-0.05729607144408286,-0.3740246550484847,-0.8329402038161049,1.2429290095146113,0.6534190563480613,0.8238701554770052,0.348213888576551,0.17235994910800667,0.2795587749907349,0.6783457115581231,0.38011606575888646,-0.09402108122115119,-0.7393074376342036,-0.6102198117465305,0.6960776008378899,-0.20906069012683082,-0.04258519428980104,-0.6772411041597086,0.9569290965799898,-0.2761996920106307,-0.8119884685013709,-0.6426875264183614,0.3451508104694591,0.5771021687100295,-0.04282659960560679,0.5214346002041353,0.8697283548271739,-0.5219679582315926,0.795132195258376
0.894798289922605,0.20381111064324398,0.8174222566881199,0.5963696505897436,-0.2728399579707893,-0.3077009994675576,0.3214771744486362,0.05519146971335781,0.34270479743114846,-0.8665279535799045,-0.24916510246341173,-0.5322210133763012,-0.7603127735573308,-0.6144676237835889,0.7110042760586008,-0.49264968006178234,-0.7220394869046326,-0.6484287513371991,0.23616853215437703,-1.097834217551795,0.3906299423879724,0.3012399665247131,0.36338510529297297,-0.7285777142915933,-0.9579149785837998,-0.6665400688653252,0.0524583196420898,0.3396391428457738,0.679353685892996,0.6373159563762183,-0.027796279889898343,0.6300571995270621,0.29838199078166394,-0.9384474806229053,0.7893773521859614,0.759641793160007,-0.7426247851380684,-0.7381991880873194,0.7585602725612203,-1.0102135004533088,-0.5801889669353731,0.7597665439791936,0.5203349792870409,0.6123691301757879,-0.05653218255527313,-0.12107601959031167,-0.7853910946729983,0.017228537603414543,-1.120146465877917,0.42336159038115184,0.3608340862771563,0.4987464626666803,1.1660704071325374,0.1596374646097189,-0.6803448696704173,-0.9230154493533135,0.4073159716782752,-1.0123078451272545,-0.5244426229590563,-1.0383295191198727,1.0100631219517366,0.6641215129732881,0.5049460844510412,0.863751483849396
0.3498645690864493,-0.10997255758179614,0.2681195957990592,0.39114525475262557,-0.7216864520620535,-0.708445258296738,-0.585403765367438,0.6965256525113447,-0.9819357656018431,-0.6464278944826986,0.11511189766630248,-0.6555154171319811,-0.4638880644214839,-0.520077035455457,-1.0677157717135817,0.37944654138680567,-0.3475437393857057,0.0034536511789710345,1.0067838132958238,-0.7321985988878392,0.48005717048608854,-0.1862465525741311,0.22047505235341938,0.22766746483997238,0.17756107891735867,-0.14804745572445152,0.24103797535668517,0.87536935544913,0.16626189646312248,0.14732349515916338,0.7344538793517855,-0.29029431028421815,-0.7022128042644669,-0.6698973841263999,-0.7820206247832622,0.032748527908900274,-0.7998065118659976,0.4256358506500387,-0.7178114472330724,-0.8058821249754811,0.5482038656331675,0.7760119544102175,-0.8198797840575004,-0.005472566765159087,-0.029845677545500222,0.7514867305905745,-0.811568930490836,0.6653111278928232,0.5033245404009791,-0.14117825109826984,-0.22108918765740265,0.5628557711117959,-0.5041583360892447,0.8991687029555538,0.6250325138759965,0.3189595425652559,-0.675750214053763,-0.9784491859741666,-0.5939633985025966,0.46263291157724773,0.028812342376038344,-0.9398682266885321,0.4181220878276905,0.9851631158043617
1.0130012739898895,-0.8093681279342282,1.0134644156919193,1.0037242143394483,-0.7407566851163127,-0.5430844742140759,0.2720341233290748,0.7513337745308574,-0.7576001905049525,0.8525960345248329,0.25085403494640457,-0.043078853456981925,1.002672063668197,-0.19517201569686865,-0.1380948222402909,0.25476229161675146,-0.22072466069380364,0.33166112320487084,0.49101773687755235,0.7250164386207177,-0.6359497182348243,0.3635759623831551,-0.09771482579016753,0.193176980548751,0.9506208555129267,0.16791258044913215,-0.3456500800842677,-0.1908440094189986,0.3349595391843007,0.9232460349662085,-0.11943471483103014,-0.8421560190581447,-0.04257179027776073,-0.47861200620739375,-0.334875725760027,-0.6546184129755211,0.06283671664778007,-0.9009183269907325,0.27603140346518545,-0.28062135738720484,0.15821109958434512,-0.8668909077048328,-0.2028837718449145,-0.5696570337729455,0.3277701744342024,-0.6226940411521895,-0.7294467014837681,-0.12751053325689468,0.5108422336490739,0.4372233984661743,0.06448586417340786,0.013804726370381798,1.381712165874755,-0.13149484537457035,0.2046186143572245,0.8281653125467092,-0.8040670561314931,0.7690524501531342,0.6606572670769825,-0.04095512836795298,0.45008887139791975,-0.4377753997909718,0.432981852674055,0.006306770160105349
-0.5186914544983958,0.41390985604899233,-0.5057672936346184,0.5232201612065821,-0.2033621362369078,0.3116005787383248,-0.4390658383147372,-0.6519621273482277,-0.002517702246230505,0.7020790638234755,0.7421455624478563,-0.836970461869044,0.4154094965161531,-0.9372532760515371,-0.8819361606684089,0.002613557070281436,0.04304748732908462,-0.2657694716332325,-0.8172786713410258,0.1915974841428701,0.2659405901394763,0.8061742037133283,0.5309509650634008,-0.35987391010181075,0.6758218919145241,0.5006673272050131,0.0703840680205755,0.2875012232410693,-0.9966581887141664,0.8084777501621954,-0.3402109943811821,-0.38013880765678126,-0.7912888674363288,0.5169846125186759,0.12729590121662393,0.20087403760819322,0.8004604278049251,0.20600156901404032,-0.6715272125322072,-0.20016400804878626,0.2985757873995508,0.05769103037195715,-0.8349583076206267,-0.882074993651491,-0.1596600980022348,0.38998541886006116,-0.6321635717777123,-0.42993851712899817,-1.0459690593693343,0.2360708663994144,-0.5071546405364837,-0.10520389299792861,0.40024409532945865,0.05270977454072334,0.7447898102228833,0.7471604890023529,-0.37943037134309077,-0.15273300946172694,-0.45961609352033694,-0.7382053141199848,-0.2317039298683824,-0.2467333872909107,-0.9553246848223728,-0.6935374452266911
0.19983918139900367,-0.18148422767662592,0.4371488127872367,1.0595154816413652,0.9248111958485542,0.8248648559671379,-0.9969552942955147,0.05327204060287949,0.7638006705560413,-0.5151935468107994,-1.1034860678036604,-0.44333730388861614,0.5592697361449789,-0.672123372923434,-0.4214806286569487,-0.06070940469078134,0.23149385806102107,0.8198855558497439,0.6944313279437533,0.6907137051969504,-0.8915363346812748,-0.2711497212839617,-0.5081636257214139,-0.6041551490880576,0.23098425105692955,-1.0121711895984662,0.7407146907075791,0.6311346326960828,-1.035519092395323,-0.5781094193171492,0.4560505658904976,0.348470067454585,-1.0757063364957118,1.0417690918162457,-0.40944599923923886,0.41852468694778283,-0.9741221717561759,0.8184939518789296,0.2881653211315591,0.5585017694103596,-1.206786538355503,-0.3907573355872987,-0.8919780540301825,0.8601148912041336,-0.40123501617752366,0.3707912324459703,0.021474148289804054,0.4651760593569352,-0.6475816694137921,0.7087463834485183,1.042236096650936,0.5665898425575937,0.7827828994161972,-0.6605555559625403,0.31056824756659845,-0.4915222640004909,-0.412244812674202,-1.1807733564113398,0.3000532755220521,-0.7564350366990439,0.5848812662226966,0.10228918606922238,-0.20730069742711302,-0.9269953975498927
0.5763981818419773,0.5966494636164229,-0.6328840177890772,-0.24978854207951923,-0.45923839261226795,0.16924555606543534,-1.0940529095637124,-0.7980739397440119,0.13518609078692279,-0.6364769266101726,0.6528010269778881,0.012165825183009696,-0.13281262762492435,-0.5436662161738957,-1.0493049515821653,0.6096326615744139,-0.3836797467684325,0.4250836056282973,-0.44947002885934484,-0.8631887191377696,-0.8943387719033825,0.31105393362335704,-0.5547882719085575,-0.7265382812649271,0.3694179478821283,-0.8550092986418658,-0.9150218320434449,-0.5139024651510695,0.18063003042929968,-0.8017712469689039,-0.34146135176633163,0.7043962515951443,0.4384803519438528,-0.04727099731247064,-0.9986853227684107,-0.36177642381695085,0.19668078991833285,0.1701664370646001,-0.13409061501108094,-0.9234531933100789,0.4264698805759166,-0.08507350199324494,-1.1790432397881336,0.28485841550218116,-0.6790827815308901,0.8612573889216399,-0.916103236117115,-0.32718164385178816,0.7018536998333612,-0.3121567629084609,0.3773960184961703,-0.0056900532428122985,-0.35374249205784,0.3533817543302262,-0.8616326136354854,0.779026320862668,0.3801053516748196,-0.67414888840271,-0.16583609922266962,-0.8321217546074212,-0.7119863344227636,-0.8742071584824711,0.48014648088622625,0.7883727966813061
0.41709363556374146,0.6101512649198177,0.2820562733970182,0.8306023213920934,-0.51180267177761,-0.15160451484968307,-0.018592084188692376,0.7109410302314445,-0.20561282924116378,0.2996655451382598,1.1055037724370025,-0.4489825417126878,0.6710851833535336,0.34348640237724437,-0.15751548001279903,0.5791543364941206,-0.7286446042222912,0.9256816956848227,0.5785319115599628,0.31681880596632184,-0.9784370823272972,1.2442108554692908,0.5752130479582295,-0.053688644394873475,0.2972368209847581,0.10555439416020707,-1.2338100238204377,0.04347421014375706,0.30689580752864587,-1.0813251644959412,0.249680925783365,-0.6220310654915487,0.35834833343335404,0.2183661704824779,-0.24136568240126383,-0.11494498850899447,-0.11322293340760087,-0.5407991700476433,0.9364259074856955,0.40232554409977755,-0.18524622316056932,-0.6865397765310775,0.898617416397977,0.21691734783878103,-0.7002107653712185,0.6035514144658202,-0.4786092683521235,-0.8731277758982695,-0.19644768177535243,-0.1290788365460603,-0.8576935925669484,0.2134775846933778,0.47194100421692425,0.28278081626278373,0.7086797426780529,-0.871276566194764,-0.2809177065013692,0.8604618392867709,1.0140177319067043,0.5436787440935914,-0.9891456026517613,-0.8047413867197963,-0.21006159440777555,-0.21000628238922245
-0.4913217985276751,0.9062268342025617,-0.6261959125508855,-0.6848416224004211,0.9700252005978046,-0.09115536995872697,0.3443955586376233,0.4416610727589755,0.04385217916203459,0.8894727753666921,-0.7945583377825548,0.18895299232508997,0.10873527014211738,0.5517864570614,0.24939069661118435,-0.6383694797144164,-0.6827920576019962,-0.4240800136005361,-0.7578641156429361,0.39359456098993,0.646857662318887,0.30228682483191316,0.7752273014406498,0.5654880272107984,-0.5911070242538576,0.3156312640569556,0.8104070841117053,-0.5392151718885132,0.8500302266660849,-0.5038813995779629,-0.8699804122616955,-0.04514982168439299,0.8397499529987359,-0.9238188482974581,-0.13014216472164467,0.17564094312609904,0.0749006059288782,-0.3086218882777692,0.4347977937090631,-0.9405007400724021,0.5534620311344323,-0.9035917246491674,-0.4385192177213535,0.9248135931304061,0.4660866101630056,0.7846873869134199,0.04051004188989708,0.17781551443682392,-0.7461708078934727,-0.9079219886131836,-0.46307544371318604,0.8556922573460808,0.6004345772231894,0.6555679660656173,0.15763077324972202,-0.7018729435499508,-1.133903090942421,0.709072513325575,-0.9352881541024999,-0.9979611142282876,-0.9989433884656123,-0.7467676803464702,0.6857728541894962,0.18690236961673273
1.270380417663598,0.28792398406039965,0.5978979370521498,-1.1684872699454043,1.1072634953801566,-0.5098741199246586,-1.1190903220447468,-0.8786971108369244,0.35902365398181774,-0.7665562953118871,-0.3309975324173878,-0.06204876767284631,1.0891275746500697,-0.04087964454282594,-0.23337340006164087,0.23001589536188805,0.45295630240427803,-0.8811996875595891,0.5247969550927801,0.0796239086990701,-0.09051859152101752,-0.2604061438417894,0.9230319616523746,-0.7862536437402439,-0.618932671112214,-0.6948116830646521,-0.729218010587337,0.039550974586614954,0.2184629965541965,-0.32059415481818554,0.7564808841472546,-0.07522098386070496,-0.547677308402232,-0.6036709419784041,-0.24256494038250948,-0.16506255457652166,-0.05519201012214817,0.6714808473283896,0.20412292369105794,-1.026438087281531,0.5455501660752973,0.2712365696337349,-0.39791772939870995,0.32539831523115503,-0.8036975125812548,0.5120940518172394,-0.4441020964375496,-0.26814586907565724,1.1027886301107066,0.11976357114738692,0.85595796584822,-0.8820522165131476,-0.5791162365202884,-0.7221329547976929,0.5307884531504254,-0.3097533467352865,0.3557842941959407,0.38172576401548974,0.20906626952727547,0.645150954866412,-0.1988808108093449,1.1131425635073628,-0.12018948579485567,-0.9062339816492849
